solid OpenSCAD_Model
  facet normal -0.649457 0.760398 0
    outer loop
      vertex 9.95564 6.84437 0
      vertex 9.69313 6.62016 1.8
      vertex 9.95564 6.84437 1.8
    endloop
  endfacet
  facet normal -0.649457 0.760398 0
    outer loop
      vertex 9.69313 6.62016 1.8
      vertex 9.95564 6.84437 0
      vertex 9.69313 6.62016 0
    endloop
  endfacet
  facet normal 0.923879 0.382685 0
    outer loop
      vertex 6.43979 7.40122 1.8
      vertex 6.30768 7.72016 0
      vertex 6.30768 7.72016 1.8
    endloop
  endfacet
  facet normal 0.923879 0.382685 0
    outer loop
      vertex 6.30768 7.72016 0
      vertex 6.43979 7.40122 1.8
      vertex 6.43979 7.40122 0
    endloop
  endfacet
  facet normal -0.972363 -0.233474 0
    outer loop
      vertex 10.5729 8.74416 0
      vertex 10.4923 9.07984 1.8
      vertex 10.4923 9.07984 0
    endloop
  endfacet
  facet normal -0.972363 -0.233474 0
    outer loop
      vertex 10.4923 9.07984 1.8
      vertex 10.5729 8.74416 0
      vertex 10.5729 8.74416 1.8
    endloop
  endfacet
  facet normal -0.233446 0.97237 0
    outer loop
      vertex 9.07984 6.30768 0
      vertex 8.74416 6.22709 1.8
      vertex 9.07984 6.30768 1.8
    endloop
  endfacet
  facet normal -0.233446 0.97237 0
    outer loop
      vertex 8.74416 6.22709 1.8
      vertex 9.07984 6.30768 0
      vertex 8.74416 6.22709 0
    endloop
  endfacet
  facet normal -0.76047 -0.649373 0
    outer loop
      vertex 10.1798 9.69313 0
      vertex 9.95564 9.95564 1.8
      vertex 9.95564 9.95564 0
    endloop
  endfacet
  facet normal -0.76047 -0.649373 0
    outer loop
      vertex 9.95564 9.95564 1.8
      vertex 10.1798 9.69313 0
      vertex 10.1798 9.69313 1.8
    endloop
  endfacet
  facet normal -0.760458 0.649387 0
    outer loop
      vertex 9.95564 6.84437 0
      vertex 10.1798 7.10687 1.8
      vertex 10.1798 7.10687 0
    endloop
  endfacet
  facet normal -0.760458 0.649387 0
    outer loop
      vertex 10.1798 7.10687 1.8
      vertex 9.95564 6.84437 0
      vertex 9.95564 6.84437 1.8
    endloop
  endfacet
  facet normal 0.649387 -0.760458 0
    outer loop
      vertex 6.84437 9.95564 0
      vertex 7.10687 10.1798 1.8
      vertex 6.84437 9.95564 1.8
    endloop
  endfacet
  facet normal 0.649387 -0.760458 0
    outer loop
      vertex 7.10687 10.1798 1.8
      vertex 6.84437 9.95564 0
      vertex 7.10687 10.1798 0
    endloop
  endfacet
  facet normal -0.0784707 0.996916 0
    outer loop
      vertex 8.74416 6.22709 0
      vertex 8.4 6.2 1.8
      vertex 8.74416 6.22709 1.8
    endloop
  endfacet
  facet normal -0.0784707 0.996916 0
    outer loop
      vertex 8.4 6.2 1.8
      vertex 8.74416 6.22709 0
      vertex 8.4 6.2 0
    endloop
  endfacet
  facet normal 0.996916 0.0784707 0
    outer loop
      vertex 6.22709 8.05584 1.8
      vertex 6.2 8.4 0
      vertex 6.2 8.4 1.8
    endloop
  endfacet
  facet normal 0.996916 0.0784707 0
    outer loop
      vertex 6.2 8.4 0
      vertex 6.22709 8.05584 1.8
      vertex 6.22709 8.05584 0
    endloop
  endfacet
  facet normal -0.382661 -0.923889 0
    outer loop
      vertex 9.07984 10.4923 0
      vertex 9.39878 10.3602 1.8
      vertex 9.07984 10.4923 1.8
    endloop
  endfacet
  facet normal -0.382661 -0.923889 -0
    outer loop
      vertex 9.39878 10.3602 1.8
      vertex 9.07984 10.4923 0
      vertex 9.39878 10.3602 0
    endloop
  endfacet
  facet normal -0.996914 -0.0784995 0
    outer loop
      vertex 10.6 8.4 0
      vertex 10.5729 8.74416 1.8
      vertex 10.5729 8.74416 0
    endloop
  endfacet
  facet normal -0.996914 -0.0784995 0
    outer loop
      vertex 10.5729 8.74416 1.8
      vertex 10.6 8.4 0
      vertex 10.6 8.4 1.8
    endloop
  endfacet
  facet normal 0.85265 0.522482 0
    outer loop
      vertex 6.62016 7.10687 1.8
      vertex 6.43979 7.40122 0
      vertex 6.43979 7.40122 1.8
    endloop
  endfacet
  facet normal 0.85265 0.522482 0
    outer loop
      vertex 6.43979 7.40122 0
      vertex 6.62016 7.10687 1.8
      vertex 6.62016 7.10687 0
    endloop
  endfacet
  facet normal 0.97237 0.233446 0
    outer loop
      vertex 6.30768 7.72016 1.8
      vertex 6.22709 8.05584 0
      vertex 6.22709 8.05584 1.8
    endloop
  endfacet
  facet normal 0.97237 0.233446 0
    outer loop
      vertex 6.22709 8.05584 0
      vertex 6.30768 7.72016 1.8
      vertex 6.30768 7.72016 0
    endloop
  endfacet
  facet normal -0.522545 -0.852612 0
    outer loop
      vertex 9.39878 10.3602 0
      vertex 9.69313 10.1798 1.8
      vertex 9.39878 10.3602 1.8
    endloop
  endfacet
  facet normal -0.522545 -0.852612 -0
    outer loop
      vertex 9.69313 10.1798 1.8
      vertex 9.39878 10.3602 0
      vertex 9.69313 10.1798 0
    endloop
  endfacet
  facet normal 0.0784995 -0.996914 0
    outer loop
      vertex 8.05584 10.5729 0
      vertex 8.4 10.6 1.8
      vertex 8.05584 10.5729 1.8
    endloop
  endfacet
  facet normal 0.0784995 -0.996914 0
    outer loop
      vertex 8.4 10.6 1.8
      vertex 8.05584 10.5729 0
      vertex 8.4 10.6 0
    endloop
  endfacet
  facet normal -0.923889 -0.382661 0
    outer loop
      vertex 10.4923 9.07984 0
      vertex 10.3602 9.39878 1.8
      vertex 10.3602 9.39878 0
    endloop
  endfacet
  facet normal -0.923889 -0.382661 0
    outer loop
      vertex 10.3602 9.39878 1.8
      vertex 10.4923 9.07984 0
      vertex 10.4923 9.07984 1.8
    endloop
  endfacet
  facet normal -0.852612 0.522545 0
    outer loop
      vertex 10.1798 7.10687 0
      vertex 10.3602 7.40122 1.8
      vertex 10.3602 7.40122 0
    endloop
  endfacet
  facet normal -0.852612 0.522545 0
    outer loop
      vertex 10.3602 7.40122 1.8
      vertex 10.1798 7.10687 0
      vertex 10.1798 7.10687 1.8
    endloop
  endfacet
  facet normal 0.382661 -0.923889 0
    outer loop
      vertex 7.40122 10.3602 0
      vertex 7.72016 10.4923 1.8
      vertex 7.40122 10.3602 1.8
    endloop
  endfacet
  facet normal 0.382661 -0.923889 0
    outer loop
      vertex 7.72016 10.4923 1.8
      vertex 7.40122 10.3602 0
      vertex 7.72016 10.4923 0
    endloop
  endfacet
  facet normal 0.522545 -0.852612 0
    outer loop
      vertex 7.10687 10.1798 0
      vertex 7.40122 10.3602 1.8
      vertex 7.10687 10.1798 1.8
    endloop
  endfacet
  facet normal 0.522545 -0.852612 0
    outer loop
      vertex 7.40122 10.3602 1.8
      vertex 7.10687 10.1798 0
      vertex 7.40122 10.3602 0
    endloop
  endfacet
  facet normal -0.233474 -0.972363 0
    outer loop
      vertex 8.74416 10.5729 0
      vertex 9.07984 10.4923 1.8
      vertex 8.74416 10.5729 1.8
    endloop
  endfacet
  facet normal -0.233474 -0.972363 -0
    outer loop
      vertex 9.07984 10.4923 1.8
      vertex 8.74416 10.5729 0
      vertex 9.07984 10.4923 0
    endloop
  endfacet
  facet normal 0.233446 0.97237 -0
    outer loop
      vertex 8.05584 6.22709 0
      vertex 7.72016 6.30768 1.8
      vertex 8.05584 6.22709 1.8
    endloop
  endfacet
  facet normal 0.233446 0.97237 0
    outer loop
      vertex 7.72016 6.30768 1.8
      vertex 8.05584 6.22709 0
      vertex 7.72016 6.30768 0
    endloop
  endfacet
  facet normal 0.649471 0.760386 -0
    outer loop
      vertex 7.10687 6.62016 0
      vertex 6.84437 6.84437 1.8
      vertex 7.10687 6.62016 1.8
    endloop
  endfacet
  facet normal 0.649471 0.760386 0
    outer loop
      vertex 6.84437 6.84437 1.8
      vertex 7.10687 6.62016 0
      vertex 6.84437 6.84437 0
    endloop
  endfacet
  facet normal -0.852612 -0.522545 0
    outer loop
      vertex 10.3602 9.39878 0
      vertex 10.1798 9.69313 1.8
      vertex 10.1798 9.69313 0
    endloop
  endfacet
  facet normal -0.852612 -0.522545 0
    outer loop
      vertex 10.1798 9.69313 1.8
      vertex 10.3602 9.39878 0
      vertex 10.3602 9.39878 1.8
    endloop
  endfacet
  facet normal -0.649373 -0.76047 0
    outer loop
      vertex 9.69313 10.1798 0
      vertex 9.95564 9.95564 1.8
      vertex 9.69313 10.1798 1.8
    endloop
  endfacet
  facet normal -0.649373 -0.76047 -0
    outer loop
      vertex 9.95564 9.95564 1.8
      vertex 9.69313 10.1798 0
      vertex 9.95564 9.95564 0
    endloop
  endfacet
  facet normal 0 0 -1
    outer loop
      vertex 9.5 8.4 1.8
      vertex 10.6 8.4 1.8
      vertex 10.5729 8.05584 1.8
    endloop
  endfacet
  facet normal 0 0 -1
    outer loop
      vertex 9.48646 8.22792 1.8
      vertex 10.5729 8.05584 1.8
      vertex 10.4923 7.72016 1.8
    endloop
  endfacet
  facet normal 0 0 -1
    outer loop
      vertex 10.6 8.4 1.8
      vertex 9.5 8.4 1.8
      vertex 10.5729 8.74416 1.8
    endloop
  endfacet
  facet normal 0 0 -1
    outer loop
      vertex 9.44616 8.06008 1.8
      vertex 10.4923 7.72016 1.8
      vertex 10.3602 7.40122 1.8
    endloop
  endfacet
  facet normal 0 0 -1
    outer loop
      vertex 9.48646 8.57208 1.8
      vertex 10.5729 8.74416 1.8
      vertex 9.5 8.4 1.8
    endloop
  endfacet
  facet normal 0 0 -1
    outer loop
      vertex 9.38011 7.90061 1.8
      vertex 10.3602 7.40122 1.8
      vertex 10.1798 7.10687 1.8
    endloop
  endfacet
  facet normal -0 0 -1
    outer loop
      vertex 10.5729 8.74416 1.8
      vertex 9.48646 8.57208 1.8
      vertex 10.4923 9.07984 1.8
    endloop
  endfacet
  facet normal 0 0 -1
    outer loop
      vertex 9.28992 7.75344 1.8
      vertex 10.1798 7.10687 1.8
      vertex 9.95564 6.84437 1.8
    endloop
  endfacet
  facet normal 0 0 -1
    outer loop
      vertex 9.44616 8.73992 1.8
      vertex 10.4923 9.07984 1.8
      vertex 9.48646 8.57208 1.8
    endloop
  endfacet
  facet normal 0 0 -1
    outer loop
      vertex 9.17782 7.62218 1.8
      vertex 9.95564 6.84437 1.8
      vertex 9.69313 6.62016 1.8
    endloop
  endfacet
  facet normal -0 0 -1
    outer loop
      vertex 10.4923 9.07984 1.8
      vertex 9.44616 8.73992 1.8
      vertex 10.3602 9.39878 1.8
    endloop
  endfacet
  facet normal 0 0 -1
    outer loop
      vertex 9.38011 8.89939 1.8
      vertex 10.3602 9.39878 1.8
      vertex 9.44616 8.73992 1.8
    endloop
  endfacet
  facet normal 0 0 -1
    outer loop
      vertex 10.5729 8.05584 1.8
      vertex 9.48646 8.22792 1.8
      vertex 9.5 8.4 1.8
    endloop
  endfacet
  facet normal 0 0 -1
    outer loop
      vertex 10.4923 7.72016 1.8
      vertex 9.44616 8.06008 1.8
      vertex 9.48646 8.22792 1.8
    endloop
  endfacet
  facet normal 0 0 -1
    outer loop
      vertex 9.04656 7.51008 1.8
      vertex 9.69313 6.62016 1.8
      vertex 9.39878 6.43979 1.8
    endloop
  endfacet
  facet normal 0 0 -1
    outer loop
      vertex 10.3602 7.40122 1.8
      vertex 9.38011 7.90061 1.8
      vertex 9.44616 8.06008 1.8
    endloop
  endfacet
  facet normal 0 0 -1
    outer loop
      vertex 10.1798 7.10687 1.8
      vertex 9.28992 7.75344 1.8
      vertex 9.38011 7.90061 1.8
    endloop
  endfacet
  facet normal 0 0 -1
    outer loop
      vertex 9.95564 6.84437 1.8
      vertex 9.17782 7.62218 1.8
      vertex 9.28992 7.75344 1.8
    endloop
  endfacet
  facet normal 0 0 -1
    outer loop
      vertex 8.89939 7.41989 1.8
      vertex 9.39878 6.43979 1.8
      vertex 9.07984 6.30768 1.8
    endloop
  endfacet
  facet normal 0 0 -1
    outer loop
      vertex 9.69313 6.62016 1.8
      vertex 9.04656 7.51008 1.8
      vertex 9.17782 7.62218 1.8
    endloop
  endfacet
  facet normal 0 0 -1
    outer loop
      vertex 9.39878 6.43979 1.8
      vertex 8.89939 7.41989 1.8
      vertex 9.04656 7.51008 1.8
    endloop
  endfacet
  facet normal 0 0 -1
    outer loop
      vertex 8.73992 7.35384 1.8
      vertex 9.07984 6.30768 1.8
      vertex 8.74416 6.22709 1.8
    endloop
  endfacet
  facet normal 0 0 -1
    outer loop
      vertex 9.07984 6.30768 1.8
      vertex 8.73992 7.35384 1.8
      vertex 8.89939 7.41989 1.8
    endloop
  endfacet
  facet normal 0 0 -1
    outer loop
      vertex 8.74416 6.22709 1.8
      vertex 8.57208 7.31354 1.8
      vertex 8.73992 7.35384 1.8
    endloop
  endfacet
  facet normal 0 0 -1
    outer loop
      vertex 8.4 6.2 1.8
      vertex 8.57208 7.31354 1.8
      vertex 8.74416 6.22709 1.8
    endloop
  endfacet
  facet normal 0 0 -1
    outer loop
      vertex 8.4 6.2 1.8
      vertex 8.4 7.3 1.8
      vertex 8.57208 7.31354 1.8
    endloop
  endfacet
  facet normal 0 0 -1
    outer loop
      vertex 8.4 6.2 1.8
      vertex 8.22792 7.31354 1.8
      vertex 8.4 7.3 1.8
    endloop
  endfacet
  facet normal 0 0 -1
    outer loop
      vertex 8.05584 6.22709 1.8
      vertex 8.22792 7.31354 1.8
      vertex 8.4 6.2 1.8
    endloop
  endfacet
  facet normal -0 0 -1
    outer loop
      vertex 8.22792 7.31354 1.8
      vertex 8.05584 6.22709 1.8
      vertex 8.06008 7.35384 1.8
    endloop
  endfacet
  facet normal 0 0 -1
    outer loop
      vertex 7.72016 6.30768 1.8
      vertex 8.06008 7.35384 1.8
      vertex 8.05584 6.22709 1.8
    endloop
  endfacet
  facet normal -0 0 -1
    outer loop
      vertex 8.06008 7.35384 1.8
      vertex 7.72016 6.30768 1.8
      vertex 7.90061 7.41989 1.8
    endloop
  endfacet
  facet normal 0 0 -1
    outer loop
      vertex 7.40122 6.43979 1.8
      vertex 7.90061 7.41989 1.8
      vertex 7.72016 6.30768 1.8
    endloop
  endfacet
  facet normal -0 0 -1
    outer loop
      vertex 7.90061 7.41989 1.8
      vertex 7.40122 6.43979 1.8
      vertex 7.75344 7.51008 1.8
    endloop
  endfacet
  facet normal 0 0 -1
    outer loop
      vertex 7.10687 6.62016 1.8
      vertex 7.75344 7.51008 1.8
      vertex 7.40122 6.43979 1.8
    endloop
  endfacet
  facet normal -0 0 -1
    outer loop
      vertex 7.75344 7.51008 1.8
      vertex 7.10687 6.62016 1.8
      vertex 7.62218 7.62218 1.8
    endloop
  endfacet
  facet normal 0 0 -1
    outer loop
      vertex 6.84437 6.84437 1.8
      vertex 7.62218 7.62218 1.8
      vertex 7.10687 6.62016 1.8
    endloop
  endfacet
  facet normal -0 0 -1
    outer loop
      vertex 7.62218 7.62218 1.8
      vertex 6.84437 6.84437 1.8
      vertex 7.51008 7.75344 1.8
    endloop
  endfacet
  facet normal 0 0 -1
    outer loop
      vertex 6.62016 7.10687 1.8
      vertex 7.51008 7.75344 1.8
      vertex 6.84437 6.84437 1.8
    endloop
  endfacet
  facet normal -0 0 -1
    outer loop
      vertex 7.51008 7.75344 1.8
      vertex 6.62016 7.10687 1.8
      vertex 7.41989 7.90061 1.8
    endloop
  endfacet
  facet normal 0 0 -1
    outer loop
      vertex 6.43979 7.40122 1.8
      vertex 7.41989 7.90061 1.8
      vertex 6.62016 7.10687 1.8
    endloop
  endfacet
  facet normal -0 0 -1
    outer loop
      vertex 10.3602 9.39878 1.8
      vertex 9.38011 8.89939 1.8
      vertex 10.1798 9.69313 1.8
    endloop
  endfacet
  facet normal 0 0 -1
    outer loop
      vertex 9.28992 9.04656 1.8
      vertex 10.1798 9.69313 1.8
      vertex 9.38011 8.89939 1.8
    endloop
  endfacet
  facet normal -0 0 -1
    outer loop
      vertex 10.1798 9.69313 1.8
      vertex 9.28992 9.04656 1.8
      vertex 9.95564 9.95564 1.8
    endloop
  endfacet
  facet normal 0 0 -1
    outer loop
      vertex 9.17782 9.17782 1.8
      vertex 9.95564 9.95564 1.8
      vertex 9.28992 9.04656 1.8
    endloop
  endfacet
  facet normal -0 0 -1
    outer loop
      vertex 9.95564 9.95564 1.8
      vertex 9.17782 9.17782 1.8
      vertex 9.69313 10.1798 1.8
    endloop
  endfacet
  facet normal 0 0 -1
    outer loop
      vertex 9.04656 9.28992 1.8
      vertex 9.69313 10.1798 1.8
      vertex 9.17782 9.17782 1.8
    endloop
  endfacet
  facet normal -0 0 -1
    outer loop
      vertex 9.69313 10.1798 1.8
      vertex 9.04656 9.28992 1.8
      vertex 9.39878 10.3602 1.8
    endloop
  endfacet
  facet normal 0 0 -1
    outer loop
      vertex 8.89939 9.38011 1.8
      vertex 9.39878 10.3602 1.8
      vertex 9.04656 9.28992 1.8
    endloop
  endfacet
  facet normal -0 0 -1
    outer loop
      vertex 9.39878 10.3602 1.8
      vertex 8.89939 9.38011 1.8
      vertex 9.07984 10.4923 1.8
    endloop
  endfacet
  facet normal 0 0 -1
    outer loop
      vertex 8.73992 9.44616 1.8
      vertex 9.07984 10.4923 1.8
      vertex 8.89939 9.38011 1.8
    endloop
  endfacet
  facet normal -0 0 -1
    outer loop
      vertex 9.07984 10.4923 1.8
      vertex 8.73992 9.44616 1.8
      vertex 8.74416 10.5729 1.8
    endloop
  endfacet
  facet normal 0 0 -1
    outer loop
      vertex 8.57208 9.48646 1.8
      vertex 8.74416 10.5729 1.8
      vertex 8.73992 9.44616 1.8
    endloop
  endfacet
  facet normal 0 0 -1
    outer loop
      vertex 8.4 9.5 1.8
      vertex 8.74416 10.5729 1.8
      vertex 8.57208 9.48646 1.8
    endloop
  endfacet
  facet normal 0 0 -1
    outer loop
      vertex 8.4 9.5 1.8
      vertex 8.4 10.6 1.8
      vertex 8.74416 10.5729 1.8
    endloop
  endfacet
  facet normal 0 0 -1
    outer loop
      vertex 8.22792 9.48646 1.8
      vertex 8.4 10.6 1.8
      vertex 8.4 9.5 1.8
    endloop
  endfacet
  facet normal 0 0 -1
    outer loop
      vertex 8.05584 10.5729 1.8
      vertex 8.22792 9.48646 1.8
      vertex 8.06008 9.44616 1.8
    endloop
  endfacet
  facet normal 0 0 -1
    outer loop
      vertex 8.22792 9.48646 1.8
      vertex 8.05584 10.5729 1.8
      vertex 8.4 10.6 1.8
    endloop
  endfacet
  facet normal 0 0 -1
    outer loop
      vertex 7.72016 10.4923 1.8
      vertex 8.06008 9.44616 1.8
      vertex 7.90061 9.38011 1.8
    endloop
  endfacet
  facet normal 0 0 -1
    outer loop
      vertex 7.40122 10.3602 1.8
      vertex 7.90061 9.38011 1.8
      vertex 7.75344 9.28992 1.8
    endloop
  endfacet
  facet normal 0 0 -1
    outer loop
      vertex 8.06008 9.44616 1.8
      vertex 7.72016 10.4923 1.8
      vertex 8.05584 10.5729 1.8
    endloop
  endfacet
  facet normal 0 0 -1
    outer loop
      vertex 7.10687 10.1798 1.8
      vertex 7.75344 9.28992 1.8
      vertex 7.62218 9.17782 1.8
    endloop
  endfacet
  facet normal 0 0 -1
    outer loop
      vertex 6.84437 9.95564 1.8
      vertex 7.62218 9.17782 1.8
      vertex 7.51008 9.04656 1.8
    endloop
  endfacet
  facet normal 0 0 -1
    outer loop
      vertex 6.62016 9.69313 1.8
      vertex 7.51008 9.04656 1.8
      vertex 7.41989 8.89939 1.8
    endloop
  endfacet
  facet normal 0 0 -1
    outer loop
      vertex 7.90061 9.38011 1.8
      vertex 7.40122 10.3602 1.8
      vertex 7.72016 10.4923 1.8
    endloop
  endfacet
  facet normal 0 0 -1
    outer loop
      vertex 6.43979 9.39878 1.8
      vertex 7.41989 8.89939 1.8
      vertex 7.35384 8.73992 1.8
    endloop
  endfacet
  facet normal 0 0 -1
    outer loop
      vertex 6.30768 9.07984 1.8
      vertex 7.35384 8.73992 1.8
      vertex 7.31354 8.57208 1.8
    endloop
  endfacet
  facet normal 0 0 -1
    outer loop
      vertex 6.22709 8.74416 1.8
      vertex 7.31354 8.57208 1.8
      vertex 7.3 8.4 1.8
    endloop
  endfacet
  facet normal -0 0 -1
    outer loop
      vertex 7.41989 7.90061 1.8
      vertex 6.43979 7.40122 1.8
      vertex 7.35384 8.06008 1.8
    endloop
  endfacet
  facet normal 0 0 -1
    outer loop
      vertex 7.75344 9.28992 1.8
      vertex 7.10687 10.1798 1.8
      vertex 7.40122 10.3602 1.8
    endloop
  endfacet
  facet normal 0 0 -1
    outer loop
      vertex 6.30768 7.72016 1.8
      vertex 7.35384 8.06008 1.8
      vertex 6.43979 7.40122 1.8
    endloop
  endfacet
  facet normal 0 0 -1
    outer loop
      vertex 7.62218 9.17782 1.8
      vertex 6.84437 9.95564 1.8
      vertex 7.10687 10.1798 1.8
    endloop
  endfacet
  facet normal -0 0 -1
    outer loop
      vertex 7.35384 8.06008 1.8
      vertex 6.30768 7.72016 1.8
      vertex 7.31354 8.22792 1.8
    endloop
  endfacet
  facet normal 0 0 -1
    outer loop
      vertex 7.51008 9.04656 1.8
      vertex 6.62016 9.69313 1.8
      vertex 6.84437 9.95564 1.8
    endloop
  endfacet
  facet normal 0 0 -1
    outer loop
      vertex 6.22709 8.05584 1.8
      vertex 7.31354 8.22792 1.8
      vertex 6.30768 7.72016 1.8
    endloop
  endfacet
  facet normal 0 0 -1
    outer loop
      vertex 7.41989 8.89939 1.8
      vertex 6.43979 9.39878 1.8
      vertex 6.62016 9.69313 1.8
    endloop
  endfacet
  facet normal -0 0 -1
    outer loop
      vertex 7.31354 8.22792 1.8
      vertex 6.22709 8.05584 1.8
      vertex 7.3 8.4 1.8
    endloop
  endfacet
  facet normal 0 0 -1
    outer loop
      vertex 7.35384 8.73992 1.8
      vertex 6.30768 9.07984 1.8
      vertex 6.43979 9.39878 1.8
    endloop
  endfacet
  facet normal 0 0 -1
    outer loop
      vertex 6.2 8.4 1.8
      vertex 7.3 8.4 1.8
      vertex 6.22709 8.05584 1.8
    endloop
  endfacet
  facet normal 0 0 -1
    outer loop
      vertex 7.31354 8.57208 1.8
      vertex 6.22709 8.74416 1.8
      vertex 6.30768 9.07984 1.8
    endloop
  endfacet
  facet normal 0 0 -1
    outer loop
      vertex 7.3 8.4 1.8
      vertex 6.2 8.4 1.8
      vertex 6.22709 8.74416 1.8
    endloop
  endfacet
  facet normal 0.97237 -0.233446 0
    outer loop
      vertex 6.22709 8.74416 1.8
      vertex 6.30768 9.07984 0
      vertex 6.30768 9.07984 1.8
    endloop
  endfacet
  facet normal 0.97237 -0.233446 0
    outer loop
      vertex 6.30768 9.07984 0
      vertex 6.22709 8.74416 1.8
      vertex 6.22709 8.74416 0
    endloop
  endfacet
  facet normal 0.760398 -0.649457 0
    outer loop
      vertex 6.62016 9.69313 1.8
      vertex 6.84437 9.95564 0
      vertex 6.84437 9.95564 1.8
    endloop
  endfacet
  facet normal 0.760398 -0.649457 0
    outer loop
      vertex 6.84437 9.95564 0
      vertex 6.62016 9.69313 1.8
      vertex 6.62016 9.69313 0
    endloop
  endfacet
  facet normal 0.996916 -0.0784707 0
    outer loop
      vertex 6.2 8.4 1.8
      vertex 6.22709 8.74416 0
      vertex 6.22709 8.74416 1.8
    endloop
  endfacet
  facet normal 0.996916 -0.0784707 0
    outer loop
      vertex 6.22709 8.74416 0
      vertex 6.2 8.4 1.8
      vertex 6.2 8.4 0
    endloop
  endfacet
  facet normal 0.233474 -0.972363 0
    outer loop
      vertex 7.72016 10.4923 0
      vertex 8.05584 10.5729 1.8
      vertex 7.72016 10.4923 1.8
    endloop
  endfacet
  facet normal 0.233474 -0.972363 0
    outer loop
      vertex 8.05584 10.5729 1.8
      vertex 7.72016 10.4923 0
      vertex 8.05584 10.5729 0
    endloop
  endfacet
  facet normal -0.382685 0.923879 0
    outer loop
      vertex 9.39878 6.43979 0
      vertex 9.07984 6.30768 1.8
      vertex 9.39878 6.43979 1.8
    endloop
  endfacet
  facet normal -0.382685 0.923879 0
    outer loop
      vertex 9.07984 6.30768 1.8
      vertex 9.39878 6.43979 0
      vertex 9.07984 6.30768 0
    endloop
  endfacet
  facet normal 0.760386 0.649471 0
    outer loop
      vertex 6.84437 6.84437 1.8
      vertex 6.62016 7.10687 0
      vertex 6.62016 7.10687 1.8
    endloop
  endfacet
  facet normal 0.760386 0.649471 0
    outer loop
      vertex 6.62016 7.10687 0
      vertex 6.84437 6.84437 1.8
      vertex 6.84437 6.84437 0
    endloop
  endfacet
  facet normal -0.996914 0.0784995 0
    outer loop
      vertex 10.5729 8.05584 0
      vertex 10.6 8.4 1.8
      vertex 10.6 8.4 0
    endloop
  endfacet
  facet normal -0.996914 0.0784995 0
    outer loop
      vertex 10.6 8.4 1.8
      vertex 10.5729 8.05584 0
      vertex 10.5729 8.05584 1.8
    endloop
  endfacet
  facet normal 0.85265 -0.522482 0
    outer loop
      vertex 6.43979 9.39878 1.8
      vertex 6.62016 9.69313 0
      vertex 6.62016 9.69313 1.8
    endloop
  endfacet
  facet normal 0.85265 -0.522482 0
    outer loop
      vertex 6.62016 9.69313 0
      vertex 6.43979 9.39878 1.8
      vertex 6.43979 9.39878 0
    endloop
  endfacet
  facet normal -0.972363 0.233474 0
    outer loop
      vertex 10.4923 7.72016 0
      vertex 10.5729 8.05584 1.8
      vertex 10.5729 8.05584 0
    endloop
  endfacet
  facet normal -0.972363 0.233474 0
    outer loop
      vertex 10.5729 8.05584 1.8
      vertex 10.4923 7.72016 0
      vertex 10.4923 7.72016 1.8
    endloop
  endfacet
  facet normal 0.522482 0.85265 -0
    outer loop
      vertex 7.40122 6.43979 0
      vertex 7.10687 6.62016 1.8
      vertex 7.40122 6.43979 1.8
    endloop
  endfacet
  facet normal 0.522482 0.85265 0
    outer loop
      vertex 7.10687 6.62016 1.8
      vertex 7.40122 6.43979 0
      vertex 7.10687 6.62016 0
    endloop
  endfacet
  facet normal -0.923889 0.382661 0
    outer loop
      vertex 10.3602 7.40122 0
      vertex 10.4923 7.72016 1.8
      vertex 10.4923 7.72016 0
    endloop
  endfacet
  facet normal -0.923889 0.382661 0
    outer loop
      vertex 10.4923 7.72016 1.8
      vertex 10.3602 7.40122 0
      vertex 10.3602 7.40122 1.8
    endloop
  endfacet
  facet normal -0.0784995 -0.996914 0
    outer loop
      vertex 8.4 10.6 0
      vertex 8.74416 10.5729 1.8
      vertex 8.4 10.6 1.8
    endloop
  endfacet
  facet normal -0.0784995 -0.996914 -0
    outer loop
      vertex 8.74416 10.5729 1.8
      vertex 8.4 10.6 0
      vertex 8.74416 10.5729 0
    endloop
  endfacet
  facet normal 0.382685 0.923879 -0
    outer loop
      vertex 7.72016 6.30768 0
      vertex 7.40122 6.43979 1.8
      vertex 7.72016 6.30768 1.8
    endloop
  endfacet
  facet normal 0.382685 0.923879 0
    outer loop
      vertex 7.40122 6.43979 1.8
      vertex 7.72016 6.30768 0
      vertex 7.40122 6.43979 0
    endloop
  endfacet
  facet normal 0.923879 -0.382685 0
    outer loop
      vertex 6.30768 9.07984 1.8
      vertex 6.43979 9.39878 0
      vertex 6.43979 9.39878 1.8
    endloop
  endfacet
  facet normal 0.923879 -0.382685 0
    outer loop
      vertex 6.43979 9.39878 0
      vertex 6.30768 9.07984 1.8
      vertex 6.30768 9.07984 0
    endloop
  endfacet
  facet normal 0.0784707 0.996916 -0
    outer loop
      vertex 8.4 6.2 0
      vertex 8.05584 6.22709 1.8
      vertex 8.4 6.2 1.8
    endloop
  endfacet
  facet normal 0.0784707 0.996916 0
    outer loop
      vertex 8.05584 6.22709 1.8
      vertex 8.4 6.2 0
      vertex 8.05584 6.22709 0
    endloop
  endfacet
  facet normal -0.522482 0.85265 0
    outer loop
      vertex 9.69313 6.62016 0
      vertex 9.39878 6.43979 1.8
      vertex 9.69313 6.62016 1.8
    endloop
  endfacet
  facet normal -0.522482 0.85265 0
    outer loop
      vertex 9.39878 6.43979 1.8
      vertex 9.69313 6.62016 0
      vertex 9.39878 6.43979 0
    endloop
  endfacet
  facet normal 0.972363 -0.233474 0
    outer loop
      vertex 7.31354 8.57208 2
      vertex 7.35384 8.73992 1.8
      vertex 7.35384 8.73992 2
    endloop
  endfacet
  facet normal 0.972363 -0.233474 0
    outer loop
      vertex 7.35384 8.73992 1.8
      vertex 7.31354 8.57208 2
      vertex 7.31354 8.57208 1.8
    endloop
  endfacet
  facet normal -0.972363 -0.233474 0
    outer loop
      vertex 9.48646 8.57208 1.8
      vertex 9.44616 8.73992 2
      vertex 9.44616 8.73992 1.8
    endloop
  endfacet
  facet normal -0.972363 -0.233474 0
    outer loop
      vertex 9.44616 8.73992 2
      vertex 9.48646 8.57208 1.8
      vertex 9.48646 8.57208 2
    endloop
  endfacet
  facet normal -0.996919 -0.0784419 0
    outer loop
      vertex 9.5 8.4 1.8
      vertex 9.48646 8.57208 2
      vertex 9.48646 8.57208 1.8
    endloop
  endfacet
  facet normal -0.996919 -0.0784419 0
    outer loop
      vertex 9.48646 8.57208 2
      vertex 9.5 8.4 1.8
      vertex 9.5 8.4 2
    endloop
  endfacet
  facet normal 0.382661 -0.923889 0
    outer loop
      vertex 7.90061 9.38011 1.8
      vertex 8.06008 9.44616 2
      vertex 7.90061 9.38011 2
    endloop
  endfacet
  facet normal 0.382661 -0.923889 0
    outer loop
      vertex 8.06008 9.44616 2
      vertex 7.90061 9.38011 1.8
      vertex 8.06008 9.44616 1.8
    endloop
  endfacet
  facet normal -0.522516 0.85263 0
    outer loop
      vertex 9.04656 7.51008 1.8
      vertex 8.89939 7.41989 2
      vertex 9.04656 7.51008 2
    endloop
  endfacet
  facet normal -0.522516 0.85263 0
    outer loop
      vertex 8.89939 7.41989 2
      vertex 9.04656 7.51008 1.8
      vertex 8.89939 7.41989 1.8
    endloop
  endfacet
  facet normal 0.233474 0.972363 -0
    outer loop
      vertex 8.22792 7.31354 2
      vertex 8.06008 7.35384 2.2
      vertex 8.22792 7.31354 2.2
    endloop
  endfacet
  facet normal 0.233474 0.972363 0
    outer loop
      vertex 8.22792 7.31354 2
      vertex 8.06008 7.35384 2
      vertex 8.06008 7.35384 2.2
    endloop
  endfacet
  facet normal 0.233474 0.972363 -0
    outer loop
      vertex 8.22792 7.31354 1.8
      vertex 8.06008 7.35384 2
      vertex 8.22792 7.31354 2
    endloop
  endfacet
  facet normal 0.233474 0.972363 0
    outer loop
      vertex 8.06008 7.35384 2
      vertex 8.22792 7.31354 1.8
      vertex 8.06008 7.35384 1.8
    endloop
  endfacet
  facet normal 0.0784419 0.996919 -0
    outer loop
      vertex 8.4 7.3 2
      vertex 8.22792 7.31354 2.2
      vertex 8.4 7.3 2.2
    endloop
  endfacet
  facet normal 0.0784419 0.996919 0
    outer loop
      vertex 8.4 7.3 2
      vertex 8.22792 7.31354 2
      vertex 8.22792 7.31354 2.2
    endloop
  endfacet
  facet normal 0.0784419 0.996919 -0
    outer loop
      vertex 8.4 7.3 1.8
      vertex 8.22792 7.31354 2
      vertex 8.4 7.3 2
    endloop
  endfacet
  facet normal 0.0784419 0.996919 0
    outer loop
      vertex 8.22792 7.31354 2
      vertex 8.4 7.3 1.8
      vertex 8.22792 7.31354 1.8
    endloop
  endfacet
  facet normal 0.382661 0.923889 -0
    outer loop
      vertex 8.06008 7.35384 2
      vertex 7.90061 7.41989 2.2
      vertex 8.06008 7.35384 2.2
    endloop
  endfacet
  facet normal 0.382661 0.923889 0
    outer loop
      vertex 8.06008 7.35384 2
      vertex 7.90061 7.41989 2
      vertex 7.90061 7.41989 2.2
    endloop
  endfacet
  facet normal 0.382661 0.923889 -0
    outer loop
      vertex 8.06008 7.35384 1.8
      vertex 7.90061 7.41989 2
      vertex 8.06008 7.35384 2
    endloop
  endfacet
  facet normal 0.382661 0.923889 0
    outer loop
      vertex 7.90061 7.41989 2
      vertex 8.06008 7.35384 1.8
      vertex 7.90061 7.41989 1.8
    endloop
  endfacet
  facet normal -0.382661 0.923889 0
    outer loop
      vertex 8.89939 7.41989 1.8
      vertex 8.73992 7.35384 2
      vertex 8.89939 7.41989 2
    endloop
  endfacet
  facet normal -0.382661 0.923889 0
    outer loop
      vertex 8.73992 7.35384 2
      vertex 8.89939 7.41989 1.8
      vertex 8.73992 7.35384 1.8
    endloop
  endfacet
  facet normal 0.233474 -0.972363 0
    outer loop
      vertex 8.06008 9.44616 1.8
      vertex 8.22792 9.48646 2
      vertex 8.06008 9.44616 2
    endloop
  endfacet
  facet normal 0.233474 -0.972363 0
    outer loop
      vertex 8.22792 9.48646 2
      vertex 8.06008 9.44616 1.8
      vertex 8.22792 9.48646 1.8
    endloop
  endfacet
  facet normal -0.233474 -0.972363 0
    outer loop
      vertex 8.57208 9.48646 1.8
      vertex 8.73992 9.44616 2
      vertex 8.57208 9.48646 2
    endloop
  endfacet
  facet normal -0.233474 -0.972363 -0
    outer loop
      vertex 8.73992 9.44616 2
      vertex 8.57208 9.48646 1.8
      vertex 8.73992 9.44616 1.8
    endloop
  endfacet
  facet normal 0.85263 0.522516 0
    outer loop
      vertex 7.51008 7.75344 2
      vertex 7.41989 7.90061 2
      vertex 7.41989 7.90061 2.2
    endloop
  endfacet
  facet normal 0.85263 0.522516 -0
    outer loop
      vertex 7.51008 7.75344 2
      vertex 7.41989 7.90061 2.2
      vertex 7.51008 7.75344 2.2
    endloop
  endfacet
  facet normal 0.85263 0.522516 0
    outer loop
      vertex 7.41989 7.90061 2
      vertex 7.51008 7.75344 2
      vertex 7.41989 7.90061 1.8
    endloop
  endfacet
  facet normal 0.85263 0.522516 0
    outer loop
      vertex 7.41989 7.90061 1.8
      vertex 7.51008 7.75344 2
      vertex 7.51008 7.75344 1.8
    endloop
  endfacet
  facet normal -0.996919 0.0784419 0
    outer loop
      vertex 9.48646 8.22792 1.8
      vertex 9.5 8.4 2
      vertex 9.5 8.4 1.8
    endloop
  endfacet
  facet normal -0.996919 0.0784419 0
    outer loop
      vertex 9.5 8.4 2
      vertex 9.48646 8.22792 1.8
      vertex 9.48646 8.22792 2
    endloop
  endfacet
  facet normal 0.649426 0.760425 -0
    outer loop
      vertex 7.75344 7.51008 2
      vertex 7.62218 7.62218 2.2
      vertex 7.75344 7.51008 2.2
    endloop
  endfacet
  facet normal 0.649426 0.760425 0
    outer loop
      vertex 7.75344 7.51008 2
      vertex 7.62218 7.62218 2
      vertex 7.62218 7.62218 2.2
    endloop
  endfacet
  facet normal 0.649426 0.760425 -0
    outer loop
      vertex 7.75344 7.51008 1.8
      vertex 7.62218 7.62218 2
      vertex 7.75344 7.51008 2
    endloop
  endfacet
  facet normal 0.649426 0.760425 0
    outer loop
      vertex 7.62218 7.62218 2
      vertex 7.75344 7.51008 1.8
      vertex 7.62218 7.62218 1.8
    endloop
  endfacet
  facet normal 0.972363 0.233474 0
    outer loop
      vertex 7.35384 8.06008 2
      vertex 7.31354 8.22792 2
      vertex 7.31354 8.22792 2.2
    endloop
  endfacet
  facet normal 0.972363 0.233474 -0
    outer loop
      vertex 7.35384 8.06008 2
      vertex 7.31354 8.22792 2.2
      vertex 7.35384 8.06008 2.2
    endloop
  endfacet
  facet normal 0.972363 0.233474 0
    outer loop
      vertex 7.31354 8.22792 2
      vertex 7.35384 8.06008 2
      vertex 7.31354 8.22792 1.8
    endloop
  endfacet
  facet normal 0.972363 0.233474 0
    outer loop
      vertex 7.31354 8.22792 1.8
      vertex 7.35384 8.06008 2
      vertex 7.35384 8.06008 1.8
    endloop
  endfacet
  facet normal 0.760425 -0.649426 0
    outer loop
      vertex 7.51008 9.04656 2
      vertex 7.62218 9.17782 1.8
      vertex 7.62218 9.17782 2
    endloop
  endfacet
  facet normal 0.760425 -0.649426 0
    outer loop
      vertex 7.62218 9.17782 1.8
      vertex 7.51008 9.04656 2
      vertex 7.51008 9.04656 1.8
    endloop
  endfacet
  facet normal -0.649426 0.760425 0
    outer loop
      vertex 9.17782 7.62218 1.8
      vertex 9.04656 7.51008 2
      vertex 9.17782 7.62218 2
    endloop
  endfacet
  facet normal -0.649426 0.760425 0
    outer loop
      vertex 9.04656 7.51008 2
      vertex 9.17782 7.62218 1.8
      vertex 9.04656 7.51008 1.8
    endloop
  endfacet
  facet normal -0.923889 0.382661 0
    outer loop
      vertex 9.38011 7.90061 1.8
      vertex 9.44616 8.06008 2
      vertex 9.44616 8.06008 1.8
    endloop
  endfacet
  facet normal -0.923889 0.382661 0
    outer loop
      vertex 9.44616 8.06008 2
      vertex 9.38011 7.90061 1.8
      vertex 9.38011 7.90061 2
    endloop
  endfacet
  facet normal 0.760425 0.649426 0
    outer loop
      vertex 7.62218 7.62218 2
      vertex 7.51008 7.75344 2
      vertex 7.51008 7.75344 2.2
    endloop
  endfacet
  facet normal 0.760425 0.649426 -0
    outer loop
      vertex 7.62218 7.62218 2
      vertex 7.51008 7.75344 2.2
      vertex 7.62218 7.62218 2.2
    endloop
  endfacet
  facet normal 0.760425 0.649426 0
    outer loop
      vertex 7.51008 7.75344 2
      vertex 7.62218 7.62218 2
      vertex 7.51008 7.75344 1.8
    endloop
  endfacet
  facet normal 0.760425 0.649426 0
    outer loop
      vertex 7.51008 7.75344 1.8
      vertex 7.62218 7.62218 2
      vertex 7.62218 7.62218 1.8
    endloop
  endfacet
  facet normal 0.649426 -0.760425 0
    outer loop
      vertex 7.62218 9.17782 1.8
      vertex 7.75344 9.28992 2
      vertex 7.62218 9.17782 2
    endloop
  endfacet
  facet normal 0.649426 -0.760425 0
    outer loop
      vertex 7.75344 9.28992 2
      vertex 7.62218 9.17782 1.8
      vertex 7.75344 9.28992 1.8
    endloop
  endfacet
  facet normal -0.85263 0.522516 0
    outer loop
      vertex 9.28992 7.75344 1.8
      vertex 9.38011 7.90061 2
      vertex 9.38011 7.90061 1.8
    endloop
  endfacet
  facet normal -0.85263 0.522516 0
    outer loop
      vertex 9.38011 7.90061 2
      vertex 9.28992 7.75344 1.8
      vertex 9.28992 7.75344 2
    endloop
  endfacet
  facet normal -0.760425 -0.649426 0
    outer loop
      vertex 9.28992 9.04656 1.8
      vertex 9.17782 9.17782 2
      vertex 9.17782 9.17782 1.8
    endloop
  endfacet
  facet normal -0.760425 -0.649426 0
    outer loop
      vertex 9.17782 9.17782 2
      vertex 9.28992 9.04656 1.8
      vertex 9.28992 9.04656 2
    endloop
  endfacet
  facet normal -0.233474 0.972363 0
    outer loop
      vertex 8.73992 7.35384 1.8
      vertex 8.57208 7.31354 2
      vertex 8.73992 7.35384 2
    endloop
  endfacet
  facet normal -0.233474 0.972363 0
    outer loop
      vertex 8.57208 7.31354 2
      vertex 8.73992 7.35384 1.8
      vertex 8.57208 7.31354 1.8
    endloop
  endfacet
  facet normal 0.923889 0.382661 0
    outer loop
      vertex 7.41989 7.90061 2
      vertex 7.35384 8.06008 2
      vertex 7.35384 8.06008 2.2
    endloop
  endfacet
  facet normal 0.923889 0.382661 -0
    outer loop
      vertex 7.41989 7.90061 2
      vertex 7.35384 8.06008 2.2
      vertex 7.41989 7.90061 2.2
    endloop
  endfacet
  facet normal 0.923889 0.382661 0
    outer loop
      vertex 7.35384 8.06008 2
      vertex 7.41989 7.90061 2
      vertex 7.35384 8.06008 1.8
    endloop
  endfacet
  facet normal 0.923889 0.382661 0
    outer loop
      vertex 7.35384 8.06008 1.8
      vertex 7.41989 7.90061 2
      vertex 7.41989 7.90061 1.8
    endloop
  endfacet
  facet normal -0.923889 -0.382661 0
    outer loop
      vertex 9.44616 8.73992 1.8
      vertex 9.38011 8.89939 2
      vertex 9.38011 8.89939 1.8
    endloop
  endfacet
  facet normal -0.923889 -0.382661 0
    outer loop
      vertex 9.38011 8.89939 2
      vertex 9.44616 8.73992 1.8
      vertex 9.44616 8.73992 2
    endloop
  endfacet
  facet normal 0.85263 -0.522516 0
    outer loop
      vertex 7.41989 8.89939 2
      vertex 7.51008 9.04656 1.8
      vertex 7.51008 9.04656 2
    endloop
  endfacet
  facet normal 0.85263 -0.522516 0
    outer loop
      vertex 7.51008 9.04656 1.8
      vertex 7.41989 8.89939 2
      vertex 7.41989 8.89939 1.8
    endloop
  endfacet
  facet normal -0.972363 0.233474 0
    outer loop
      vertex 9.44616 8.06008 1.8
      vertex 9.48646 8.22792 2
      vertex 9.48646 8.22792 1.8
    endloop
  endfacet
  facet normal -0.972363 0.233474 0
    outer loop
      vertex 9.48646 8.22792 2
      vertex 9.44616 8.06008 1.8
      vertex 9.44616 8.06008 2
    endloop
  endfacet
  facet normal -0.382661 -0.923889 0
    outer loop
      vertex 8.73992 9.44616 1.8
      vertex 8.89939 9.38011 2
      vertex 8.73992 9.44616 2
    endloop
  endfacet
  facet normal -0.382661 -0.923889 -0
    outer loop
      vertex 8.89939 9.38011 2
      vertex 8.73992 9.44616 1.8
      vertex 8.89939 9.38011 1.8
    endloop
  endfacet
  facet normal -0.649426 -0.760425 0
    outer loop
      vertex 9.04656 9.28992 1.8
      vertex 9.17782 9.17782 2
      vertex 9.04656 9.28992 2
    endloop
  endfacet
  facet normal -0.649426 -0.760425 -0
    outer loop
      vertex 9.17782 9.17782 2
      vertex 9.04656 9.28992 1.8
      vertex 9.17782 9.17782 1.8
    endloop
  endfacet
  facet normal 0.923889 -0.382661 0
    outer loop
      vertex 7.35384 8.73992 2
      vertex 7.41989 8.89939 1.8
      vertex 7.41989 8.89939 2
    endloop
  endfacet
  facet normal 0.923889 -0.382661 0
    outer loop
      vertex 7.41989 8.89939 1.8
      vertex 7.35384 8.73992 2
      vertex 7.35384 8.73992 1.8
    endloop
  endfacet
  facet normal -0.522516 -0.85263 0
    outer loop
      vertex 8.89939 9.38011 1.8
      vertex 9.04656 9.28992 2
      vertex 8.89939 9.38011 2
    endloop
  endfacet
  facet normal -0.522516 -0.85263 -0
    outer loop
      vertex 9.04656 9.28992 2
      vertex 8.89939 9.38011 1.8
      vertex 9.04656 9.28992 1.8
    endloop
  endfacet
  facet normal -0.0784419 0.996919 0
    outer loop
      vertex 8.57208 7.31354 1.8
      vertex 8.4 7.3 2
      vertex 8.57208 7.31354 2
    endloop
  endfacet
  facet normal -0.0784419 0.996919 0
    outer loop
      vertex 8.4 7.3 2
      vertex 8.57208 7.31354 1.8
      vertex 8.4 7.3 1.8
    endloop
  endfacet
  facet normal 0.0784419 -0.996919 0
    outer loop
      vertex 8.22792 9.48646 1.8
      vertex 8.4 9.5 2
      vertex 8.22792 9.48646 2
    endloop
  endfacet
  facet normal 0.0784419 -0.996919 0
    outer loop
      vertex 8.4 9.5 2
      vertex 8.22792 9.48646 1.8
      vertex 8.4 9.5 1.8
    endloop
  endfacet
  facet normal -0.85263 -0.522516 0
    outer loop
      vertex 9.38011 8.89939 1.8
      vertex 9.28992 9.04656 2
      vertex 9.28992 9.04656 1.8
    endloop
  endfacet
  facet normal -0.85263 -0.522516 0
    outer loop
      vertex 9.28992 9.04656 2
      vertex 9.38011 8.89939 1.8
      vertex 9.38011 8.89939 2
    endloop
  endfacet
  facet normal 0.996919 -0.0784419 0
    outer loop
      vertex 7.3 8.4 2
      vertex 7.31354 8.57208 1.8
      vertex 7.31354 8.57208 2
    endloop
  endfacet
  facet normal 0.996919 -0.0784419 0
    outer loop
      vertex 7.31354 8.57208 1.8
      vertex 7.3 8.4 2
      vertex 7.3 8.4 1.8
    endloop
  endfacet
  facet normal 0.996919 0.0784419 0
    outer loop
      vertex 7.31354 8.22792 2
      vertex 7.3 8.4 2
      vertex 7.3 8.4 2.2
    endloop
  endfacet
  facet normal 0.996919 0.0784419 -0
    outer loop
      vertex 7.31354 8.22792 2
      vertex 7.3 8.4 2.2
      vertex 7.31354 8.22792 2.2
    endloop
  endfacet
  facet normal 0.996919 0.0784419 0
    outer loop
      vertex 7.3 8.4 2
      vertex 7.31354 8.22792 2
      vertex 7.3 8.4 1.8
    endloop
  endfacet
  facet normal 0.996919 0.0784419 0
    outer loop
      vertex 7.3 8.4 1.8
      vertex 7.31354 8.22792 2
      vertex 7.31354 8.22792 1.8
    endloop
  endfacet
  facet normal -0.760425 0.649426 0
    outer loop
      vertex 9.17782 7.62218 1.8
      vertex 9.28992 7.75344 2
      vertex 9.28992 7.75344 1.8
    endloop
  endfacet
  facet normal -0.760425 0.649426 0
    outer loop
      vertex 9.28992 7.75344 2
      vertex 9.17782 7.62218 1.8
      vertex 9.17782 7.62218 2
    endloop
  endfacet
  facet normal -0.0784419 -0.996919 0
    outer loop
      vertex 8.4 9.5 1.8
      vertex 8.57208 9.48646 2
      vertex 8.4 9.5 2
    endloop
  endfacet
  facet normal -0.0784419 -0.996919 -0
    outer loop
      vertex 8.57208 9.48646 2
      vertex 8.4 9.5 1.8
      vertex 8.57208 9.48646 1.8
    endloop
  endfacet
  facet normal 0.522516 -0.85263 0
    outer loop
      vertex 7.75344 9.28992 1.8
      vertex 7.90061 9.38011 2
      vertex 7.75344 9.28992 2
    endloop
  endfacet
  facet normal 0.522516 -0.85263 0
    outer loop
      vertex 7.90061 9.38011 2
      vertex 7.75344 9.28992 1.8
      vertex 7.90061 9.38011 1.8
    endloop
  endfacet
  facet normal 0.522516 0.85263 -0
    outer loop
      vertex 7.90061 7.41989 2
      vertex 7.75344 7.51008 2.2
      vertex 7.90061 7.41989 2.2
    endloop
  endfacet
  facet normal 0.522516 0.85263 0
    outer loop
      vertex 7.90061 7.41989 2
      vertex 7.75344 7.51008 2
      vertex 7.75344 7.51008 2.2
    endloop
  endfacet
  facet normal 0.522516 0.85263 -0
    outer loop
      vertex 7.90061 7.41989 1.8
      vertex 7.75344 7.51008 2
      vertex 7.90061 7.41989 2
    endloop
  endfacet
  facet normal 0.522516 0.85263 0
    outer loop
      vertex 7.75344 7.51008 2
      vertex 7.90061 7.41989 1.8
      vertex 7.75344 7.51008 1.8
    endloop
  endfacet
  facet normal -0.97235 -0.233526 0
    outer loop
      vertex 10.5729 60.7442 0
      vertex 10.4923 61.0798 1.8
      vertex 10.4923 61.0798 0
    endloop
  endfacet
  facet normal -0.97235 -0.233526 0
    outer loop
      vertex 10.4923 61.0798 1.8
      vertex 10.5729 60.7442 0
      vertex 10.5729 60.7442 1.8
    endloop
  endfacet
  facet normal -0.996915 -0.0784904 0
    outer loop
      vertex 10.6 60.4 0
      vertex 10.5729 60.7442 1.8
      vertex 10.5729 60.7442 0
    endloop
  endfacet
  facet normal -0.996915 -0.0784904 0
    outer loop
      vertex 10.5729 60.7442 1.8
      vertex 10.6 60.4 0
      vertex 10.6 60.4 1.8
    endloop
  endfacet
  facet normal -0.852572 -0.52261 0
    outer loop
      vertex 10.3602 61.3988 0
      vertex 10.1798 61.6931 1.8
      vertex 10.1798 61.6931 0
    endloop
  endfacet
  facet normal -0.852572 -0.52261 0
    outer loop
      vertex 10.1798 61.6931 1.8
      vertex 10.3602 61.3988 0
      vertex 10.3602 61.3988 1.8
    endloop
  endfacet
  facet normal -0.760458 -0.649387 0
    outer loop
      vertex 10.1798 61.6931 0
      vertex 9.95564 61.9556 1.8
      vertex 9.95564 61.9556 0
    endloop
  endfacet
  facet normal -0.760458 -0.649387 0
    outer loop
      vertex 9.95564 61.9556 1.8
      vertex 10.1798 61.6931 0
      vertex 10.1798 61.6931 1.8
    endloop
  endfacet
  facet normal 0.522545 -0.852612 0
    outer loop
      vertex 7.10687 62.1798 0
      vertex 7.40122 62.3602 1.8
      vertex 7.10687 62.1798 1.8
    endloop
  endfacet
  facet normal 0.522545 -0.852612 0
    outer loop
      vertex 7.40122 62.3602 1.8
      vertex 7.10687 62.1798 0
      vertex 7.40122 62.3602 0
    endloop
  endfacet
  facet normal 0.852611 0.522546 0
    outer loop
      vertex 6.62016 59.1069 1.8
      vertex 6.43979 59.4012 0
      vertex 6.43979 59.4012 1.8
    endloop
  endfacet
  facet normal 0.852611 0.522546 0
    outer loop
      vertex 6.43979 59.4012 0
      vertex 6.62016 59.1069 1.8
      vertex 6.62016 59.1069 0
    endloop
  endfacet
  facet normal -0.852572 0.52261 0
    outer loop
      vertex 10.1798 59.1069 0
      vertex 10.3602 59.4012 1.8
      vertex 10.3602 59.4012 0
    endloop
  endfacet
  facet normal -0.852572 0.52261 0
    outer loop
      vertex 10.3602 59.4012 1.8
      vertex 10.1798 59.1069 0
      vertex 10.1798 59.1069 1.8
    endloop
  endfacet
  facet normal 0.760386 0.649471 0
    outer loop
      vertex 6.84437 58.8444 1.8
      vertex 6.62016 59.1069 0
      vertex 6.62016 59.1069 1.8
    endloop
  endfacet
  facet normal 0.760386 0.649471 0
    outer loop
      vertex 6.62016 59.1069 0
      vertex 6.84437 58.8444 1.8
      vertex 6.84437 58.8444 0
    endloop
  endfacet
  facet normal 0.852611 -0.522546 0
    outer loop
      vertex 6.43979 61.3988 1.8
      vertex 6.62016 61.6931 0
      vertex 6.62016 61.6931 1.8
    endloop
  endfacet
  facet normal 0.852611 -0.522546 0
    outer loop
      vertex 6.62016 61.6931 0
      vertex 6.43979 61.3988 1.8
      vertex 6.43979 61.3988 0
    endloop
  endfacet
  facet normal 0.233474 0.972363 -0
    outer loop
      vertex 8.05584 58.2271 0
      vertex 7.72016 58.3077 1.8
      vertex 8.05584 58.2271 1.8
    endloop
  endfacet
  facet normal 0.233474 0.972363 0
    outer loop
      vertex 7.72016 58.3077 1.8
      vertex 8.05584 58.2271 0
      vertex 7.72016 58.3077 0
    endloop
  endfacet
  facet normal -0.923914 0.382599 0
    outer loop
      vertex 10.3602 59.4012 0
      vertex 10.4923 59.7202 1.8
      vertex 10.4923 59.7202 0
    endloop
  endfacet
  facet normal -0.923914 0.382599 0
    outer loop
      vertex 10.4923 59.7202 1.8
      vertex 10.3602 59.4012 0
      vertex 10.3602 59.4012 1.8
    endloop
  endfacet
  facet normal -0.233474 -0.972363 0
    outer loop
      vertex 8.74416 62.5729 0
      vertex 9.07984 62.4923 1.8
      vertex 8.74416 62.5729 1.8
    endloop
  endfacet
  facet normal -0.233474 -0.972363 -0
    outer loop
      vertex 9.07984 62.4923 1.8
      vertex 8.74416 62.5729 0
      vertex 9.07984 62.4923 0
    endloop
  endfacet
  facet normal -0.382661 -0.923889 0
    outer loop
      vertex 9.07984 62.4923 0
      vertex 9.39878 62.3602 1.8
      vertex 9.07984 62.4923 1.8
    endloop
  endfacet
  facet normal -0.382661 -0.923889 -0
    outer loop
      vertex 9.39878 62.3602 1.8
      vertex 9.07984 62.4923 0
      vertex 9.39878 62.3602 0
    endloop
  endfacet
  facet normal -0.996915 0.0784904 0
    outer loop
      vertex 10.5729 60.0558 0
      vertex 10.6 60.4 1.8
      vertex 10.6 60.4 0
    endloop
  endfacet
  facet normal -0.996915 0.0784904 0
    outer loop
      vertex 10.6 60.4 1.8
      vertex 10.5729 60.0558 0
      vertex 10.5729 60.0558 1.8
    endloop
  endfacet
  facet normal -0.522545 0.852612 0
    outer loop
      vertex 9.69313 58.6202 0
      vertex 9.39878 58.4398 1.8
      vertex 9.69313 58.6202 1.8
    endloop
  endfacet
  facet normal -0.522545 0.852612 0
    outer loop
      vertex 9.39878 58.4398 1.8
      vertex 9.69313 58.6202 0
      vertex 9.39878 58.4398 0
    endloop
  endfacet
  facet normal 0.972357 -0.233499 0
    outer loop
      vertex 6.22709 60.7442 1.8
      vertex 6.30768 61.0798 0
      vertex 6.30768 61.0798 1.8
    endloop
  endfacet
  facet normal 0.972357 -0.233499 0
    outer loop
      vertex 6.30768 61.0798 0
      vertex 6.22709 60.7442 1.8
      vertex 6.22709 60.7442 0
    endloop
  endfacet
  facet normal -0.0784995 -0.996914 0
    outer loop
      vertex 8.4 62.6 0
      vertex 8.74416 62.5729 1.8
      vertex 8.4 62.6 1.8
    endloop
  endfacet
  facet normal -0.0784995 -0.996914 -0
    outer loop
      vertex 8.74416 62.5729 1.8
      vertex 8.4 62.6 0
      vertex 8.74416 62.5729 0
    endloop
  endfacet
  facet normal -0.97235 0.233526 0
    outer loop
      vertex 10.4923 59.7202 0
      vertex 10.5729 60.0558 1.8
      vertex 10.5729 60.0558 0
    endloop
  endfacet
  facet normal -0.97235 0.233526 0
    outer loop
      vertex 10.5729 60.0558 1.8
      vertex 10.4923 59.7202 0
      vertex 10.4923 59.7202 1.8
    endloop
  endfacet
  facet normal -0.233474 0.972363 0
    outer loop
      vertex 9.07984 58.3077 0
      vertex 8.74416 58.2271 1.8
      vertex 9.07984 58.3077 1.8
    endloop
  endfacet
  facet normal -0.233474 0.972363 0
    outer loop
      vertex 8.74416 58.2271 1.8
      vertex 9.07984 58.3077 0
      vertex 8.74416 58.2271 0
    endloop
  endfacet
  facet normal 0.649454 -0.760401 0
    outer loop
      vertex 6.84437 61.9556 0
      vertex 7.10687 62.1798 1.8
      vertex 6.84437 61.9556 1.8
    endloop
  endfacet
  facet normal 0.649454 -0.760401 0
    outer loop
      vertex 7.10687 62.1798 1.8
      vertex 6.84437 61.9556 0
      vertex 7.10687 62.1798 0
    endloop
  endfacet
  facet normal 0.382661 0.923889 -0
    outer loop
      vertex 7.72016 58.3077 0
      vertex 7.40122 58.4398 1.8
      vertex 7.72016 58.3077 1.8
    endloop
  endfacet
  facet normal 0.382661 0.923889 0
    outer loop
      vertex 7.40122 58.4398 1.8
      vertex 7.72016 58.3077 0
      vertex 7.40122 58.4398 0
    endloop
  endfacet
  facet normal -0.0784995 0.996914 0
    outer loop
      vertex 8.74416 58.2271 0
      vertex 8.4 58.2 1.8
      vertex 8.74416 58.2271 1.8
    endloop
  endfacet
  facet normal -0.0784995 0.996914 0
    outer loop
      vertex 8.4 58.2 1.8
      vertex 8.74416 58.2271 0
      vertex 8.4 58.2 0
    endloop
  endfacet
  facet normal 0.996917 -0.0784616 0
    outer loop
      vertex 6.2 60.4 1.8
      vertex 6.22709 60.7442 0
      vertex 6.22709 60.7442 1.8
    endloop
  endfacet
  facet normal 0.996917 -0.0784616 0
    outer loop
      vertex 6.22709 60.7442 0
      vertex 6.2 60.4 1.8
      vertex 6.2 60.4 0
    endloop
  endfacet
  facet normal 0.760386 -0.649471 0
    outer loop
      vertex 6.62016 61.6931 1.8
      vertex 6.84437 61.9556 0
      vertex 6.84437 61.9556 1.8
    endloop
  endfacet
  facet normal 0.760386 -0.649471 0
    outer loop
      vertex 6.84437 61.9556 0
      vertex 6.62016 61.6931 1.8
      vertex 6.62016 61.6931 0
    endloop
  endfacet
  facet normal -0.64944 -0.760413 0
    outer loop
      vertex 9.69313 62.1798 0
      vertex 9.95564 61.9556 1.8
      vertex 9.69313 62.1798 1.8
    endloop
  endfacet
  facet normal -0.64944 -0.760413 -0
    outer loop
      vertex 9.95564 61.9556 1.8
      vertex 9.69313 62.1798 0
      vertex 9.95564 61.9556 0
    endloop
  endfacet
  facet normal -0.382661 0.923889 0
    outer loop
      vertex 9.39878 58.4398 0
      vertex 9.07984 58.3077 1.8
      vertex 9.39878 58.4398 1.8
    endloop
  endfacet
  facet normal -0.382661 0.923889 0
    outer loop
      vertex 9.07984 58.3077 1.8
      vertex 9.39878 58.4398 0
      vertex 9.07984 58.3077 0
    endloop
  endfacet
  facet normal -0.522545 -0.852612 0
    outer loop
      vertex 9.39878 62.3602 0
      vertex 9.69313 62.1798 1.8
      vertex 9.39878 62.3602 1.8
    endloop
  endfacet
  facet normal -0.522545 -0.852612 -0
    outer loop
      vertex 9.69313 62.1798 1.8
      vertex 9.39878 62.3602 0
      vertex 9.69313 62.1798 0
    endloop
  endfacet
  facet normal -0.760458 0.649387 0
    outer loop
      vertex 9.95564 58.8444 0
      vertex 10.1798 59.1069 1.8
      vertex 10.1798 59.1069 0
    endloop
  endfacet
  facet normal -0.760458 0.649387 0
    outer loop
      vertex 10.1798 59.1069 1.8
      vertex 9.95564 58.8444 0
      vertex 9.95564 58.8444 1.8
    endloop
  endfacet
  facet normal 0.522545 0.852612 -0
    outer loop
      vertex 7.40122 58.4398 0
      vertex 7.10687 58.6202 1.8
      vertex 7.40122 58.4398 1.8
    endloop
  endfacet
  facet normal 0.522545 0.852612 0
    outer loop
      vertex 7.10687 58.6202 1.8
      vertex 7.40122 58.4398 0
      vertex 7.10687 58.6202 0
    endloop
  endfacet
  facet normal -0.64944 0.760413 0
    outer loop
      vertex 9.95564 58.8444 0
      vertex 9.69313 58.6202 1.8
      vertex 9.95564 58.8444 1.8
    endloop
  endfacet
  facet normal -0.64944 0.760413 0
    outer loop
      vertex 9.69313 58.6202 1.8
      vertex 9.95564 58.8444 0
      vertex 9.69313 58.6202 0
    endloop
  endfacet
  facet normal 0.649454 0.760401 -0
    outer loop
      vertex 7.10687 58.6202 0
      vertex 6.84437 58.8444 1.8
      vertex 7.10687 58.6202 1.8
    endloop
  endfacet
  facet normal 0.649454 0.760401 0
    outer loop
      vertex 6.84437 58.8444 1.8
      vertex 7.10687 58.6202 0
      vertex 6.84437 58.8444 0
    endloop
  endfacet
  facet normal 0.382661 -0.923889 0
    outer loop
      vertex 7.40122 62.3602 0
      vertex 7.72016 62.4923 1.8
      vertex 7.40122 62.3602 1.8
    endloop
  endfacet
  facet normal 0.382661 -0.923889 0
    outer loop
      vertex 7.72016 62.4923 1.8
      vertex 7.40122 62.3602 0
      vertex 7.72016 62.4923 0
    endloop
  endfacet
  facet normal 0.233474 -0.972363 0
    outer loop
      vertex 7.72016 62.4923 0
      vertex 8.05584 62.5729 1.8
      vertex 7.72016 62.4923 1.8
    endloop
  endfacet
  facet normal 0.233474 -0.972363 0
    outer loop
      vertex 8.05584 62.5729 1.8
      vertex 7.72016 62.4923 0
      vertex 8.05584 62.5729 0
    endloop
  endfacet
  facet normal -0.923914 -0.382599 0
    outer loop
      vertex 10.4923 61.0798 0
      vertex 10.3602 61.3988 1.8
      vertex 10.3602 61.3988 0
    endloop
  endfacet
  facet normal -0.923914 -0.382599 0
    outer loop
      vertex 10.3602 61.3988 1.8
      vertex 10.4923 61.0798 0
      vertex 10.4923 61.0798 1.8
    endloop
  endfacet
  facet normal 0 0 -1
    outer loop
      vertex 9.5 60.4 1.8
      vertex 10.6 60.4 1.8
      vertex 10.5729 60.0558 1.8
    endloop
  endfacet
  facet normal 0 0 -1
    outer loop
      vertex 9.48646 60.2279 1.8
      vertex 10.5729 60.0558 1.8
      vertex 10.4923 59.7202 1.8
    endloop
  endfacet
  facet normal 0 0 -1
    outer loop
      vertex 10.6 60.4 1.8
      vertex 9.5 60.4 1.8
      vertex 10.5729 60.7442 1.8
    endloop
  endfacet
  facet normal 0 0 -1
    outer loop
      vertex 9.44616 60.0601 1.8
      vertex 10.4923 59.7202 1.8
      vertex 10.3602 59.4012 1.8
    endloop
  endfacet
  facet normal 0 0 -1
    outer loop
      vertex 9.48646 60.5721 1.8
      vertex 10.5729 60.7442 1.8
      vertex 9.5 60.4 1.8
    endloop
  endfacet
  facet normal 0 0 -1
    outer loop
      vertex 9.38011 59.9006 1.8
      vertex 10.3602 59.4012 1.8
      vertex 10.1798 59.1069 1.8
    endloop
  endfacet
  facet normal -0 0 -1
    outer loop
      vertex 10.5729 60.7442 1.8
      vertex 9.48646 60.5721 1.8
      vertex 10.4923 61.0798 1.8
    endloop
  endfacet
  facet normal 0 0 -1
    outer loop
      vertex 9.28992 59.7534 1.8
      vertex 10.1798 59.1069 1.8
      vertex 9.95564 58.8444 1.8
    endloop
  endfacet
  facet normal 0 0 -1
    outer loop
      vertex 9.44616 60.7399 1.8
      vertex 10.4923 61.0798 1.8
      vertex 9.48646 60.5721 1.8
    endloop
  endfacet
  facet normal 0 0 -1
    outer loop
      vertex 9.17782 59.6222 1.8
      vertex 9.95564 58.8444 1.8
      vertex 9.69313 58.6202 1.8
    endloop
  endfacet
  facet normal -0 0 -1
    outer loop
      vertex 10.4923 61.0798 1.8
      vertex 9.44616 60.7399 1.8
      vertex 10.3602 61.3988 1.8
    endloop
  endfacet
  facet normal 0 0 -1
    outer loop
      vertex 9.38011 60.8994 1.8
      vertex 10.3602 61.3988 1.8
      vertex 9.44616 60.7399 1.8
    endloop
  endfacet
  facet normal 0 0 -1
    outer loop
      vertex 10.5729 60.0558 1.8
      vertex 9.48646 60.2279 1.8
      vertex 9.5 60.4 1.8
    endloop
  endfacet
  facet normal 0 0 -1
    outer loop
      vertex 10.4923 59.7202 1.8
      vertex 9.44616 60.0601 1.8
      vertex 9.48646 60.2279 1.8
    endloop
  endfacet
  facet normal 0 0 -1
    outer loop
      vertex 9.04656 59.5101 1.8
      vertex 9.69313 58.6202 1.8
      vertex 9.39878 58.4398 1.8
    endloop
  endfacet
  facet normal 0 0 -1
    outer loop
      vertex 10.3602 59.4012 1.8
      vertex 9.38011 59.9006 1.8
      vertex 9.44616 60.0601 1.8
    endloop
  endfacet
  facet normal 0 0 -1
    outer loop
      vertex 10.1798 59.1069 1.8
      vertex 9.28992 59.7534 1.8
      vertex 9.38011 59.9006 1.8
    endloop
  endfacet
  facet normal 0 0 -1
    outer loop
      vertex 9.95564 58.8444 1.8
      vertex 9.17782 59.6222 1.8
      vertex 9.28992 59.7534 1.8
    endloop
  endfacet
  facet normal 0 0 -1
    outer loop
      vertex 8.89939 59.4199 1.8
      vertex 9.39878 58.4398 1.8
      vertex 9.07984 58.3077 1.8
    endloop
  endfacet
  facet normal 0 0 -1
    outer loop
      vertex 9.69313 58.6202 1.8
      vertex 9.04656 59.5101 1.8
      vertex 9.17782 59.6222 1.8
    endloop
  endfacet
  facet normal 0 0 -1
    outer loop
      vertex 9.39878 58.4398 1.8
      vertex 8.89939 59.4199 1.8
      vertex 9.04656 59.5101 1.8
    endloop
  endfacet
  facet normal 0 0 -1
    outer loop
      vertex 8.73992 59.3538 1.8
      vertex 9.07984 58.3077 1.8
      vertex 8.74416 58.2271 1.8
    endloop
  endfacet
  facet normal 0 0 -1
    outer loop
      vertex 9.07984 58.3077 1.8
      vertex 8.73992 59.3538 1.8
      vertex 8.89939 59.4199 1.8
    endloop
  endfacet
  facet normal 0 0 -1
    outer loop
      vertex 8.74416 58.2271 1.8
      vertex 8.57208 59.3135 1.8
      vertex 8.73992 59.3538 1.8
    endloop
  endfacet
  facet normal 0 0 -1
    outer loop
      vertex 8.4 58.2 1.8
      vertex 8.57208 59.3135 1.8
      vertex 8.74416 58.2271 1.8
    endloop
  endfacet
  facet normal 0 0 -1
    outer loop
      vertex 8.4 58.2 1.8
      vertex 8.4 59.3 1.8
      vertex 8.57208 59.3135 1.8
    endloop
  endfacet
  facet normal 0 0 -1
    outer loop
      vertex 8.4 58.2 1.8
      vertex 8.22792 59.3135 1.8
      vertex 8.4 59.3 1.8
    endloop
  endfacet
  facet normal 0 0 -1
    outer loop
      vertex 8.05584 58.2271 1.8
      vertex 8.22792 59.3135 1.8
      vertex 8.4 58.2 1.8
    endloop
  endfacet
  facet normal -0 0 -1
    outer loop
      vertex 8.22792 59.3135 1.8
      vertex 8.05584 58.2271 1.8
      vertex 8.06008 59.3538 1.8
    endloop
  endfacet
  facet normal 0 0 -1
    outer loop
      vertex 7.72016 58.3077 1.8
      vertex 8.06008 59.3538 1.8
      vertex 8.05584 58.2271 1.8
    endloop
  endfacet
  facet normal -0 0 -1
    outer loop
      vertex 8.06008 59.3538 1.8
      vertex 7.72016 58.3077 1.8
      vertex 7.90061 59.4199 1.8
    endloop
  endfacet
  facet normal 0 0 -1
    outer loop
      vertex 7.40122 58.4398 1.8
      vertex 7.90061 59.4199 1.8
      vertex 7.72016 58.3077 1.8
    endloop
  endfacet
  facet normal -0 0 -1
    outer loop
      vertex 7.90061 59.4199 1.8
      vertex 7.40122 58.4398 1.8
      vertex 7.75344 59.5101 1.8
    endloop
  endfacet
  facet normal 0 0 -1
    outer loop
      vertex 7.10687 58.6202 1.8
      vertex 7.75344 59.5101 1.8
      vertex 7.40122 58.4398 1.8
    endloop
  endfacet
  facet normal -0 0 -1
    outer loop
      vertex 7.75344 59.5101 1.8
      vertex 7.10687 58.6202 1.8
      vertex 7.62218 59.6222 1.8
    endloop
  endfacet
  facet normal 0 0 -1
    outer loop
      vertex 6.84437 58.8444 1.8
      vertex 7.62218 59.6222 1.8
      vertex 7.10687 58.6202 1.8
    endloop
  endfacet
  facet normal -0 0 -1
    outer loop
      vertex 7.62218 59.6222 1.8
      vertex 6.84437 58.8444 1.8
      vertex 7.51008 59.7534 1.8
    endloop
  endfacet
  facet normal 0 0 -1
    outer loop
      vertex 6.62016 59.1069 1.8
      vertex 7.51008 59.7534 1.8
      vertex 6.84437 58.8444 1.8
    endloop
  endfacet
  facet normal -0 0 -1
    outer loop
      vertex 7.51008 59.7534 1.8
      vertex 6.62016 59.1069 1.8
      vertex 7.41989 59.9006 1.8
    endloop
  endfacet
  facet normal 0 0 -1
    outer loop
      vertex 6.43979 59.4012 1.8
      vertex 7.41989 59.9006 1.8
      vertex 6.62016 59.1069 1.8
    endloop
  endfacet
  facet normal -0 0 -1
    outer loop
      vertex 10.3602 61.3988 1.8
      vertex 9.38011 60.8994 1.8
      vertex 10.1798 61.6931 1.8
    endloop
  endfacet
  facet normal 0 0 -1
    outer loop
      vertex 9.28992 61.0466 1.8
      vertex 10.1798 61.6931 1.8
      vertex 9.38011 60.8994 1.8
    endloop
  endfacet
  facet normal -0 0 -1
    outer loop
      vertex 10.1798 61.6931 1.8
      vertex 9.28992 61.0466 1.8
      vertex 9.95564 61.9556 1.8
    endloop
  endfacet
  facet normal 0 0 -1
    outer loop
      vertex 9.17782 61.1778 1.8
      vertex 9.95564 61.9556 1.8
      vertex 9.28992 61.0466 1.8
    endloop
  endfacet
  facet normal -0 0 -1
    outer loop
      vertex 9.95564 61.9556 1.8
      vertex 9.17782 61.1778 1.8
      vertex 9.69313 62.1798 1.8
    endloop
  endfacet
  facet normal 0 0 -1
    outer loop
      vertex 9.04656 61.2899 1.8
      vertex 9.69313 62.1798 1.8
      vertex 9.17782 61.1778 1.8
    endloop
  endfacet
  facet normal -0 0 -1
    outer loop
      vertex 9.69313 62.1798 1.8
      vertex 9.04656 61.2899 1.8
      vertex 9.39878 62.3602 1.8
    endloop
  endfacet
  facet normal 0 0 -1
    outer loop
      vertex 8.89939 61.3801 1.8
      vertex 9.39878 62.3602 1.8
      vertex 9.04656 61.2899 1.8
    endloop
  endfacet
  facet normal -0 0 -1
    outer loop
      vertex 9.39878 62.3602 1.8
      vertex 8.89939 61.3801 1.8
      vertex 9.07984 62.4923 1.8
    endloop
  endfacet
  facet normal 0 0 -1
    outer loop
      vertex 8.73992 61.4462 1.8
      vertex 9.07984 62.4923 1.8
      vertex 8.89939 61.3801 1.8
    endloop
  endfacet
  facet normal -0 0 -1
    outer loop
      vertex 9.07984 62.4923 1.8
      vertex 8.73992 61.4462 1.8
      vertex 8.74416 62.5729 1.8
    endloop
  endfacet
  facet normal 0 0 -1
    outer loop
      vertex 8.57208 61.4865 1.8
      vertex 8.74416 62.5729 1.8
      vertex 8.73992 61.4462 1.8
    endloop
  endfacet
  facet normal 0 0 -1
    outer loop
      vertex 8.4 61.5 1.8
      vertex 8.74416 62.5729 1.8
      vertex 8.57208 61.4865 1.8
    endloop
  endfacet
  facet normal 0 0 -1
    outer loop
      vertex 8.4 61.5 1.8
      vertex 8.4 62.6 1.8
      vertex 8.74416 62.5729 1.8
    endloop
  endfacet
  facet normal 0 0 -1
    outer loop
      vertex 8.22792 61.4865 1.8
      vertex 8.4 62.6 1.8
      vertex 8.4 61.5 1.8
    endloop
  endfacet
  facet normal 0 0 -1
    outer loop
      vertex 8.05584 62.5729 1.8
      vertex 8.22792 61.4865 1.8
      vertex 8.06008 61.4462 1.8
    endloop
  endfacet
  facet normal 0 0 -1
    outer loop
      vertex 8.22792 61.4865 1.8
      vertex 8.05584 62.5729 1.8
      vertex 8.4 62.6 1.8
    endloop
  endfacet
  facet normal 0 0 -1
    outer loop
      vertex 7.72016 62.4923 1.8
      vertex 8.06008 61.4462 1.8
      vertex 7.90061 61.3801 1.8
    endloop
  endfacet
  facet normal 0 0 -1
    outer loop
      vertex 7.40122 62.3602 1.8
      vertex 7.90061 61.3801 1.8
      vertex 7.75344 61.2899 1.8
    endloop
  endfacet
  facet normal 0 0 -1
    outer loop
      vertex 8.06008 61.4462 1.8
      vertex 7.72016 62.4923 1.8
      vertex 8.05584 62.5729 1.8
    endloop
  endfacet
  facet normal 0 0 -1
    outer loop
      vertex 7.10687 62.1798 1.8
      vertex 7.75344 61.2899 1.8
      vertex 7.62218 61.1778 1.8
    endloop
  endfacet
  facet normal 0 0 -1
    outer loop
      vertex 6.84437 61.9556 1.8
      vertex 7.62218 61.1778 1.8
      vertex 7.51008 61.0466 1.8
    endloop
  endfacet
  facet normal 0 0 -1
    outer loop
      vertex 6.62016 61.6931 1.8
      vertex 7.51008 61.0466 1.8
      vertex 7.41989 60.8994 1.8
    endloop
  endfacet
  facet normal 0 0 -1
    outer loop
      vertex 7.90061 61.3801 1.8
      vertex 7.40122 62.3602 1.8
      vertex 7.72016 62.4923 1.8
    endloop
  endfacet
  facet normal 0 0 -1
    outer loop
      vertex 6.43979 61.3988 1.8
      vertex 7.41989 60.8994 1.8
      vertex 7.35384 60.7399 1.8
    endloop
  endfacet
  facet normal 0 0 -1
    outer loop
      vertex 6.30768 61.0798 1.8
      vertex 7.35384 60.7399 1.8
      vertex 7.31354 60.5721 1.8
    endloop
  endfacet
  facet normal 0 0 -1
    outer loop
      vertex 6.22709 60.7442 1.8
      vertex 7.31354 60.5721 1.8
      vertex 7.3 60.4 1.8
    endloop
  endfacet
  facet normal -0 0 -1
    outer loop
      vertex 7.41989 59.9006 1.8
      vertex 6.43979 59.4012 1.8
      vertex 7.35384 60.0601 1.8
    endloop
  endfacet
  facet normal 0 0 -1
    outer loop
      vertex 7.75344 61.2899 1.8
      vertex 7.10687 62.1798 1.8
      vertex 7.40122 62.3602 1.8
    endloop
  endfacet
  facet normal 0 0 -1
    outer loop
      vertex 6.30768 59.7202 1.8
      vertex 7.35384 60.0601 1.8
      vertex 6.43979 59.4012 1.8
    endloop
  endfacet
  facet normal 0 0 -1
    outer loop
      vertex 7.62218 61.1778 1.8
      vertex 6.84437 61.9556 1.8
      vertex 7.10687 62.1798 1.8
    endloop
  endfacet
  facet normal -0 0 -1
    outer loop
      vertex 7.35384 60.0601 1.8
      vertex 6.30768 59.7202 1.8
      vertex 7.31354 60.2279 1.8
    endloop
  endfacet
  facet normal 0 0 -1
    outer loop
      vertex 7.51008 61.0466 1.8
      vertex 6.62016 61.6931 1.8
      vertex 6.84437 61.9556 1.8
    endloop
  endfacet
  facet normal 0 0 -1
    outer loop
      vertex 6.22709 60.0558 1.8
      vertex 7.31354 60.2279 1.8
      vertex 6.30768 59.7202 1.8
    endloop
  endfacet
  facet normal 0 0 -1
    outer loop
      vertex 7.41989 60.8994 1.8
      vertex 6.43979 61.3988 1.8
      vertex 6.62016 61.6931 1.8
    endloop
  endfacet
  facet normal -0 0 -1
    outer loop
      vertex 7.31354 60.2279 1.8
      vertex 6.22709 60.0558 1.8
      vertex 7.3 60.4 1.8
    endloop
  endfacet
  facet normal 0 0 -1
    outer loop
      vertex 7.35384 60.7399 1.8
      vertex 6.30768 61.0798 1.8
      vertex 6.43979 61.3988 1.8
    endloop
  endfacet
  facet normal 0 0 -1
    outer loop
      vertex 6.2 60.4 1.8
      vertex 7.3 60.4 1.8
      vertex 6.22709 60.0558 1.8
    endloop
  endfacet
  facet normal 0 0 -1
    outer loop
      vertex 7.31354 60.5721 1.8
      vertex 6.22709 60.7442 1.8
      vertex 6.30768 61.0798 1.8
    endloop
  endfacet
  facet normal 0 0 -1
    outer loop
      vertex 7.3 60.4 1.8
      vertex 6.2 60.4 1.8
      vertex 6.22709 60.7442 1.8
    endloop
  endfacet
  facet normal 0.0784995 0.996914 -0
    outer loop
      vertex 8.4 58.2 0
      vertex 8.05584 58.2271 1.8
      vertex 8.4 58.2 1.8
    endloop
  endfacet
  facet normal 0.0784995 0.996914 0
    outer loop
      vertex 8.05584 58.2271 1.8
      vertex 8.4 58.2 0
      vertex 8.05584 58.2271 0
    endloop
  endfacet
  facet normal 0.923904 -0.382624 0
    outer loop
      vertex 6.30768 61.0798 1.8
      vertex 6.43979 61.3988 0
      vertex 6.43979 61.3988 1.8
    endloop
  endfacet
  facet normal 0.923904 -0.382624 0
    outer loop
      vertex 6.43979 61.3988 0
      vertex 6.30768 61.0798 1.8
      vertex 6.30768 61.0798 0
    endloop
  endfacet
  facet normal 0.972357 0.233499 0
    outer loop
      vertex 6.30768 59.7202 1.8
      vertex 6.22709 60.0558 0
      vertex 6.22709 60.0558 1.8
    endloop
  endfacet
  facet normal 0.972357 0.233499 0
    outer loop
      vertex 6.22709 60.0558 0
      vertex 6.30768 59.7202 1.8
      vertex 6.30768 59.7202 0
    endloop
  endfacet
  facet normal 0.0784995 -0.996914 0
    outer loop
      vertex 8.05584 62.5729 0
      vertex 8.4 62.6 1.8
      vertex 8.05584 62.5729 1.8
    endloop
  endfacet
  facet normal 0.0784995 -0.996914 0
    outer loop
      vertex 8.4 62.6 1.8
      vertex 8.05584 62.5729 0
      vertex 8.4 62.6 0
    endloop
  endfacet
  facet normal 0.923904 0.382624 0
    outer loop
      vertex 6.43979 59.4012 1.8
      vertex 6.30768 59.7202 0
      vertex 6.30768 59.7202 1.8
    endloop
  endfacet
  facet normal 0.923904 0.382624 0
    outer loop
      vertex 6.30768 59.7202 0
      vertex 6.43979 59.4012 1.8
      vertex 6.43979 59.4012 0
    endloop
  endfacet
  facet normal 0.996917 0.0784616 0
    outer loop
      vertex 6.22709 60.0558 1.8
      vertex 6.2 60.4 0
      vertex 6.2 60.4 1.8
    endloop
  endfacet
  facet normal 0.996917 0.0784616 0
    outer loop
      vertex 6.2 60.4 0
      vertex 6.22709 60.0558 1.8
      vertex 6.22709 60.0558 0
    endloop
  endfacet
  facet normal -0.97235 -0.233526 0
    outer loop
      vertex 9.48646 60.5721 1.8
      vertex 9.44616 60.7399 2
      vertex 9.44616 60.7399 1.8
    endloop
  endfacet
  facet normal -0.97235 -0.233526 0
    outer loop
      vertex 9.44616 60.7399 2
      vertex 9.48646 60.5721 1.8
      vertex 9.48646 60.5721 2
    endloop
  endfacet
  facet normal -0.996919 -0.0784328 0
    outer loop
      vertex 9.5 60.4 1.8
      vertex 9.48646 60.5721 2
      vertex 9.48646 60.5721 1.8
    endloop
  endfacet
  facet normal -0.996919 -0.0784328 0
    outer loop
      vertex 9.48646 60.5721 2
      vertex 9.5 60.4 1.8
      vertex 9.5 60.4 2
    endloop
  endfacet
  facet normal 0.0782116 0.996937 -0
    outer loop
      vertex 8.4 59.3 1.8
      vertex 8.22792 59.3135 2
      vertex 8.4 59.3 2
    endloop
  endfacet
  facet normal 0.0782116 0.996937 0
    outer loop
      vertex 8.22792 59.3135 2
      vertex 8.4 59.3 1.8
      vertex 8.22792 59.3135 1.8
    endloop
  endfacet
  facet normal 0.233474 0.972363 -0
    outer loop
      vertex 8.22792 59.3135 1.8
      vertex 8.06008 59.3538 2
      vertex 8.22792 59.3135 2
    endloop
  endfacet
  facet normal 0.233474 0.972363 0
    outer loop
      vertex 8.06008 59.3538 2
      vertex 8.22792 59.3135 1.8
      vertex 8.06008 59.3538 1.8
    endloop
  endfacet
  facet normal 0.233474 -0.972363 0
    outer loop
      vertex 8.06008 61.4462 2
      vertex 8.22792 61.4865 2.2
      vertex 8.06008 61.4462 2.2
    endloop
  endfacet
  facet normal 0.233474 -0.972363 0
    outer loop
      vertex 8.06008 61.4462 2
      vertex 8.22792 61.4865 2
      vertex 8.22792 61.4865 2.2
    endloop
  endfacet
  facet normal 0.233474 -0.972363 0
    outer loop
      vertex 8.06008 61.4462 1.8
      vertex 8.22792 61.4865 2
      vertex 8.06008 61.4462 2
    endloop
  endfacet
  facet normal 0.233474 -0.972363 0
    outer loop
      vertex 8.22792 61.4865 2
      vertex 8.06008 61.4462 1.8
      vertex 8.22792 61.4865 1.8
    endloop
  endfacet
  facet normal -0.649426 0.760425 0
    outer loop
      vertex 9.17782 59.6222 1.8
      vertex 9.04656 59.5101 2
      vertex 9.17782 59.6222 2
    endloop
  endfacet
  facet normal -0.649426 0.760425 0
    outer loop
      vertex 9.04656 59.5101 2
      vertex 9.17782 59.6222 1.8
      vertex 9.04656 59.5101 1.8
    endloop
  endfacet
  facet normal 0.760278 0.649598 0
    outer loop
      vertex 7.62218 59.6222 2
      vertex 7.51008 59.7534 1.8
      vertex 7.51008 59.7534 2
    endloop
  endfacet
  facet normal 0.760278 0.649598 0
    outer loop
      vertex 7.51008 59.7534 1.8
      vertex 7.62218 59.6222 2
      vertex 7.62218 59.6222 1.8
    endloop
  endfacet
  facet normal 0.649426 0.760425 -0
    outer loop
      vertex 7.75344 59.5101 1.8
      vertex 7.62218 59.6222 2
      vertex 7.75344 59.5101 2
    endloop
  endfacet
  facet normal 0.649426 0.760425 0
    outer loop
      vertex 7.62218 59.6222 2
      vertex 7.75344 59.5101 1.8
      vertex 7.62218 59.6222 1.8
    endloop
  endfacet
  facet normal 0.382908 -0.923787 0
    outer loop
      vertex 7.90061 61.3801 2
      vertex 8.06008 61.4462 2.2
      vertex 7.90061 61.3801 2.2
    endloop
  endfacet
  facet normal 0.382908 -0.923787 0
    outer loop
      vertex 7.90061 61.3801 2
      vertex 8.06008 61.4462 2
      vertex 8.06008 61.4462 2.2
    endloop
  endfacet
  facet normal 0.382908 -0.923787 0
    outer loop
      vertex 7.90061 61.3801 1.8
      vertex 8.06008 61.4462 2
      vertex 7.90061 61.3801 2
    endloop
  endfacet
  facet normal 0.382908 -0.923787 0
    outer loop
      vertex 8.06008 61.4462 2
      vertex 7.90061 61.3801 1.8
      vertex 8.06008 61.4462 1.8
    endloop
  endfacet
  facet normal 0.852677 0.522438 0
    outer loop
      vertex 7.51008 59.7534 2
      vertex 7.41989 59.9006 1.8
      vertex 7.41989 59.9006 2
    endloop
  endfacet
  facet normal 0.852677 0.522438 0
    outer loop
      vertex 7.41989 59.9006 1.8
      vertex 7.51008 59.7534 2
      vertex 7.51008 59.7534 1.8
    endloop
  endfacet
  facet normal -0.996919 0.0784328 0
    outer loop
      vertex 9.48646 60.2279 1.8
      vertex 9.5 60.4 2
      vertex 9.5 60.4 1.8
    endloop
  endfacet
  facet normal -0.996919 0.0784328 0
    outer loop
      vertex 9.5 60.4 2
      vertex 9.48646 60.2279 1.8
      vertex 9.48646 60.2279 2
    endloop
  endfacet
  facet normal -0.522558 0.852604 0
    outer loop
      vertex 9.04656 59.5101 1.8
      vertex 8.89939 59.4199 2
      vertex 9.04656 59.5101 2
    endloop
  endfacet
  facet normal -0.522558 0.852604 0
    outer loop
      vertex 8.89939 59.4199 2
      vertex 9.04656 59.5101 1.8
      vertex 8.89939 59.4199 1.8
    endloop
  endfacet
  facet normal -0.382908 0.923787 0
    outer loop
      vertex 8.89939 59.4199 1.8
      vertex 8.73992 59.3538 2
      vertex 8.89939 59.4199 2
    endloop
  endfacet
  facet normal -0.382908 0.923787 0
    outer loop
      vertex 8.73992 59.3538 2
      vertex 8.89939 59.4199 1.8
      vertex 8.73992 59.3538 1.8
    endloop
  endfacet
  facet normal -0.522558 -0.852604 0
    outer loop
      vertex 8.89939 61.3801 1.8
      vertex 9.04656 61.2899 2
      vertex 8.89939 61.3801 2
    endloop
  endfacet
  facet normal -0.522558 -0.852604 -0
    outer loop
      vertex 9.04656 61.2899 2
      vertex 8.89939 61.3801 1.8
      vertex 9.04656 61.2899 1.8
    endloop
  endfacet
  facet normal -0.382908 -0.923787 0
    outer loop
      vertex 8.73992 61.4462 1.8
      vertex 8.89939 61.3801 2
      vertex 8.73992 61.4462 2
    endloop
  endfacet
  facet normal -0.382908 -0.923787 -0
    outer loop
      vertex 8.89939 61.3801 2
      vertex 8.73992 61.4462 1.8
      vertex 8.89939 61.3801 1.8
    endloop
  endfacet
  facet normal -0.852677 0.522438 0
    outer loop
      vertex 9.28992 59.7534 1.8
      vertex 9.38011 59.9006 2
      vertex 9.38011 59.9006 1.8
    endloop
  endfacet
  facet normal -0.852677 0.522438 0
    outer loop
      vertex 9.38011 59.9006 2
      vertex 9.28992 59.7534 1.8
      vertex 9.28992 59.7534 2
    endloop
  endfacet
  facet normal -0.0782116 0.996937 0
    outer loop
      vertex 8.57208 59.3135 1.8
      vertex 8.4 59.3 2
      vertex 8.57208 59.3135 2
    endloop
  endfacet
  facet normal -0.0782116 0.996937 0
    outer loop
      vertex 8.4 59.3 2
      vertex 8.57208 59.3135 1.8
      vertex 8.4 59.3 1.8
    endloop
  endfacet
  facet normal -0.233474 0.972363 0
    outer loop
      vertex 8.73992 59.3538 1.8
      vertex 8.57208 59.3135 2
      vertex 8.73992 59.3538 2
    endloop
  endfacet
  facet normal -0.233474 0.972363 0
    outer loop
      vertex 8.57208 59.3135 2
      vertex 8.73992 59.3538 1.8
      vertex 8.57208 59.3135 1.8
    endloop
  endfacet
  facet normal 0.649426 -0.760425 0
    outer loop
      vertex 7.62218 61.1778 2
      vertex 7.75344 61.2899 2.2
      vertex 7.62218 61.1778 2.2
    endloop
  endfacet
  facet normal 0.649426 -0.760425 0
    outer loop
      vertex 7.62218 61.1778 2
      vertex 7.75344 61.2899 2
      vertex 7.75344 61.2899 2.2
    endloop
  endfacet
  facet normal 0.649426 -0.760425 0
    outer loop
      vertex 7.62218 61.1778 1.8
      vertex 7.75344 61.2899 2
      vertex 7.62218 61.1778 2
    endloop
  endfacet
  facet normal 0.649426 -0.760425 0
    outer loop
      vertex 7.75344 61.2899 2
      vertex 7.62218 61.1778 1.8
      vertex 7.75344 61.2899 1.8
    endloop
  endfacet
  facet normal -0.760278 -0.649598 0
    outer loop
      vertex 9.28992 61.0466 1.8
      vertex 9.17782 61.1778 2
      vertex 9.17782 61.1778 1.8
    endloop
  endfacet
  facet normal -0.760278 -0.649598 0
    outer loop
      vertex 9.17782 61.1778 2
      vertex 9.28992 61.0466 1.8
      vertex 9.28992 61.0466 2
    endloop
  endfacet
  facet normal -0.923914 -0.382599 0
    outer loop
      vertex 9.44616 60.7399 1.8
      vertex 9.38011 60.8994 2
      vertex 9.38011 60.8994 1.8
    endloop
  endfacet
  facet normal -0.923914 -0.382599 0
    outer loop
      vertex 9.38011 60.8994 2
      vertex 9.44616 60.7399 1.8
      vertex 9.44616 60.7399 2
    endloop
  endfacet
  facet normal 0.97235 -0.233526 0
    outer loop
      vertex 7.31354 60.5721 2
      vertex 7.35384 60.7399 2
      vertex 7.35384 60.7399 2.2
    endloop
  endfacet
  facet normal 0.97235 -0.233526 0
    outer loop
      vertex 7.31354 60.5721 2
      vertex 7.35384 60.7399 2.2
      vertex 7.31354 60.5721 2.2
    endloop
  endfacet
  facet normal 0.97235 -0.233526 0
    outer loop
      vertex 7.35384 60.7399 2
      vertex 7.31354 60.5721 2
      vertex 7.35384 60.7399 1.8
    endloop
  endfacet
  facet normal 0.97235 -0.233526 0
    outer loop
      vertex 7.35384 60.7399 1.8
      vertex 7.31354 60.5721 2
      vertex 7.31354 60.5721 1.8
    endloop
  endfacet
  facet normal 0.852677 -0.522438 0
    outer loop
      vertex 7.41989 60.8994 2
      vertex 7.51008 61.0466 2
      vertex 7.51008 61.0466 2.2
    endloop
  endfacet
  facet normal 0.852677 -0.522438 0
    outer loop
      vertex 7.41989 60.8994 2
      vertex 7.51008 61.0466 2.2
      vertex 7.41989 60.8994 2.2
    endloop
  endfacet
  facet normal 0.852677 -0.522438 0
    outer loop
      vertex 7.51008 61.0466 2
      vertex 7.41989 60.8994 2
      vertex 7.51008 61.0466 1.8
    endloop
  endfacet
  facet normal 0.852677 -0.522438 0
    outer loop
      vertex 7.51008 61.0466 1.8
      vertex 7.41989 60.8994 2
      vertex 7.41989 60.8994 1.8
    endloop
  endfacet
  facet normal -0.97235 0.233526 0
    outer loop
      vertex 9.44616 60.0601 1.8
      vertex 9.48646 60.2279 2
      vertex 9.48646 60.2279 1.8
    endloop
  endfacet
  facet normal -0.97235 0.233526 0
    outer loop
      vertex 9.48646 60.2279 2
      vertex 9.44616 60.0601 1.8
      vertex 9.44616 60.0601 2
    endloop
  endfacet
  facet normal -0.923914 0.382599 0
    outer loop
      vertex 9.38011 59.9006 1.8
      vertex 9.44616 60.0601 2
      vertex 9.44616 60.0601 1.8
    endloop
  endfacet
  facet normal -0.923914 0.382599 0
    outer loop
      vertex 9.44616 60.0601 2
      vertex 9.38011 59.9006 1.8
      vertex 9.38011 59.9006 2
    endloop
  endfacet
  facet normal -0.649426 -0.760425 0
    outer loop
      vertex 9.04656 61.2899 1.8
      vertex 9.17782 61.1778 2
      vertex 9.04656 61.2899 2
    endloop
  endfacet
  facet normal -0.649426 -0.760425 -0
    outer loop
      vertex 9.17782 61.1778 2
      vertex 9.04656 61.2899 1.8
      vertex 9.17782 61.1778 1.8
    endloop
  endfacet
  facet normal 0.522558 -0.852604 0
    outer loop
      vertex 7.75344 61.2899 2
      vertex 7.90061 61.3801 2.2
      vertex 7.75344 61.2899 2.2
    endloop
  endfacet
  facet normal 0.522558 -0.852604 0
    outer loop
      vertex 7.75344 61.2899 2
      vertex 7.90061 61.3801 2
      vertex 7.90061 61.3801 2.2
    endloop
  endfacet
  facet normal 0.522558 -0.852604 0
    outer loop
      vertex 7.75344 61.2899 1.8
      vertex 7.90061 61.3801 2
      vertex 7.75344 61.2899 2
    endloop
  endfacet
  facet normal 0.522558 -0.852604 0
    outer loop
      vertex 7.90061 61.3801 2
      vertex 7.75344 61.2899 1.8
      vertex 7.90061 61.3801 1.8
    endloop
  endfacet
  facet normal -0.760278 0.649598 0
    outer loop
      vertex 9.17782 59.6222 1.8
      vertex 9.28992 59.7534 2
      vertex 9.28992 59.7534 1.8
    endloop
  endfacet
  facet normal -0.760278 0.649598 0
    outer loop
      vertex 9.28992 59.7534 2
      vertex 9.17782 59.6222 1.8
      vertex 9.17782 59.6222 2
    endloop
  endfacet
  facet normal 0.97235 0.233526 0
    outer loop
      vertex 7.35384 60.0601 2
      vertex 7.31354 60.2279 1.8
      vertex 7.31354 60.2279 2
    endloop
  endfacet
  facet normal 0.97235 0.233526 0
    outer loop
      vertex 7.31354 60.2279 1.8
      vertex 7.35384 60.0601 2
      vertex 7.35384 60.0601 1.8
    endloop
  endfacet
  facet normal 0.760278 -0.649598 0
    outer loop
      vertex 7.51008 61.0466 2
      vertex 7.62218 61.1778 2
      vertex 7.62218 61.1778 2.2
    endloop
  endfacet
  facet normal 0.760278 -0.649598 0
    outer loop
      vertex 7.51008 61.0466 2
      vertex 7.62218 61.1778 2.2
      vertex 7.51008 61.0466 2.2
    endloop
  endfacet
  facet normal 0.760278 -0.649598 0
    outer loop
      vertex 7.62218 61.1778 2
      vertex 7.51008 61.0466 2
      vertex 7.62218 61.1778 1.8
    endloop
  endfacet
  facet normal 0.760278 -0.649598 0
    outer loop
      vertex 7.62218 61.1778 1.8
      vertex 7.51008 61.0466 2
      vertex 7.51008 61.0466 1.8
    endloop
  endfacet
  facet normal 0.382908 0.923787 -0
    outer loop
      vertex 8.06008 59.3538 1.8
      vertex 7.90061 59.4199 2
      vertex 8.06008 59.3538 2
    endloop
  endfacet
  facet normal 0.382908 0.923787 0
    outer loop
      vertex 7.90061 59.4199 2
      vertex 8.06008 59.3538 1.8
      vertex 7.90061 59.4199 1.8
    endloop
  endfacet
  facet normal 0.996919 0.0784328 0
    outer loop
      vertex 7.31354 60.2279 2
      vertex 7.3 60.4 1.8
      vertex 7.3 60.4 2
    endloop
  endfacet
  facet normal 0.996919 0.0784328 0
    outer loop
      vertex 7.3 60.4 1.8
      vertex 7.31354 60.2279 2
      vertex 7.31354 60.2279 1.8
    endloop
  endfacet
  facet normal 0.996919 -0.0784328 0
    outer loop
      vertex 7.3 60.4 2
      vertex 7.31354 60.5721 2
      vertex 7.31354 60.5721 2.2
    endloop
  endfacet
  facet normal 0.996919 -0.0784328 0
    outer loop
      vertex 7.3 60.4 2
      vertex 7.31354 60.5721 2.2
      vertex 7.3 60.4 2.2
    endloop
  endfacet
  facet normal 0.996919 -0.0784328 0
    outer loop
      vertex 7.31354 60.5721 2
      vertex 7.3 60.4 2
      vertex 7.31354 60.5721 1.8
    endloop
  endfacet
  facet normal 0.996919 -0.0784328 0
    outer loop
      vertex 7.31354 60.5721 1.8
      vertex 7.3 60.4 2
      vertex 7.3 60.4 1.8
    endloop
  endfacet
  facet normal -0.852677 -0.522438 0
    outer loop
      vertex 9.38011 60.8994 1.8
      vertex 9.28992 61.0466 2
      vertex 9.28992 61.0466 1.8
    endloop
  endfacet
  facet normal -0.852677 -0.522438 0
    outer loop
      vertex 9.28992 61.0466 2
      vertex 9.38011 60.8994 1.8
      vertex 9.38011 60.8994 2
    endloop
  endfacet
  facet normal 0.0782116 -0.996937 0
    outer loop
      vertex 8.22792 61.4865 2
      vertex 8.4 61.5 2.2
      vertex 8.22792 61.4865 2.2
    endloop
  endfacet
  facet normal 0.0782116 -0.996937 0
    outer loop
      vertex 8.22792 61.4865 2
      vertex 8.4 61.5 2
      vertex 8.4 61.5 2.2
    endloop
  endfacet
  facet normal 0.0782116 -0.996937 0
    outer loop
      vertex 8.22792 61.4865 1.8
      vertex 8.4 61.5 2
      vertex 8.22792 61.4865 2
    endloop
  endfacet
  facet normal 0.0782116 -0.996937 0
    outer loop
      vertex 8.4 61.5 2
      vertex 8.22792 61.4865 1.8
      vertex 8.4 61.5 1.8
    endloop
  endfacet
  facet normal -0.233474 -0.972363 0
    outer loop
      vertex 8.57208 61.4865 1.8
      vertex 8.73992 61.4462 2
      vertex 8.57208 61.4865 2
    endloop
  endfacet
  facet normal -0.233474 -0.972363 -0
    outer loop
      vertex 8.73992 61.4462 2
      vertex 8.57208 61.4865 1.8
      vertex 8.73992 61.4462 1.8
    endloop
  endfacet
  facet normal 0.923914 0.382599 0
    outer loop
      vertex 7.41989 59.9006 2
      vertex 7.35384 60.0601 1.8
      vertex 7.35384 60.0601 2
    endloop
  endfacet
  facet normal 0.923914 0.382599 0
    outer loop
      vertex 7.35384 60.0601 1.8
      vertex 7.41989 59.9006 2
      vertex 7.41989 59.9006 1.8
    endloop
  endfacet
  facet normal -0.0782116 -0.996937 0
    outer loop
      vertex 8.4 61.5 1.8
      vertex 8.57208 61.4865 2
      vertex 8.4 61.5 2
    endloop
  endfacet
  facet normal -0.0782116 -0.996937 -0
    outer loop
      vertex 8.57208 61.4865 2
      vertex 8.4 61.5 1.8
      vertex 8.57208 61.4865 1.8
    endloop
  endfacet
  facet normal 0.522558 0.852604 -0
    outer loop
      vertex 7.90061 59.4199 1.8
      vertex 7.75344 59.5101 2
      vertex 7.90061 59.4199 2
    endloop
  endfacet
  facet normal 0.522558 0.852604 0
    outer loop
      vertex 7.75344 59.5101 2
      vertex 7.90061 59.4199 1.8
      vertex 7.75344 59.5101 1.8
    endloop
  endfacet
  facet normal 0.923914 -0.382599 0
    outer loop
      vertex 7.35384 60.7399 2
      vertex 7.41989 60.8994 2
      vertex 7.41989 60.8994 2.2
    endloop
  endfacet
  facet normal 0.923914 -0.382599 0
    outer loop
      vertex 7.35384 60.7399 2
      vertex 7.41989 60.8994 2.2
      vertex 7.35384 60.7399 2.2
    endloop
  endfacet
  facet normal 0.923914 -0.382599 0
    outer loop
      vertex 7.41989 60.8994 2
      vertex 7.35384 60.7399 2
      vertex 7.41989 60.8994 1.8
    endloop
  endfacet
  facet normal 0.923914 -0.382599 0
    outer loop
      vertex 7.41989 60.8994 1.8
      vertex 7.35384 60.7399 2
      vertex 7.35384 60.7399 1.8
    endloop
  endfacet
  facet normal -0.649471 0.760386 0
    outer loop
      vertex 61.9556 6.84437 0
      vertex 61.6931 6.62016 1.8
      vertex 61.9556 6.84437 1.8
    endloop
  endfacet
  facet normal -0.649471 0.760386 0
    outer loop
      vertex 61.6931 6.62016 1.8
      vertex 61.9556 6.84437 0
      vertex 61.6931 6.62016 0
    endloop
  endfacet
  facet normal 0.923889 0.382661 0
    outer loop
      vertex 58.4398 7.40122 1.8
      vertex 58.3077 7.72016 0
      vertex 58.3077 7.72016 1.8
    endloop
  endfacet
  facet normal 0.923889 0.382661 0
    outer loop
      vertex 58.3077 7.72016 0
      vertex 58.4398 7.40122 1.8
      vertex 58.4398 7.40122 0
    endloop
  endfacet
  facet normal 0.996914 -0.0784995 0
    outer loop
      vertex 58.2 8.4 1.8
      vertex 58.2271 8.74416 0
      vertex 58.2271 8.74416 1.8
    endloop
  endfacet
  facet normal 0.996914 -0.0784995 0
    outer loop
      vertex 58.2271 8.74416 0
      vertex 58.2 8.4 1.8
      vertex 58.2 8.4 0
    endloop
  endfacet
  facet normal -0.972363 -0.233474 0
    outer loop
      vertex 62.5729 8.74416 0
      vertex 62.4923 9.07984 1.8
      vertex 62.4923 9.07984 0
    endloop
  endfacet
  facet normal -0.972363 -0.233474 0
    outer loop
      vertex 62.4923 9.07984 1.8
      vertex 62.5729 8.74416 0
      vertex 62.5729 8.74416 1.8
    endloop
  endfacet
  facet normal -0.233499 0.972357 0
    outer loop
      vertex 61.0798 6.30768 0
      vertex 60.7442 6.22709 1.8
      vertex 61.0798 6.30768 1.8
    endloop
  endfacet
  facet normal -0.233499 0.972357 0
    outer loop
      vertex 60.7442 6.22709 1.8
      vertex 61.0798 6.30768 0
      vertex 60.7442 6.22709 0
    endloop
  endfacet
  facet normal -0.760413 -0.64944 0
    outer loop
      vertex 62.1798 9.69313 0
      vertex 61.9556 9.95564 1.8
      vertex 61.9556 9.95564 0
    endloop
  endfacet
  facet normal -0.760413 -0.64944 0
    outer loop
      vertex 61.9556 9.95564 1.8
      vertex 62.1798 9.69313 0
      vertex 62.1798 9.69313 1.8
    endloop
  endfacet
  facet normal -0.760401 0.649454 0
    outer loop
      vertex 61.9556 6.84437 0
      vertex 62.1798 7.10687 1.8
      vertex 62.1798 7.10687 0
    endloop
  endfacet
  facet normal -0.760401 0.649454 0
    outer loop
      vertex 62.1798 7.10687 1.8
      vertex 61.9556 6.84437 0
      vertex 61.9556 6.84437 1.8
    endloop
  endfacet
  facet normal 0.649387 -0.760458 0
    outer loop
      vertex 58.8444 9.95564 0
      vertex 59.1069 10.1798 1.8
      vertex 58.8444 9.95564 1.8
    endloop
  endfacet
  facet normal 0.649387 -0.760458 0
    outer loop
      vertex 59.1069 10.1798 1.8
      vertex 58.8444 9.95564 0
      vertex 59.1069 10.1798 0
    endloop
  endfacet
  facet normal -0.0784616 0.996917 0
    outer loop
      vertex 60.7442 6.22709 0
      vertex 60.4 6.2 1.8
      vertex 60.7442 6.22709 1.8
    endloop
  endfacet
  facet normal -0.0784616 0.996917 0
    outer loop
      vertex 60.4 6.2 1.8
      vertex 60.7442 6.22709 0
      vertex 60.4 6.2 0
    endloop
  endfacet
  facet normal 0.996914 0.0784995 0
    outer loop
      vertex 58.2271 8.05584 1.8
      vertex 58.2 8.4 0
      vertex 58.2 8.4 1.8
    endloop
  endfacet
  facet normal 0.996914 0.0784995 0
    outer loop
      vertex 58.2 8.4 0
      vertex 58.2271 8.05584 1.8
      vertex 58.2271 8.05584 0
    endloop
  endfacet
  facet normal -0.382599 -0.923914 0
    outer loop
      vertex 61.0798 10.4923 0
      vertex 61.3988 10.3602 1.8
      vertex 61.0798 10.4923 1.8
    endloop
  endfacet
  facet normal -0.382599 -0.923914 -0
    outer loop
      vertex 61.3988 10.3602 1.8
      vertex 61.0798 10.4923 0
      vertex 61.3988 10.3602 0
    endloop
  endfacet
  facet normal -0.996914 -0.0784995 0
    outer loop
      vertex 62.6 8.4 0
      vertex 62.5729 8.74416 1.8
      vertex 62.5729 8.74416 0
    endloop
  endfacet
  facet normal -0.996914 -0.0784995 0
    outer loop
      vertex 62.5729 8.74416 1.8
      vertex 62.6 8.4 0
      vertex 62.6 8.4 1.8
    endloop
  endfacet
  facet normal 0.852612 0.522545 0
    outer loop
      vertex 58.6202 7.10687 1.8
      vertex 58.4398 7.40122 0
      vertex 58.4398 7.40122 1.8
    endloop
  endfacet
  facet normal 0.852612 0.522545 0
    outer loop
      vertex 58.4398 7.40122 0
      vertex 58.6202 7.10687 1.8
      vertex 58.6202 7.10687 0
    endloop
  endfacet
  facet normal 0.972363 0.233474 0
    outer loop
      vertex 58.3077 7.72016 1.8
      vertex 58.2271 8.05584 0
      vertex 58.2271 8.05584 1.8
    endloop
  endfacet
  facet normal 0.972363 0.233474 0
    outer loop
      vertex 58.2271 8.05584 0
      vertex 58.3077 7.72016 1.8
      vertex 58.3077 7.72016 0
    endloop
  endfacet
  facet normal -0.52261 -0.852572 0
    outer loop
      vertex 61.3988 10.3602 0
      vertex 61.6931 10.1798 1.8
      vertex 61.3988 10.3602 1.8
    endloop
  endfacet
  facet normal -0.52261 -0.852572 -0
    outer loop
      vertex 61.6931 10.1798 1.8
      vertex 61.3988 10.3602 0
      vertex 61.6931 10.1798 0
    endloop
  endfacet
  facet normal 0.0784904 -0.996915 0
    outer loop
      vertex 60.0558 10.5729 0
      vertex 60.4 10.6 1.8
      vertex 60.0558 10.5729 1.8
    endloop
  endfacet
  facet normal 0.0784904 -0.996915 0
    outer loop
      vertex 60.4 10.6 1.8
      vertex 60.0558 10.5729 0
      vertex 60.4 10.6 0
    endloop
  endfacet
  facet normal -0.923889 -0.382661 0
    outer loop
      vertex 62.4923 9.07984 0
      vertex 62.3602 9.39878 1.8
      vertex 62.3602 9.39878 0
    endloop
  endfacet
  facet normal -0.923889 -0.382661 0
    outer loop
      vertex 62.3602 9.39878 1.8
      vertex 62.4923 9.07984 0
      vertex 62.4923 9.07984 1.8
    endloop
  endfacet
  facet normal -0.852612 0.522545 0
    outer loop
      vertex 62.1798 7.10687 0
      vertex 62.3602 7.40122 1.8
      vertex 62.3602 7.40122 0
    endloop
  endfacet
  facet normal -0.852612 0.522545 0
    outer loop
      vertex 62.3602 7.40122 1.8
      vertex 62.1798 7.10687 0
      vertex 62.1798 7.10687 1.8
    endloop
  endfacet
  facet normal 0.382599 -0.923914 0
    outer loop
      vertex 59.4012 10.3602 0
      vertex 59.7202 10.4923 1.8
      vertex 59.4012 10.3602 1.8
    endloop
  endfacet
  facet normal 0.382599 -0.923914 0
    outer loop
      vertex 59.7202 10.4923 1.8
      vertex 59.4012 10.3602 0
      vertex 59.7202 10.4923 0
    endloop
  endfacet
  facet normal -0.233526 -0.97235 0
    outer loop
      vertex 60.7442 10.5729 0
      vertex 61.0798 10.4923 1.8
      vertex 60.7442 10.5729 1.8
    endloop
  endfacet
  facet normal -0.233526 -0.97235 -0
    outer loop
      vertex 61.0798 10.4923 1.8
      vertex 60.7442 10.5729 0
      vertex 61.0798 10.4923 0
    endloop
  endfacet
  facet normal 0.233499 0.972357 -0
    outer loop
      vertex 60.0558 6.22709 0
      vertex 59.7202 6.30768 1.8
      vertex 60.0558 6.22709 1.8
    endloop
  endfacet
  facet normal 0.233499 0.972357 0
    outer loop
      vertex 59.7202 6.30768 1.8
      vertex 60.0558 6.22709 0
      vertex 59.7202 6.30768 0
    endloop
  endfacet
  facet normal 0.649471 0.760386 -0
    outer loop
      vertex 59.1069 6.62016 0
      vertex 58.8444 6.84437 1.8
      vertex 59.1069 6.62016 1.8
    endloop
  endfacet
  facet normal 0.649471 0.760386 0
    outer loop
      vertex 58.8444 6.84437 1.8
      vertex 59.1069 6.62016 0
      vertex 58.8444 6.84437 0
    endloop
  endfacet
  facet normal -0.852612 -0.522545 0
    outer loop
      vertex 62.3602 9.39878 0
      vertex 62.1798 9.69313 1.8
      vertex 62.1798 9.69313 0
    endloop
  endfacet
  facet normal -0.852612 -0.522545 0
    outer loop
      vertex 62.1798 9.69313 1.8
      vertex 62.3602 9.39878 0
      vertex 62.3602 9.39878 1.8
    endloop
  endfacet
  facet normal -0.649387 -0.760458 0
    outer loop
      vertex 61.6931 10.1798 0
      vertex 61.9556 9.95564 1.8
      vertex 61.6931 10.1798 1.8
    endloop
  endfacet
  facet normal -0.649387 -0.760458 -0
    outer loop
      vertex 61.9556 9.95564 1.8
      vertex 61.6931 10.1798 0
      vertex 61.9556 9.95564 0
    endloop
  endfacet
  facet normal 0 0 -1
    outer loop
      vertex 61.5 8.4 1.8
      vertex 62.6 8.4 1.8
      vertex 62.5729 8.05584 1.8
    endloop
  endfacet
  facet normal 0 0 -1
    outer loop
      vertex 61.4865 8.22792 1.8
      vertex 62.5729 8.05584 1.8
      vertex 62.4923 7.72016 1.8
    endloop
  endfacet
  facet normal 0 0 -1
    outer loop
      vertex 62.6 8.4 1.8
      vertex 61.5 8.4 1.8
      vertex 62.5729 8.74416 1.8
    endloop
  endfacet
  facet normal 0 0 -1
    outer loop
      vertex 61.4462 8.06008 1.8
      vertex 62.4923 7.72016 1.8
      vertex 62.3602 7.40122 1.8
    endloop
  endfacet
  facet normal 0 0 -1
    outer loop
      vertex 61.4865 8.57208 1.8
      vertex 62.5729 8.74416 1.8
      vertex 61.5 8.4 1.8
    endloop
  endfacet
  facet normal 0 0 -1
    outer loop
      vertex 61.3801 7.90061 1.8
      vertex 62.3602 7.40122 1.8
      vertex 62.1798 7.10687 1.8
    endloop
  endfacet
  facet normal -0 0 -1
    outer loop
      vertex 62.5729 8.74416 1.8
      vertex 61.4865 8.57208 1.8
      vertex 62.4923 9.07984 1.8
    endloop
  endfacet
  facet normal 0 0 -1
    outer loop
      vertex 61.2899 7.75344 1.8
      vertex 62.1798 7.10687 1.8
      vertex 61.9556 6.84437 1.8
    endloop
  endfacet
  facet normal 0 0 -1
    outer loop
      vertex 61.4462 8.73992 1.8
      vertex 62.4923 9.07984 1.8
      vertex 61.4865 8.57208 1.8
    endloop
  endfacet
  facet normal 0 0 -1
    outer loop
      vertex 61.1778 7.62218 1.8
      vertex 61.9556 6.84437 1.8
      vertex 61.6931 6.62016 1.8
    endloop
  endfacet
  facet normal -0 0 -1
    outer loop
      vertex 62.4923 9.07984 1.8
      vertex 61.4462 8.73992 1.8
      vertex 62.3602 9.39878 1.8
    endloop
  endfacet
  facet normal 0 0 -1
    outer loop
      vertex 61.3801 8.89939 1.8
      vertex 62.3602 9.39878 1.8
      vertex 61.4462 8.73992 1.8
    endloop
  endfacet
  facet normal 0 0 -1
    outer loop
      vertex 62.5729 8.05584 1.8
      vertex 61.4865 8.22792 1.8
      vertex 61.5 8.4 1.8
    endloop
  endfacet
  facet normal 0 0 -1
    outer loop
      vertex 62.4923 7.72016 1.8
      vertex 61.4462 8.06008 1.8
      vertex 61.4865 8.22792 1.8
    endloop
  endfacet
  facet normal 0 0 -1
    outer loop
      vertex 61.0466 7.51008 1.8
      vertex 61.6931 6.62016 1.8
      vertex 61.3988 6.43979 1.8
    endloop
  endfacet
  facet normal 0 0 -1
    outer loop
      vertex 62.3602 7.40122 1.8
      vertex 61.3801 7.90061 1.8
      vertex 61.4462 8.06008 1.8
    endloop
  endfacet
  facet normal 0 0 -1
    outer loop
      vertex 62.1798 7.10687 1.8
      vertex 61.2899 7.75344 1.8
      vertex 61.3801 7.90061 1.8
    endloop
  endfacet
  facet normal 0 0 -1
    outer loop
      vertex 61.9556 6.84437 1.8
      vertex 61.1778 7.62218 1.8
      vertex 61.2899 7.75344 1.8
    endloop
  endfacet
  facet normal 0 0 -1
    outer loop
      vertex 60.8994 7.41989 1.8
      vertex 61.3988 6.43979 1.8
      vertex 61.0798 6.30768 1.8
    endloop
  endfacet
  facet normal 0 0 -1
    outer loop
      vertex 61.6931 6.62016 1.8
      vertex 61.0466 7.51008 1.8
      vertex 61.1778 7.62218 1.8
    endloop
  endfacet
  facet normal 0 0 -1
    outer loop
      vertex 61.3988 6.43979 1.8
      vertex 60.8994 7.41989 1.8
      vertex 61.0466 7.51008 1.8
    endloop
  endfacet
  facet normal 0 0 -1
    outer loop
      vertex 60.7399 7.35384 1.8
      vertex 61.0798 6.30768 1.8
      vertex 60.7442 6.22709 1.8
    endloop
  endfacet
  facet normal 0 0 -1
    outer loop
      vertex 61.0798 6.30768 1.8
      vertex 60.7399 7.35384 1.8
      vertex 60.8994 7.41989 1.8
    endloop
  endfacet
  facet normal 0 0 -1
    outer loop
      vertex 60.7442 6.22709 1.8
      vertex 60.5721 7.31354 1.8
      vertex 60.7399 7.35384 1.8
    endloop
  endfacet
  facet normal 0 0 -1
    outer loop
      vertex 60.4 6.2 1.8
      vertex 60.5721 7.31354 1.8
      vertex 60.7442 6.22709 1.8
    endloop
  endfacet
  facet normal 0 0 -1
    outer loop
      vertex 60.4 6.2 1.8
      vertex 60.4 7.3 1.8
      vertex 60.5721 7.31354 1.8
    endloop
  endfacet
  facet normal 0 0 -1
    outer loop
      vertex 60.4 6.2 1.8
      vertex 60.2279 7.31354 1.8
      vertex 60.4 7.3 1.8
    endloop
  endfacet
  facet normal 0 0 -1
    outer loop
      vertex 60.0558 6.22709 1.8
      vertex 60.2279 7.31354 1.8
      vertex 60.4 6.2 1.8
    endloop
  endfacet
  facet normal -0 0 -1
    outer loop
      vertex 60.2279 7.31354 1.8
      vertex 60.0558 6.22709 1.8
      vertex 60.0601 7.35384 1.8
    endloop
  endfacet
  facet normal 0 0 -1
    outer loop
      vertex 59.7202 6.30768 1.8
      vertex 60.0601 7.35384 1.8
      vertex 60.0558 6.22709 1.8
    endloop
  endfacet
  facet normal -0 0 -1
    outer loop
      vertex 60.0601 7.35384 1.8
      vertex 59.7202 6.30768 1.8
      vertex 59.9006 7.41989 1.8
    endloop
  endfacet
  facet normal 0 0 -1
    outer loop
      vertex 59.4012 6.43979 1.8
      vertex 59.9006 7.41989 1.8
      vertex 59.7202 6.30768 1.8
    endloop
  endfacet
  facet normal -0 0 -1
    outer loop
      vertex 59.9006 7.41989 1.8
      vertex 59.4012 6.43979 1.8
      vertex 59.7534 7.51008 1.8
    endloop
  endfacet
  facet normal 0 0 -1
    outer loop
      vertex 59.1069 6.62016 1.8
      vertex 59.7534 7.51008 1.8
      vertex 59.4012 6.43979 1.8
    endloop
  endfacet
  facet normal -0 0 -1
    outer loop
      vertex 59.7534 7.51008 1.8
      vertex 59.1069 6.62016 1.8
      vertex 59.6222 7.62218 1.8
    endloop
  endfacet
  facet normal 0 0 -1
    outer loop
      vertex 58.8444 6.84437 1.8
      vertex 59.6222 7.62218 1.8
      vertex 59.1069 6.62016 1.8
    endloop
  endfacet
  facet normal -0 0 -1
    outer loop
      vertex 59.6222 7.62218 1.8
      vertex 58.8444 6.84437 1.8
      vertex 59.5101 7.75344 1.8
    endloop
  endfacet
  facet normal 0 0 -1
    outer loop
      vertex 58.6202 7.10687 1.8
      vertex 59.5101 7.75344 1.8
      vertex 58.8444 6.84437 1.8
    endloop
  endfacet
  facet normal -0 0 -1
    outer loop
      vertex 59.5101 7.75344 1.8
      vertex 58.6202 7.10687 1.8
      vertex 59.4199 7.90061 1.8
    endloop
  endfacet
  facet normal 0 0 -1
    outer loop
      vertex 58.4398 7.40122 1.8
      vertex 59.4199 7.90061 1.8
      vertex 58.6202 7.10687 1.8
    endloop
  endfacet
  facet normal -0 0 -1
    outer loop
      vertex 62.3602 9.39878 1.8
      vertex 61.3801 8.89939 1.8
      vertex 62.1798 9.69313 1.8
    endloop
  endfacet
  facet normal 0 0 -1
    outer loop
      vertex 61.2899 9.04656 1.8
      vertex 62.1798 9.69313 1.8
      vertex 61.3801 8.89939 1.8
    endloop
  endfacet
  facet normal -0 0 -1
    outer loop
      vertex 62.1798 9.69313 1.8
      vertex 61.2899 9.04656 1.8
      vertex 61.9556 9.95564 1.8
    endloop
  endfacet
  facet normal 0 0 -1
    outer loop
      vertex 61.1778 9.17782 1.8
      vertex 61.9556 9.95564 1.8
      vertex 61.2899 9.04656 1.8
    endloop
  endfacet
  facet normal -0 0 -1
    outer loop
      vertex 61.9556 9.95564 1.8
      vertex 61.1778 9.17782 1.8
      vertex 61.6931 10.1798 1.8
    endloop
  endfacet
  facet normal 0 0 -1
    outer loop
      vertex 61.0466 9.28992 1.8
      vertex 61.6931 10.1798 1.8
      vertex 61.1778 9.17782 1.8
    endloop
  endfacet
  facet normal -0 0 -1
    outer loop
      vertex 61.6931 10.1798 1.8
      vertex 61.0466 9.28992 1.8
      vertex 61.3988 10.3602 1.8
    endloop
  endfacet
  facet normal 0 0 -1
    outer loop
      vertex 60.8994 9.38011 1.8
      vertex 61.3988 10.3602 1.8
      vertex 61.0466 9.28992 1.8
    endloop
  endfacet
  facet normal -0 0 -1
    outer loop
      vertex 61.3988 10.3602 1.8
      vertex 60.8994 9.38011 1.8
      vertex 61.0798 10.4923 1.8
    endloop
  endfacet
  facet normal 0 0 -1
    outer loop
      vertex 60.7399 9.44616 1.8
      vertex 61.0798 10.4923 1.8
      vertex 60.8994 9.38011 1.8
    endloop
  endfacet
  facet normal -0 0 -1
    outer loop
      vertex 61.0798 10.4923 1.8
      vertex 60.7399 9.44616 1.8
      vertex 60.7442 10.5729 1.8
    endloop
  endfacet
  facet normal 0 0 -1
    outer loop
      vertex 60.5721 9.48646 1.8
      vertex 60.7442 10.5729 1.8
      vertex 60.7399 9.44616 1.8
    endloop
  endfacet
  facet normal 0 0 -1
    outer loop
      vertex 60.4 9.5 1.8
      vertex 60.7442 10.5729 1.8
      vertex 60.5721 9.48646 1.8
    endloop
  endfacet
  facet normal 0 0 -1
    outer loop
      vertex 60.4 9.5 1.8
      vertex 60.4 10.6 1.8
      vertex 60.7442 10.5729 1.8
    endloop
  endfacet
  facet normal 0 0 -1
    outer loop
      vertex 60.2279 9.48646 1.8
      vertex 60.4 10.6 1.8
      vertex 60.4 9.5 1.8
    endloop
  endfacet
  facet normal 0 0 -1
    outer loop
      vertex 60.0558 10.5729 1.8
      vertex 60.2279 9.48646 1.8
      vertex 60.0601 9.44616 1.8
    endloop
  endfacet
  facet normal 0 0 -1
    outer loop
      vertex 60.2279 9.48646 1.8
      vertex 60.0558 10.5729 1.8
      vertex 60.4 10.6 1.8
    endloop
  endfacet
  facet normal 0 0 -1
    outer loop
      vertex 59.7202 10.4923 1.8
      vertex 60.0601 9.44616 1.8
      vertex 59.9006 9.38011 1.8
    endloop
  endfacet
  facet normal 0 0 -1
    outer loop
      vertex 59.4012 10.3602 1.8
      vertex 59.9006 9.38011 1.8
      vertex 59.7534 9.28992 1.8
    endloop
  endfacet
  facet normal 0 0 -1
    outer loop
      vertex 60.0601 9.44616 1.8
      vertex 59.7202 10.4923 1.8
      vertex 60.0558 10.5729 1.8
    endloop
  endfacet
  facet normal 0 0 -1
    outer loop
      vertex 59.1069 10.1798 1.8
      vertex 59.7534 9.28992 1.8
      vertex 59.6222 9.17782 1.8
    endloop
  endfacet
  facet normal 0 0 -1
    outer loop
      vertex 58.8444 9.95564 1.8
      vertex 59.6222 9.17782 1.8
      vertex 59.5101 9.04656 1.8
    endloop
  endfacet
  facet normal 0 0 -1
    outer loop
      vertex 58.6202 9.69313 1.8
      vertex 59.5101 9.04656 1.8
      vertex 59.4199 8.89939 1.8
    endloop
  endfacet
  facet normal 0 0 -1
    outer loop
      vertex 59.9006 9.38011 1.8
      vertex 59.4012 10.3602 1.8
      vertex 59.7202 10.4923 1.8
    endloop
  endfacet
  facet normal 0 0 -1
    outer loop
      vertex 58.4398 9.39878 1.8
      vertex 59.4199 8.89939 1.8
      vertex 59.3538 8.73992 1.8
    endloop
  endfacet
  facet normal 0 0 -1
    outer loop
      vertex 58.3077 9.07984 1.8
      vertex 59.3538 8.73992 1.8
      vertex 59.3135 8.57208 1.8
    endloop
  endfacet
  facet normal 0 0 -1
    outer loop
      vertex 58.2271 8.74416 1.8
      vertex 59.3135 8.57208 1.8
      vertex 59.3 8.4 1.8
    endloop
  endfacet
  facet normal -0 0 -1
    outer loop
      vertex 59.4199 7.90061 1.8
      vertex 58.4398 7.40122 1.8
      vertex 59.3538 8.06008 1.8
    endloop
  endfacet
  facet normal 0 0 -1
    outer loop
      vertex 59.7534 9.28992 1.8
      vertex 59.1069 10.1798 1.8
      vertex 59.4012 10.3602 1.8
    endloop
  endfacet
  facet normal 0 0 -1
    outer loop
      vertex 58.3077 7.72016 1.8
      vertex 59.3538 8.06008 1.8
      vertex 58.4398 7.40122 1.8
    endloop
  endfacet
  facet normal 0 0 -1
    outer loop
      vertex 59.6222 9.17782 1.8
      vertex 58.8444 9.95564 1.8
      vertex 59.1069 10.1798 1.8
    endloop
  endfacet
  facet normal -0 0 -1
    outer loop
      vertex 59.3538 8.06008 1.8
      vertex 58.3077 7.72016 1.8
      vertex 59.3135 8.22792 1.8
    endloop
  endfacet
  facet normal 0 0 -1
    outer loop
      vertex 59.5101 9.04656 1.8
      vertex 58.6202 9.69313 1.8
      vertex 58.8444 9.95564 1.8
    endloop
  endfacet
  facet normal 0 0 -1
    outer loop
      vertex 58.2271 8.05584 1.8
      vertex 59.3135 8.22792 1.8
      vertex 58.3077 7.72016 1.8
    endloop
  endfacet
  facet normal 0 0 -1
    outer loop
      vertex 59.4199 8.89939 1.8
      vertex 58.4398 9.39878 1.8
      vertex 58.6202 9.69313 1.8
    endloop
  endfacet
  facet normal -0 0 -1
    outer loop
      vertex 59.3135 8.22792 1.8
      vertex 58.2271 8.05584 1.8
      vertex 59.3 8.4 1.8
    endloop
  endfacet
  facet normal 0 0 -1
    outer loop
      vertex 59.3538 8.73992 1.8
      vertex 58.3077 9.07984 1.8
      vertex 58.4398 9.39878 1.8
    endloop
  endfacet
  facet normal 0 0 -1
    outer loop
      vertex 58.2 8.4 1.8
      vertex 59.3 8.4 1.8
      vertex 58.2271 8.05584 1.8
    endloop
  endfacet
  facet normal 0 0 -1
    outer loop
      vertex 59.3135 8.57208 1.8
      vertex 58.2271 8.74416 1.8
      vertex 58.3077 9.07984 1.8
    endloop
  endfacet
  facet normal 0 0 -1
    outer loop
      vertex 59.3 8.4 1.8
      vertex 58.2 8.4 1.8
      vertex 58.2271 8.74416 1.8
    endloop
  endfacet
  facet normal 0.972363 -0.233474 0
    outer loop
      vertex 58.2271 8.74416 1.8
      vertex 58.3077 9.07984 0
      vertex 58.3077 9.07984 1.8
    endloop
  endfacet
  facet normal 0.972363 -0.233474 0
    outer loop
      vertex 58.3077 9.07984 0
      vertex 58.2271 8.74416 1.8
      vertex 58.2271 8.74416 0
    endloop
  endfacet
  facet normal 0.760413 -0.64944 0
    outer loop
      vertex 58.6202 9.69313 1.8
      vertex 58.8444 9.95564 0
      vertex 58.8444 9.95564 1.8
    endloop
  endfacet
  facet normal 0.760413 -0.64944 0
    outer loop
      vertex 58.8444 9.95564 0
      vertex 58.6202 9.69313 1.8
      vertex 58.6202 9.69313 0
    endloop
  endfacet
  facet normal 0.233526 -0.97235 0
    outer loop
      vertex 59.7202 10.4923 0
      vertex 60.0558 10.5729 1.8
      vertex 59.7202 10.4923 1.8
    endloop
  endfacet
  facet normal 0.233526 -0.97235 0
    outer loop
      vertex 60.0558 10.5729 1.8
      vertex 59.7202 10.4923 0
      vertex 60.0558 10.5729 0
    endloop
  endfacet
  facet normal -0.382624 0.923904 0
    outer loop
      vertex 61.3988 6.43979 0
      vertex 61.0798 6.30768 1.8
      vertex 61.3988 6.43979 1.8
    endloop
  endfacet
  facet normal -0.382624 0.923904 0
    outer loop
      vertex 61.0798 6.30768 1.8
      vertex 61.3988 6.43979 0
      vertex 61.0798 6.30768 0
    endloop
  endfacet
  facet normal 0.760401 0.649454 0
    outer loop
      vertex 58.8444 6.84437 1.8
      vertex 58.6202 7.10687 0
      vertex 58.6202 7.10687 1.8
    endloop
  endfacet
  facet normal 0.760401 0.649454 0
    outer loop
      vertex 58.6202 7.10687 0
      vertex 58.8444 6.84437 1.8
      vertex 58.8444 6.84437 0
    endloop
  endfacet
  facet normal -0.996914 0.0784995 0
    outer loop
      vertex 62.5729 8.05584 0
      vertex 62.6 8.4 1.8
      vertex 62.6 8.4 0
    endloop
  endfacet
  facet normal -0.996914 0.0784995 0
    outer loop
      vertex 62.6 8.4 1.8
      vertex 62.5729 8.05584 0
      vertex 62.5729 8.05584 1.8
    endloop
  endfacet
  facet normal 0.852612 -0.522545 0
    outer loop
      vertex 58.4398 9.39878 1.8
      vertex 58.6202 9.69313 0
      vertex 58.6202 9.69313 1.8
    endloop
  endfacet
  facet normal 0.852612 -0.522545 0
    outer loop
      vertex 58.6202 9.69313 0
      vertex 58.4398 9.39878 1.8
      vertex 58.4398 9.39878 0
    endloop
  endfacet
  facet normal -0.972363 0.233474 0
    outer loop
      vertex 62.4923 7.72016 0
      vertex 62.5729 8.05584 1.8
      vertex 62.5729 8.05584 0
    endloop
  endfacet
  facet normal -0.972363 0.233474 0
    outer loop
      vertex 62.5729 8.05584 1.8
      vertex 62.4923 7.72016 0
      vertex 62.4923 7.72016 1.8
    endloop
  endfacet
  facet normal 0.522546 0.852611 -0
    outer loop
      vertex 59.4012 6.43979 0
      vertex 59.1069 6.62016 1.8
      vertex 59.4012 6.43979 1.8
    endloop
  endfacet
  facet normal 0.522546 0.852611 0
    outer loop
      vertex 59.1069 6.62016 1.8
      vertex 59.4012 6.43979 0
      vertex 59.1069 6.62016 0
    endloop
  endfacet
  facet normal -0.923889 0.382661 0
    outer loop
      vertex 62.3602 7.40122 0
      vertex 62.4923 7.72016 1.8
      vertex 62.4923 7.72016 0
    endloop
  endfacet
  facet normal -0.923889 0.382661 0
    outer loop
      vertex 62.4923 7.72016 1.8
      vertex 62.3602 7.40122 0
      vertex 62.3602 7.40122 1.8
    endloop
  endfacet
  facet normal -0.0784904 -0.996915 0
    outer loop
      vertex 60.4 10.6 0
      vertex 60.7442 10.5729 1.8
      vertex 60.4 10.6 1.8
    endloop
  endfacet
  facet normal -0.0784904 -0.996915 -0
    outer loop
      vertex 60.7442 10.5729 1.8
      vertex 60.4 10.6 0
      vertex 60.7442 10.5729 0
    endloop
  endfacet
  facet normal 0.382624 0.923904 -0
    outer loop
      vertex 59.7202 6.30768 0
      vertex 59.4012 6.43979 1.8
      vertex 59.7202 6.30768 1.8
    endloop
  endfacet
  facet normal 0.382624 0.923904 0
    outer loop
      vertex 59.4012 6.43979 1.8
      vertex 59.7202 6.30768 0
      vertex 59.4012 6.43979 0
    endloop
  endfacet
  facet normal 0.52261 -0.852572 0
    outer loop
      vertex 59.1069 10.1798 0
      vertex 59.4012 10.3602 1.8
      vertex 59.1069 10.1798 1.8
    endloop
  endfacet
  facet normal 0.52261 -0.852572 0
    outer loop
      vertex 59.4012 10.3602 1.8
      vertex 59.1069 10.1798 0
      vertex 59.4012 10.3602 0
    endloop
  endfacet
  facet normal 0.923889 -0.382661 0
    outer loop
      vertex 58.3077 9.07984 1.8
      vertex 58.4398 9.39878 0
      vertex 58.4398 9.39878 1.8
    endloop
  endfacet
  facet normal 0.923889 -0.382661 0
    outer loop
      vertex 58.4398 9.39878 0
      vertex 58.3077 9.07984 1.8
      vertex 58.3077 9.07984 0
    endloop
  endfacet
  facet normal 0.0784616 0.996917 -0
    outer loop
      vertex 60.4 6.2 0
      vertex 60.0558 6.22709 1.8
      vertex 60.4 6.2 1.8
    endloop
  endfacet
  facet normal 0.0784616 0.996917 0
    outer loop
      vertex 60.0558 6.22709 1.8
      vertex 60.4 6.2 0
      vertex 60.0558 6.22709 0
    endloop
  endfacet
  facet normal -0.522546 0.852611 0
    outer loop
      vertex 61.6931 6.62016 0
      vertex 61.3988 6.43979 1.8
      vertex 61.6931 6.62016 1.8
    endloop
  endfacet
  facet normal -0.522546 0.852611 0
    outer loop
      vertex 61.3988 6.43979 1.8
      vertex 61.6931 6.62016 0
      vertex 61.3988 6.43979 0
    endloop
  endfacet
  facet normal 0.972363 -0.233474 0
    outer loop
      vertex 59.3135 8.57208 2
      vertex 59.3538 8.73992 1.8
      vertex 59.3538 8.73992 2
    endloop
  endfacet
  facet normal 0.972363 -0.233474 0
    outer loop
      vertex 59.3538 8.73992 1.8
      vertex 59.3135 8.57208 2
      vertex 59.3135 8.57208 1.8
    endloop
  endfacet
  facet normal -0.972363 -0.233474 0
    outer loop
      vertex 61.4865 8.57208 1.8
      vertex 61.4462 8.73992 2
      vertex 61.4462 8.73992 1.8
    endloop
  endfacet
  facet normal -0.972363 -0.233474 0
    outer loop
      vertex 61.4462 8.73992 2
      vertex 61.4865 8.57208 1.8
      vertex 61.4865 8.57208 2
    endloop
  endfacet
  facet normal -0.996937 -0.0782116 0
    outer loop
      vertex 61.5 8.4 1.8
      vertex 61.4865 8.57208 2
      vertex 61.4865 8.57208 1.8
    endloop
  endfacet
  facet normal -0.996937 -0.0782116 0
    outer loop
      vertex 61.4865 8.57208 2
      vertex 61.5 8.4 1.8
      vertex 61.5 8.4 2
    endloop
  endfacet
  facet normal 0.382599 -0.923914 0
    outer loop
      vertex 59.9006 9.38011 1.8
      vertex 60.0601 9.44616 2
      vertex 59.9006 9.38011 2
    endloop
  endfacet
  facet normal 0.382599 -0.923914 0
    outer loop
      vertex 60.0601 9.44616 2
      vertex 59.9006 9.38011 1.8
      vertex 60.0601 9.44616 1.8
    endloop
  endfacet
  facet normal -0.522438 0.852677 0
    outer loop
      vertex 61.0466 7.51008 2
      vertex 60.8994 7.41989 2.2
      vertex 61.0466 7.51008 2.2
    endloop
  endfacet
  facet normal -0.522438 0.852677 0
    outer loop
      vertex 61.0466 7.51008 2
      vertex 60.8994 7.41989 2
      vertex 60.8994 7.41989 2.2
    endloop
  endfacet
  facet normal -0.522438 0.852677 0
    outer loop
      vertex 61.0466 7.51008 1.8
      vertex 60.8994 7.41989 2
      vertex 61.0466 7.51008 2
    endloop
  endfacet
  facet normal -0.522438 0.852677 0
    outer loop
      vertex 60.8994 7.41989 2
      vertex 61.0466 7.51008 1.8
      vertex 60.8994 7.41989 1.8
    endloop
  endfacet
  facet normal 0.233526 0.97235 -0
    outer loop
      vertex 60.2279 7.31354 1.8
      vertex 60.0601 7.35384 2
      vertex 60.2279 7.31354 2
    endloop
  endfacet
  facet normal 0.233526 0.97235 0
    outer loop
      vertex 60.0601 7.35384 2
      vertex 60.2279 7.31354 1.8
      vertex 60.0601 7.35384 1.8
    endloop
  endfacet
  facet normal 0.0784328 0.996919 -0
    outer loop
      vertex 60.4 7.3 1.8
      vertex 60.2279 7.31354 2
      vertex 60.4 7.3 2
    endloop
  endfacet
  facet normal 0.0784328 0.996919 0
    outer loop
      vertex 60.2279 7.31354 2
      vertex 60.4 7.3 1.8
      vertex 60.2279 7.31354 1.8
    endloop
  endfacet
  facet normal 0.382599 0.923914 -0
    outer loop
      vertex 60.0601 7.35384 1.8
      vertex 59.9006 7.41989 2
      vertex 60.0601 7.35384 2
    endloop
  endfacet
  facet normal 0.382599 0.923914 0
    outer loop
      vertex 59.9006 7.41989 2
      vertex 60.0601 7.35384 1.8
      vertex 59.9006 7.41989 1.8
    endloop
  endfacet
  facet normal -0.382599 0.923914 0
    outer loop
      vertex 60.8994 7.41989 2
      vertex 60.7399 7.35384 2.2
      vertex 60.8994 7.41989 2.2
    endloop
  endfacet
  facet normal -0.382599 0.923914 0
    outer loop
      vertex 60.8994 7.41989 2
      vertex 60.7399 7.35384 2
      vertex 60.7399 7.35384 2.2
    endloop
  endfacet
  facet normal -0.382599 0.923914 0
    outer loop
      vertex 60.8994 7.41989 1.8
      vertex 60.7399 7.35384 2
      vertex 60.8994 7.41989 2
    endloop
  endfacet
  facet normal -0.382599 0.923914 0
    outer loop
      vertex 60.7399 7.35384 2
      vertex 60.8994 7.41989 1.8
      vertex 60.7399 7.35384 1.8
    endloop
  endfacet
  facet normal 0.233526 -0.97235 0
    outer loop
      vertex 60.0601 9.44616 1.8
      vertex 60.2279 9.48646 2
      vertex 60.0601 9.44616 2
    endloop
  endfacet
  facet normal 0.233526 -0.97235 0
    outer loop
      vertex 60.2279 9.48646 2
      vertex 60.0601 9.44616 1.8
      vertex 60.2279 9.48646 1.8
    endloop
  endfacet
  facet normal -0.233526 -0.97235 0
    outer loop
      vertex 60.5721 9.48646 1.8
      vertex 60.7399 9.44616 2
      vertex 60.5721 9.48646 2
    endloop
  endfacet
  facet normal -0.233526 -0.97235 -0
    outer loop
      vertex 60.7399 9.44616 2
      vertex 60.5721 9.48646 1.8
      vertex 60.7399 9.44616 1.8
    endloop
  endfacet
  facet normal 0.852604 0.522558 0
    outer loop
      vertex 59.5101 7.75344 2
      vertex 59.4199 7.90061 1.8
      vertex 59.4199 7.90061 2
    endloop
  endfacet
  facet normal 0.852604 0.522558 0
    outer loop
      vertex 59.4199 7.90061 1.8
      vertex 59.5101 7.75344 2
      vertex 59.5101 7.75344 1.8
    endloop
  endfacet
  facet normal -0.996937 0.0782116 0
    outer loop
      vertex 61.4865 8.22792 2
      vertex 61.5 8.4 2
      vertex 61.5 8.4 1.8
    endloop
  endfacet
  facet normal -0.996937 0.0782116 0
    outer loop
      vertex 61.4865 8.22792 2
      vertex 61.5 8.4 1.8
      vertex 61.4865 8.22792 1.8
    endloop
  endfacet
  facet normal -0.996937 0.0782116 0
    outer loop
      vertex 61.5 8.4 2
      vertex 61.4865 8.22792 2
      vertex 61.5 8.4 2.2
    endloop
  endfacet
  facet normal -0.996937 0.0782116 0
    outer loop
      vertex 61.5 8.4 2.2
      vertex 61.4865 8.22792 2
      vertex 61.4865 8.22792 2.2
    endloop
  endfacet
  facet normal 0.649598 0.760278 -0
    outer loop
      vertex 59.7534 7.51008 1.8
      vertex 59.6222 7.62218 2
      vertex 59.7534 7.51008 2
    endloop
  endfacet
  facet normal 0.649598 0.760278 0
    outer loop
      vertex 59.6222 7.62218 2
      vertex 59.7534 7.51008 1.8
      vertex 59.6222 7.62218 1.8
    endloop
  endfacet
  facet normal 0.972363 0.233474 0
    outer loop
      vertex 59.3538 8.06008 2
      vertex 59.3135 8.22792 1.8
      vertex 59.3135 8.22792 2
    endloop
  endfacet
  facet normal 0.972363 0.233474 0
    outer loop
      vertex 59.3135 8.22792 1.8
      vertex 59.3538 8.06008 2
      vertex 59.3538 8.06008 1.8
    endloop
  endfacet
  facet normal 0.760425 -0.649426 0
    outer loop
      vertex 59.5101 9.04656 2
      vertex 59.6222 9.17782 1.8
      vertex 59.6222 9.17782 2
    endloop
  endfacet
  facet normal 0.760425 -0.649426 0
    outer loop
      vertex 59.6222 9.17782 1.8
      vertex 59.5101 9.04656 2
      vertex 59.5101 9.04656 1.8
    endloop
  endfacet
  facet normal -0.649598 0.760278 0
    outer loop
      vertex 61.1778 7.62218 2
      vertex 61.0466 7.51008 2.2
      vertex 61.1778 7.62218 2.2
    endloop
  endfacet
  facet normal -0.649598 0.760278 0
    outer loop
      vertex 61.1778 7.62218 2
      vertex 61.0466 7.51008 2
      vertex 61.0466 7.51008 2.2
    endloop
  endfacet
  facet normal -0.649598 0.760278 0
    outer loop
      vertex 61.1778 7.62218 1.8
      vertex 61.0466 7.51008 2
      vertex 61.1778 7.62218 2
    endloop
  endfacet
  facet normal -0.649598 0.760278 0
    outer loop
      vertex 61.0466 7.51008 2
      vertex 61.1778 7.62218 1.8
      vertex 61.0466 7.51008 1.8
    endloop
  endfacet
  facet normal -0.923787 0.382908 0
    outer loop
      vertex 61.3801 7.90061 2
      vertex 61.4462 8.06008 2
      vertex 61.4462 8.06008 1.8
    endloop
  endfacet
  facet normal -0.923787 0.382908 0
    outer loop
      vertex 61.3801 7.90061 2
      vertex 61.4462 8.06008 1.8
      vertex 61.3801 7.90061 1.8
    endloop
  endfacet
  facet normal -0.923787 0.382908 0
    outer loop
      vertex 61.4462 8.06008 2
      vertex 61.3801 7.90061 2
      vertex 61.4462 8.06008 2.2
    endloop
  endfacet
  facet normal -0.923787 0.382908 0
    outer loop
      vertex 61.4462 8.06008 2.2
      vertex 61.3801 7.90061 2
      vertex 61.3801 7.90061 2.2
    endloop
  endfacet
  facet normal 0.760425 0.649426 0
    outer loop
      vertex 59.6222 7.62218 2
      vertex 59.5101 7.75344 1.8
      vertex 59.5101 7.75344 2
    endloop
  endfacet
  facet normal 0.760425 0.649426 0
    outer loop
      vertex 59.5101 7.75344 1.8
      vertex 59.6222 7.62218 2
      vertex 59.6222 7.62218 1.8
    endloop
  endfacet
  facet normal 0.649598 -0.760278 0
    outer loop
      vertex 59.6222 9.17782 1.8
      vertex 59.7534 9.28992 2
      vertex 59.6222 9.17782 2
    endloop
  endfacet
  facet normal 0.649598 -0.760278 0
    outer loop
      vertex 59.7534 9.28992 2
      vertex 59.6222 9.17782 1.8
      vertex 59.7534 9.28992 1.8
    endloop
  endfacet
  facet normal -0.852604 0.522558 0
    outer loop
      vertex 61.2899 7.75344 2
      vertex 61.3801 7.90061 2
      vertex 61.3801 7.90061 1.8
    endloop
  endfacet
  facet normal -0.852604 0.522558 0
    outer loop
      vertex 61.2899 7.75344 2
      vertex 61.3801 7.90061 1.8
      vertex 61.2899 7.75344 1.8
    endloop
  endfacet
  facet normal -0.852604 0.522558 0
    outer loop
      vertex 61.3801 7.90061 2
      vertex 61.2899 7.75344 2
      vertex 61.3801 7.90061 2.2
    endloop
  endfacet
  facet normal -0.852604 0.522558 0
    outer loop
      vertex 61.3801 7.90061 2.2
      vertex 61.2899 7.75344 2
      vertex 61.2899 7.75344 2.2
    endloop
  endfacet
  facet normal -0.760425 -0.649426 0
    outer loop
      vertex 61.2899 9.04656 1.8
      vertex 61.1778 9.17782 2
      vertex 61.1778 9.17782 1.8
    endloop
  endfacet
  facet normal -0.760425 -0.649426 0
    outer loop
      vertex 61.1778 9.17782 2
      vertex 61.2899 9.04656 1.8
      vertex 61.2899 9.04656 2
    endloop
  endfacet
  facet normal -0.233526 0.97235 0
    outer loop
      vertex 60.7399 7.35384 2
      vertex 60.5721 7.31354 2.2
      vertex 60.7399 7.35384 2.2
    endloop
  endfacet
  facet normal -0.233526 0.97235 0
    outer loop
      vertex 60.7399 7.35384 2
      vertex 60.5721 7.31354 2
      vertex 60.5721 7.31354 2.2
    endloop
  endfacet
  facet normal -0.233526 0.97235 0
    outer loop
      vertex 60.7399 7.35384 1.8
      vertex 60.5721 7.31354 2
      vertex 60.7399 7.35384 2
    endloop
  endfacet
  facet normal -0.233526 0.97235 0
    outer loop
      vertex 60.5721 7.31354 2
      vertex 60.7399 7.35384 1.8
      vertex 60.5721 7.31354 1.8
    endloop
  endfacet
  facet normal 0.923787 0.382908 0
    outer loop
      vertex 59.4199 7.90061 2
      vertex 59.3538 8.06008 1.8
      vertex 59.3538 8.06008 2
    endloop
  endfacet
  facet normal 0.923787 0.382908 0
    outer loop
      vertex 59.3538 8.06008 1.8
      vertex 59.4199 7.90061 2
      vertex 59.4199 7.90061 1.8
    endloop
  endfacet
  facet normal 0.852604 -0.522558 0
    outer loop
      vertex 59.4199 8.89939 2
      vertex 59.5101 9.04656 1.8
      vertex 59.5101 9.04656 2
    endloop
  endfacet
  facet normal 0.852604 -0.522558 0
    outer loop
      vertex 59.5101 9.04656 1.8
      vertex 59.4199 8.89939 2
      vertex 59.4199 8.89939 1.8
    endloop
  endfacet
  facet normal -0.972363 0.233474 0
    outer loop
      vertex 61.4462 8.06008 2
      vertex 61.4865 8.22792 2
      vertex 61.4865 8.22792 1.8
    endloop
  endfacet
  facet normal -0.972363 0.233474 0
    outer loop
      vertex 61.4462 8.06008 2
      vertex 61.4865 8.22792 1.8
      vertex 61.4462 8.06008 1.8
    endloop
  endfacet
  facet normal -0.972363 0.233474 0
    outer loop
      vertex 61.4865 8.22792 2
      vertex 61.4462 8.06008 2
      vertex 61.4865 8.22792 2.2
    endloop
  endfacet
  facet normal -0.972363 0.233474 0
    outer loop
      vertex 61.4865 8.22792 2.2
      vertex 61.4462 8.06008 2
      vertex 61.4462 8.06008 2.2
    endloop
  endfacet
  facet normal -0.382599 -0.923914 0
    outer loop
      vertex 60.7399 9.44616 1.8
      vertex 60.8994 9.38011 2
      vertex 60.7399 9.44616 2
    endloop
  endfacet
  facet normal -0.382599 -0.923914 -0
    outer loop
      vertex 60.8994 9.38011 2
      vertex 60.7399 9.44616 1.8
      vertex 60.8994 9.38011 1.8
    endloop
  endfacet
  facet normal -0.649598 -0.760278 0
    outer loop
      vertex 61.0466 9.28992 1.8
      vertex 61.1778 9.17782 2
      vertex 61.0466 9.28992 2
    endloop
  endfacet
  facet normal -0.649598 -0.760278 -0
    outer loop
      vertex 61.1778 9.17782 2
      vertex 61.0466 9.28992 1.8
      vertex 61.1778 9.17782 1.8
    endloop
  endfacet
  facet normal 0.923787 -0.382908 0
    outer loop
      vertex 59.3538 8.73992 2
      vertex 59.4199 8.89939 1.8
      vertex 59.4199 8.89939 2
    endloop
  endfacet
  facet normal 0.923787 -0.382908 0
    outer loop
      vertex 59.4199 8.89939 1.8
      vertex 59.3538 8.73992 2
      vertex 59.3538 8.73992 1.8
    endloop
  endfacet
  facet normal -0.522438 -0.852677 0
    outer loop
      vertex 60.8994 9.38011 1.8
      vertex 61.0466 9.28992 2
      vertex 60.8994 9.38011 2
    endloop
  endfacet
  facet normal -0.522438 -0.852677 -0
    outer loop
      vertex 61.0466 9.28992 2
      vertex 60.8994 9.38011 1.8
      vertex 61.0466 9.28992 1.8
    endloop
  endfacet
  facet normal -0.0784328 0.996919 0
    outer loop
      vertex 60.5721 7.31354 2
      vertex 60.4 7.3 2.2
      vertex 60.5721 7.31354 2.2
    endloop
  endfacet
  facet normal -0.0784328 0.996919 0
    outer loop
      vertex 60.5721 7.31354 2
      vertex 60.4 7.3 2
      vertex 60.4 7.3 2.2
    endloop
  endfacet
  facet normal -0.0784328 0.996919 0
    outer loop
      vertex 60.5721 7.31354 1.8
      vertex 60.4 7.3 2
      vertex 60.5721 7.31354 2
    endloop
  endfacet
  facet normal -0.0784328 0.996919 0
    outer loop
      vertex 60.4 7.3 2
      vertex 60.5721 7.31354 1.8
      vertex 60.4 7.3 1.8
    endloop
  endfacet
  facet normal 0.0784328 -0.996919 0
    outer loop
      vertex 60.2279 9.48646 1.8
      vertex 60.4 9.5 2
      vertex 60.2279 9.48646 2
    endloop
  endfacet
  facet normal 0.0784328 -0.996919 0
    outer loop
      vertex 60.4 9.5 2
      vertex 60.2279 9.48646 1.8
      vertex 60.4 9.5 1.8
    endloop
  endfacet
  facet normal -0.852604 -0.522558 0
    outer loop
      vertex 61.3801 8.89939 1.8
      vertex 61.2899 9.04656 2
      vertex 61.2899 9.04656 1.8
    endloop
  endfacet
  facet normal -0.852604 -0.522558 0
    outer loop
      vertex 61.2899 9.04656 2
      vertex 61.3801 8.89939 1.8
      vertex 61.3801 8.89939 2
    endloop
  endfacet
  facet normal 0.996937 -0.0782116 0
    outer loop
      vertex 59.3 8.4 2
      vertex 59.3135 8.57208 1.8
      vertex 59.3135 8.57208 2
    endloop
  endfacet
  facet normal 0.996937 -0.0782116 0
    outer loop
      vertex 59.3135 8.57208 1.8
      vertex 59.3 8.4 2
      vertex 59.3 8.4 1.8
    endloop
  endfacet
  facet normal 0.996937 0.0782116 0
    outer loop
      vertex 59.3135 8.22792 2
      vertex 59.3 8.4 1.8
      vertex 59.3 8.4 2
    endloop
  endfacet
  facet normal 0.996937 0.0782116 0
    outer loop
      vertex 59.3 8.4 1.8
      vertex 59.3135 8.22792 2
      vertex 59.3135 8.22792 1.8
    endloop
  endfacet
  facet normal -0.760425 0.649426 0
    outer loop
      vertex 61.1778 7.62218 2
      vertex 61.2899 7.75344 2
      vertex 61.2899 7.75344 1.8
    endloop
  endfacet
  facet normal -0.760425 0.649426 0
    outer loop
      vertex 61.1778 7.62218 2
      vertex 61.2899 7.75344 1.8
      vertex 61.1778 7.62218 1.8
    endloop
  endfacet
  facet normal -0.760425 0.649426 0
    outer loop
      vertex 61.2899 7.75344 2
      vertex 61.1778 7.62218 2
      vertex 61.2899 7.75344 2.2
    endloop
  endfacet
  facet normal -0.760425 0.649426 0
    outer loop
      vertex 61.2899 7.75344 2.2
      vertex 61.1778 7.62218 2
      vertex 61.1778 7.62218 2.2
    endloop
  endfacet
  facet normal -0.0784328 -0.996919 0
    outer loop
      vertex 60.4 9.5 1.8
      vertex 60.5721 9.48646 2
      vertex 60.4 9.5 2
    endloop
  endfacet
  facet normal -0.0784328 -0.996919 -0
    outer loop
      vertex 60.5721 9.48646 2
      vertex 60.4 9.5 1.8
      vertex 60.5721 9.48646 1.8
    endloop
  endfacet
  facet normal -0.923787 -0.382908 0
    outer loop
      vertex 61.4462 8.73992 1.8
      vertex 61.3801 8.89939 2
      vertex 61.3801 8.89939 1.8
    endloop
  endfacet
  facet normal -0.923787 -0.382908 0
    outer loop
      vertex 61.3801 8.89939 2
      vertex 61.4462 8.73992 1.8
      vertex 61.4462 8.73992 2
    endloop
  endfacet
  facet normal 0.522438 -0.852677 0
    outer loop
      vertex 59.7534 9.28992 1.8
      vertex 59.9006 9.38011 2
      vertex 59.7534 9.28992 2
    endloop
  endfacet
  facet normal 0.522438 -0.852677 0
    outer loop
      vertex 59.9006 9.38011 2
      vertex 59.7534 9.28992 1.8
      vertex 59.9006 9.38011 1.8
    endloop
  endfacet
  facet normal 0.522438 0.852677 -0
    outer loop
      vertex 59.9006 7.41989 1.8
      vertex 59.7534 7.51008 2
      vertex 59.9006 7.41989 2
    endloop
  endfacet
  facet normal 0.522438 0.852677 0
    outer loop
      vertex 59.7534 7.51008 2
      vertex 59.9006 7.41989 1.8
      vertex 59.7534 7.51008 1.8
    endloop
  endfacet
  facet normal -0.97235 -0.233526 0
    outer loop
      vertex 62.5729 60.7442 0
      vertex 62.4923 61.0798 1.8
      vertex 62.4923 61.0798 0
    endloop
  endfacet
  facet normal -0.97235 -0.233526 0
    outer loop
      vertex 62.4923 61.0798 1.8
      vertex 62.5729 60.7442 0
      vertex 62.5729 60.7442 1.8
    endloop
  endfacet
  facet normal -0.996915 -0.0784904 0
    outer loop
      vertex 62.6 60.4 0
      vertex 62.5729 60.7442 1.8
      vertex 62.5729 60.7442 0
    endloop
  endfacet
  facet normal -0.996915 -0.0784904 0
    outer loop
      vertex 62.5729 60.7442 1.8
      vertex 62.6 60.4 0
      vertex 62.6 60.4 1.8
    endloop
  endfacet
  facet normal -0.852572 -0.52261 0
    outer loop
      vertex 62.3602 61.3988 0
      vertex 62.1798 61.6931 1.8
      vertex 62.1798 61.6931 0
    endloop
  endfacet
  facet normal -0.852572 -0.52261 0
    outer loop
      vertex 62.1798 61.6931 1.8
      vertex 62.3602 61.3988 0
      vertex 62.3602 61.3988 1.8
    endloop
  endfacet
  facet normal -0.760401 -0.649454 0
    outer loop
      vertex 62.1798 61.6931 0
      vertex 61.9556 61.9556 1.8
      vertex 61.9556 61.9556 0
    endloop
  endfacet
  facet normal -0.760401 -0.649454 0
    outer loop
      vertex 61.9556 61.9556 1.8
      vertex 62.1798 61.6931 0
      vertex 62.1798 61.6931 1.8
    endloop
  endfacet
  facet normal 0.52261 -0.852572 0
    outer loop
      vertex 59.1069 62.1798 0
      vertex 59.4012 62.3602 1.8
      vertex 59.1069 62.1798 1.8
    endloop
  endfacet
  facet normal 0.52261 -0.852572 0
    outer loop
      vertex 59.4012 62.3602 1.8
      vertex 59.1069 62.1798 0
      vertex 59.4012 62.3602 0
    endloop
  endfacet
  facet normal 0.852572 0.52261 0
    outer loop
      vertex 58.6202 59.1069 1.8
      vertex 58.4398 59.4012 0
      vertex 58.4398 59.4012 1.8
    endloop
  endfacet
  facet normal 0.852572 0.52261 0
    outer loop
      vertex 58.4398 59.4012 0
      vertex 58.6202 59.1069 1.8
      vertex 58.6202 59.1069 0
    endloop
  endfacet
  facet normal -0.852572 0.52261 0
    outer loop
      vertex 62.1798 59.1069 0
      vertex 62.3602 59.4012 1.8
      vertex 62.3602 59.4012 0
    endloop
  endfacet
  facet normal -0.852572 0.52261 0
    outer loop
      vertex 62.3602 59.4012 1.8
      vertex 62.1798 59.1069 0
      vertex 62.1798 59.1069 1.8
    endloop
  endfacet
  facet normal 0.760401 0.649454 0
    outer loop
      vertex 58.8444 58.8444 1.8
      vertex 58.6202 59.1069 0
      vertex 58.6202 59.1069 1.8
    endloop
  endfacet
  facet normal 0.760401 0.649454 0
    outer loop
      vertex 58.6202 59.1069 0
      vertex 58.8444 58.8444 1.8
      vertex 58.8444 58.8444 0
    endloop
  endfacet
  facet normal 0.852572 -0.52261 0
    outer loop
      vertex 58.4398 61.3988 1.8
      vertex 58.6202 61.6931 0
      vertex 58.6202 61.6931 1.8
    endloop
  endfacet
  facet normal 0.852572 -0.52261 0
    outer loop
      vertex 58.6202 61.6931 0
      vertex 58.4398 61.3988 1.8
      vertex 58.4398 61.3988 0
    endloop
  endfacet
  facet normal 0.233526 0.97235 -0
    outer loop
      vertex 60.0558 58.2271 0
      vertex 59.7202 58.3077 1.8
      vertex 60.0558 58.2271 1.8
    endloop
  endfacet
  facet normal 0.233526 0.97235 0
    outer loop
      vertex 59.7202 58.3077 1.8
      vertex 60.0558 58.2271 0
      vertex 59.7202 58.3077 0
    endloop
  endfacet
  facet normal -0.923914 0.382599 0
    outer loop
      vertex 62.3602 59.4012 0
      vertex 62.4923 59.7202 1.8
      vertex 62.4923 59.7202 0
    endloop
  endfacet
  facet normal -0.923914 0.382599 0
    outer loop
      vertex 62.4923 59.7202 1.8
      vertex 62.3602 59.4012 0
      vertex 62.3602 59.4012 1.8
    endloop
  endfacet
  facet normal -0.233526 -0.97235 0
    outer loop
      vertex 60.7442 62.5729 0
      vertex 61.0798 62.4923 1.8
      vertex 60.7442 62.5729 1.8
    endloop
  endfacet
  facet normal -0.233526 -0.97235 -0
    outer loop
      vertex 61.0798 62.4923 1.8
      vertex 60.7442 62.5729 0
      vertex 61.0798 62.4923 0
    endloop
  endfacet
  facet normal -0.382599 -0.923914 0
    outer loop
      vertex 61.0798 62.4923 0
      vertex 61.3988 62.3602 1.8
      vertex 61.0798 62.4923 1.8
    endloop
  endfacet
  facet normal -0.382599 -0.923914 -0
    outer loop
      vertex 61.3988 62.3602 1.8
      vertex 61.0798 62.4923 0
      vertex 61.3988 62.3602 0
    endloop
  endfacet
  facet normal -0.996915 0.0784904 0
    outer loop
      vertex 62.5729 60.0558 0
      vertex 62.6 60.4 1.8
      vertex 62.6 60.4 0
    endloop
  endfacet
  facet normal -0.996915 0.0784904 0
    outer loop
      vertex 62.6 60.4 1.8
      vertex 62.5729 60.0558 0
      vertex 62.5729 60.0558 1.8
    endloop
  endfacet
  facet normal -0.52261 0.852572 0
    outer loop
      vertex 61.6931 58.6202 0
      vertex 61.3988 58.4398 1.8
      vertex 61.6931 58.6202 1.8
    endloop
  endfacet
  facet normal -0.52261 0.852572 0
    outer loop
      vertex 61.3988 58.4398 1.8
      vertex 61.6931 58.6202 0
      vertex 61.3988 58.4398 0
    endloop
  endfacet
  facet normal 0.97235 -0.233526 0
    outer loop
      vertex 58.2271 60.7442 1.8
      vertex 58.3077 61.0798 0
      vertex 58.3077 61.0798 1.8
    endloop
  endfacet
  facet normal 0.97235 -0.233526 0
    outer loop
      vertex 58.3077 61.0798 0
      vertex 58.2271 60.7442 1.8
      vertex 58.2271 60.7442 0
    endloop
  endfacet
  facet normal -0.0784904 -0.996915 0
    outer loop
      vertex 60.4 62.6 0
      vertex 60.7442 62.5729 1.8
      vertex 60.4 62.6 1.8
    endloop
  endfacet
  facet normal -0.0784904 -0.996915 -0
    outer loop
      vertex 60.7442 62.5729 1.8
      vertex 60.4 62.6 0
      vertex 60.7442 62.5729 0
    endloop
  endfacet
  facet normal -0.97235 0.233526 0
    outer loop
      vertex 62.4923 59.7202 0
      vertex 62.5729 60.0558 1.8
      vertex 62.5729 60.0558 0
    endloop
  endfacet
  facet normal -0.97235 0.233526 0
    outer loop
      vertex 62.5729 60.0558 1.8
      vertex 62.4923 59.7202 0
      vertex 62.4923 59.7202 1.8
    endloop
  endfacet
  facet normal -0.233526 0.97235 0
    outer loop
      vertex 61.0798 58.3077 0
      vertex 60.7442 58.2271 1.8
      vertex 61.0798 58.3077 1.8
    endloop
  endfacet
  facet normal -0.233526 0.97235 0
    outer loop
      vertex 60.7442 58.2271 1.8
      vertex 61.0798 58.3077 0
      vertex 60.7442 58.2271 0
    endloop
  endfacet
  facet normal 0.649454 -0.760401 0
    outer loop
      vertex 58.8444 61.9556 0
      vertex 59.1069 62.1798 1.8
      vertex 58.8444 61.9556 1.8
    endloop
  endfacet
  facet normal 0.649454 -0.760401 0
    outer loop
      vertex 59.1069 62.1798 1.8
      vertex 58.8444 61.9556 0
      vertex 59.1069 62.1798 0
    endloop
  endfacet
  facet normal -0.0784904 0.996915 0
    outer loop
      vertex 60.7442 58.2271 0
      vertex 60.4 58.2 1.8
      vertex 60.7442 58.2271 1.8
    endloop
  endfacet
  facet normal -0.0784904 0.996915 0
    outer loop
      vertex 60.4 58.2 1.8
      vertex 60.7442 58.2271 0
      vertex 60.4 58.2 0
    endloop
  endfacet
  facet normal 0.996915 -0.0784904 0
    outer loop
      vertex 58.2 60.4 1.8
      vertex 58.2271 60.7442 0
      vertex 58.2271 60.7442 1.8
    endloop
  endfacet
  facet normal 0.996915 -0.0784904 0
    outer loop
      vertex 58.2271 60.7442 0
      vertex 58.2 60.4 1.8
      vertex 58.2 60.4 0
    endloop
  endfacet
  facet normal 0.760401 -0.649454 0
    outer loop
      vertex 58.6202 61.6931 1.8
      vertex 58.8444 61.9556 0
      vertex 58.8444 61.9556 1.8
    endloop
  endfacet
  facet normal 0.760401 -0.649454 0
    outer loop
      vertex 58.8444 61.9556 0
      vertex 58.6202 61.6931 1.8
      vertex 58.6202 61.6931 0
    endloop
  endfacet
  facet normal -0.649454 -0.760401 0
    outer loop
      vertex 61.6931 62.1798 0
      vertex 61.9556 61.9556 1.8
      vertex 61.6931 62.1798 1.8
    endloop
  endfacet
  facet normal -0.649454 -0.760401 -0
    outer loop
      vertex 61.9556 61.9556 1.8
      vertex 61.6931 62.1798 0
      vertex 61.9556 61.9556 0
    endloop
  endfacet
  facet normal -0.382599 0.923914 0
    outer loop
      vertex 61.3988 58.4398 0
      vertex 61.0798 58.3077 1.8
      vertex 61.3988 58.4398 1.8
    endloop
  endfacet
  facet normal -0.382599 0.923914 0
    outer loop
      vertex 61.0798 58.3077 1.8
      vertex 61.3988 58.4398 0
      vertex 61.0798 58.3077 0
    endloop
  endfacet
  facet normal -0.52261 -0.852572 0
    outer loop
      vertex 61.3988 62.3602 0
      vertex 61.6931 62.1798 1.8
      vertex 61.3988 62.3602 1.8
    endloop
  endfacet
  facet normal -0.52261 -0.852572 -0
    outer loop
      vertex 61.6931 62.1798 1.8
      vertex 61.3988 62.3602 0
      vertex 61.6931 62.1798 0
    endloop
  endfacet
  facet normal -0.760401 0.649454 0
    outer loop
      vertex 61.9556 58.8444 0
      vertex 62.1798 59.1069 1.8
      vertex 62.1798 59.1069 0
    endloop
  endfacet
  facet normal -0.760401 0.649454 0
    outer loop
      vertex 62.1798 59.1069 1.8
      vertex 61.9556 58.8444 0
      vertex 61.9556 58.8444 1.8
    endloop
  endfacet
  facet normal 0.52261 0.852572 -0
    outer loop
      vertex 59.4012 58.4398 0
      vertex 59.1069 58.6202 1.8
      vertex 59.4012 58.4398 1.8
    endloop
  endfacet
  facet normal 0.52261 0.852572 0
    outer loop
      vertex 59.1069 58.6202 1.8
      vertex 59.4012 58.4398 0
      vertex 59.1069 58.6202 0
    endloop
  endfacet
  facet normal -0.649454 0.760401 0
    outer loop
      vertex 61.9556 58.8444 0
      vertex 61.6931 58.6202 1.8
      vertex 61.9556 58.8444 1.8
    endloop
  endfacet
  facet normal -0.649454 0.760401 0
    outer loop
      vertex 61.6931 58.6202 1.8
      vertex 61.9556 58.8444 0
      vertex 61.6931 58.6202 0
    endloop
  endfacet
  facet normal 0.649454 0.760401 -0
    outer loop
      vertex 59.1069 58.6202 0
      vertex 58.8444 58.8444 1.8
      vertex 59.1069 58.6202 1.8
    endloop
  endfacet
  facet normal 0.649454 0.760401 0
    outer loop
      vertex 58.8444 58.8444 1.8
      vertex 59.1069 58.6202 0
      vertex 58.8444 58.8444 0
    endloop
  endfacet
  facet normal 0.382599 -0.923914 0
    outer loop
      vertex 59.4012 62.3602 0
      vertex 59.7202 62.4923 1.8
      vertex 59.4012 62.3602 1.8
    endloop
  endfacet
  facet normal 0.382599 -0.923914 0
    outer loop
      vertex 59.7202 62.4923 1.8
      vertex 59.4012 62.3602 0
      vertex 59.7202 62.4923 0
    endloop
  endfacet
  facet normal 0.233526 -0.97235 0
    outer loop
      vertex 59.7202 62.4923 0
      vertex 60.0558 62.5729 1.8
      vertex 59.7202 62.4923 1.8
    endloop
  endfacet
  facet normal 0.233526 -0.97235 0
    outer loop
      vertex 60.0558 62.5729 1.8
      vertex 59.7202 62.4923 0
      vertex 60.0558 62.5729 0
    endloop
  endfacet
  facet normal -0.923914 -0.382599 0
    outer loop
      vertex 62.4923 61.0798 0
      vertex 62.3602 61.3988 1.8
      vertex 62.3602 61.3988 0
    endloop
  endfacet
  facet normal -0.923914 -0.382599 0
    outer loop
      vertex 62.3602 61.3988 1.8
      vertex 62.4923 61.0798 0
      vertex 62.4923 61.0798 1.8
    endloop
  endfacet
  facet normal 0 0 -1
    outer loop
      vertex 61.5 60.4 1.8
      vertex 62.6 60.4 1.8
      vertex 62.5729 60.0558 1.8
    endloop
  endfacet
  facet normal 0 0 -1
    outer loop
      vertex 61.4865 60.2279 1.8
      vertex 62.5729 60.0558 1.8
      vertex 62.4923 59.7202 1.8
    endloop
  endfacet
  facet normal 0 0 -1
    outer loop
      vertex 62.6 60.4 1.8
      vertex 61.5 60.4 1.8
      vertex 62.5729 60.7442 1.8
    endloop
  endfacet
  facet normal 0 0 -1
    outer loop
      vertex 61.4462 60.0601 1.8
      vertex 62.4923 59.7202 1.8
      vertex 62.3602 59.4012 1.8
    endloop
  endfacet
  facet normal 0 0 -1
    outer loop
      vertex 61.4865 60.5721 1.8
      vertex 62.5729 60.7442 1.8
      vertex 61.5 60.4 1.8
    endloop
  endfacet
  facet normal 0 0 -1
    outer loop
      vertex 61.3801 59.9006 1.8
      vertex 62.3602 59.4012 1.8
      vertex 62.1798 59.1069 1.8
    endloop
  endfacet
  facet normal -0 0 -1
    outer loop
      vertex 62.5729 60.7442 1.8
      vertex 61.4865 60.5721 1.8
      vertex 62.4923 61.0798 1.8
    endloop
  endfacet
  facet normal 0 0 -1
    outer loop
      vertex 61.2899 59.7534 1.8
      vertex 62.1798 59.1069 1.8
      vertex 61.9556 58.8444 1.8
    endloop
  endfacet
  facet normal 0 0 -1
    outer loop
      vertex 61.4462 60.7399 1.8
      vertex 62.4923 61.0798 1.8
      vertex 61.4865 60.5721 1.8
    endloop
  endfacet
  facet normal 0 0 -1
    outer loop
      vertex 61.1778 59.6222 1.8
      vertex 61.9556 58.8444 1.8
      vertex 61.6931 58.6202 1.8
    endloop
  endfacet
  facet normal -0 0 -1
    outer loop
      vertex 62.4923 61.0798 1.8
      vertex 61.4462 60.7399 1.8
      vertex 62.3602 61.3988 1.8
    endloop
  endfacet
  facet normal 0 0 -1
    outer loop
      vertex 61.3801 60.8994 1.8
      vertex 62.3602 61.3988 1.8
      vertex 61.4462 60.7399 1.8
    endloop
  endfacet
  facet normal 0 0 -1
    outer loop
      vertex 62.5729 60.0558 1.8
      vertex 61.4865 60.2279 1.8
      vertex 61.5 60.4 1.8
    endloop
  endfacet
  facet normal 0 0 -1
    outer loop
      vertex 62.4923 59.7202 1.8
      vertex 61.4462 60.0601 1.8
      vertex 61.4865 60.2279 1.8
    endloop
  endfacet
  facet normal 0 0 -1
    outer loop
      vertex 61.0466 59.5101 1.8
      vertex 61.6931 58.6202 1.8
      vertex 61.3988 58.4398 1.8
    endloop
  endfacet
  facet normal 0 0 -1
    outer loop
      vertex 62.3602 59.4012 1.8
      vertex 61.3801 59.9006 1.8
      vertex 61.4462 60.0601 1.8
    endloop
  endfacet
  facet normal 0 0 -1
    outer loop
      vertex 62.1798 59.1069 1.8
      vertex 61.2899 59.7534 1.8
      vertex 61.3801 59.9006 1.8
    endloop
  endfacet
  facet normal 0 0 -1
    outer loop
      vertex 61.9556 58.8444 1.8
      vertex 61.1778 59.6222 1.8
      vertex 61.2899 59.7534 1.8
    endloop
  endfacet
  facet normal 0 0 -1
    outer loop
      vertex 60.8994 59.4199 1.8
      vertex 61.3988 58.4398 1.8
      vertex 61.0798 58.3077 1.8
    endloop
  endfacet
  facet normal 0 0 -1
    outer loop
      vertex 61.6931 58.6202 1.8
      vertex 61.0466 59.5101 1.8
      vertex 61.1778 59.6222 1.8
    endloop
  endfacet
  facet normal 0 0 -1
    outer loop
      vertex 61.3988 58.4398 1.8
      vertex 60.8994 59.4199 1.8
      vertex 61.0466 59.5101 1.8
    endloop
  endfacet
  facet normal 0 0 -1
    outer loop
      vertex 60.7399 59.3538 1.8
      vertex 61.0798 58.3077 1.8
      vertex 60.7442 58.2271 1.8
    endloop
  endfacet
  facet normal 0 0 -1
    outer loop
      vertex 61.0798 58.3077 1.8
      vertex 60.7399 59.3538 1.8
      vertex 60.8994 59.4199 1.8
    endloop
  endfacet
  facet normal 0 0 -1
    outer loop
      vertex 60.7442 58.2271 1.8
      vertex 60.5721 59.3135 1.8
      vertex 60.7399 59.3538 1.8
    endloop
  endfacet
  facet normal 0 0 -1
    outer loop
      vertex 60.4 58.2 1.8
      vertex 60.5721 59.3135 1.8
      vertex 60.7442 58.2271 1.8
    endloop
  endfacet
  facet normal 0 0 -1
    outer loop
      vertex 60.4 58.2 1.8
      vertex 60.4 59.3 1.8
      vertex 60.5721 59.3135 1.8
    endloop
  endfacet
  facet normal 0 0 -1
    outer loop
      vertex 60.4 58.2 1.8
      vertex 60.2279 59.3135 1.8
      vertex 60.4 59.3 1.8
    endloop
  endfacet
  facet normal 0 0 -1
    outer loop
      vertex 60.0558 58.2271 1.8
      vertex 60.2279 59.3135 1.8
      vertex 60.4 58.2 1.8
    endloop
  endfacet
  facet normal -0 0 -1
    outer loop
      vertex 60.2279 59.3135 1.8
      vertex 60.0558 58.2271 1.8
      vertex 60.0601 59.3538 1.8
    endloop
  endfacet
  facet normal 0 0 -1
    outer loop
      vertex 59.7202 58.3077 1.8
      vertex 60.0601 59.3538 1.8
      vertex 60.0558 58.2271 1.8
    endloop
  endfacet
  facet normal -0 0 -1
    outer loop
      vertex 60.0601 59.3538 1.8
      vertex 59.7202 58.3077 1.8
      vertex 59.9006 59.4199 1.8
    endloop
  endfacet
  facet normal 0 0 -1
    outer loop
      vertex 59.4012 58.4398 1.8
      vertex 59.9006 59.4199 1.8
      vertex 59.7202 58.3077 1.8
    endloop
  endfacet
  facet normal -0 0 -1
    outer loop
      vertex 59.9006 59.4199 1.8
      vertex 59.4012 58.4398 1.8
      vertex 59.7534 59.5101 1.8
    endloop
  endfacet
  facet normal 0 0 -1
    outer loop
      vertex 59.1069 58.6202 1.8
      vertex 59.7534 59.5101 1.8
      vertex 59.4012 58.4398 1.8
    endloop
  endfacet
  facet normal -0 0 -1
    outer loop
      vertex 59.7534 59.5101 1.8
      vertex 59.1069 58.6202 1.8
      vertex 59.6222 59.6222 1.8
    endloop
  endfacet
  facet normal 0 0 -1
    outer loop
      vertex 58.8444 58.8444 1.8
      vertex 59.6222 59.6222 1.8
      vertex 59.1069 58.6202 1.8
    endloop
  endfacet
  facet normal -0 0 -1
    outer loop
      vertex 59.6222 59.6222 1.8
      vertex 58.8444 58.8444 1.8
      vertex 59.5101 59.7534 1.8
    endloop
  endfacet
  facet normal 0 0 -1
    outer loop
      vertex 58.6202 59.1069 1.8
      vertex 59.5101 59.7534 1.8
      vertex 58.8444 58.8444 1.8
    endloop
  endfacet
  facet normal -0 0 -1
    outer loop
      vertex 59.5101 59.7534 1.8
      vertex 58.6202 59.1069 1.8
      vertex 59.4199 59.9006 1.8
    endloop
  endfacet
  facet normal 0 0 -1
    outer loop
      vertex 58.4398 59.4012 1.8
      vertex 59.4199 59.9006 1.8
      vertex 58.6202 59.1069 1.8
    endloop
  endfacet
  facet normal -0 0 -1
    outer loop
      vertex 62.3602 61.3988 1.8
      vertex 61.3801 60.8994 1.8
      vertex 62.1798 61.6931 1.8
    endloop
  endfacet
  facet normal 0 0 -1
    outer loop
      vertex 61.2899 61.0466 1.8
      vertex 62.1798 61.6931 1.8
      vertex 61.3801 60.8994 1.8
    endloop
  endfacet
  facet normal -0 0 -1
    outer loop
      vertex 62.1798 61.6931 1.8
      vertex 61.2899 61.0466 1.8
      vertex 61.9556 61.9556 1.8
    endloop
  endfacet
  facet normal 0 0 -1
    outer loop
      vertex 61.1778 61.1778 1.8
      vertex 61.9556 61.9556 1.8
      vertex 61.2899 61.0466 1.8
    endloop
  endfacet
  facet normal -0 0 -1
    outer loop
      vertex 61.9556 61.9556 1.8
      vertex 61.1778 61.1778 1.8
      vertex 61.6931 62.1798 1.8
    endloop
  endfacet
  facet normal 0 0 -1
    outer loop
      vertex 61.0466 61.2899 1.8
      vertex 61.6931 62.1798 1.8
      vertex 61.1778 61.1778 1.8
    endloop
  endfacet
  facet normal -0 0 -1
    outer loop
      vertex 61.6931 62.1798 1.8
      vertex 61.0466 61.2899 1.8
      vertex 61.3988 62.3602 1.8
    endloop
  endfacet
  facet normal 0 0 -1
    outer loop
      vertex 60.8994 61.3801 1.8
      vertex 61.3988 62.3602 1.8
      vertex 61.0466 61.2899 1.8
    endloop
  endfacet
  facet normal -0 0 -1
    outer loop
      vertex 61.3988 62.3602 1.8
      vertex 60.8994 61.3801 1.8
      vertex 61.0798 62.4923 1.8
    endloop
  endfacet
  facet normal 0 0 -1
    outer loop
      vertex 60.7399 61.4462 1.8
      vertex 61.0798 62.4923 1.8
      vertex 60.8994 61.3801 1.8
    endloop
  endfacet
  facet normal -0 0 -1
    outer loop
      vertex 61.0798 62.4923 1.8
      vertex 60.7399 61.4462 1.8
      vertex 60.7442 62.5729 1.8
    endloop
  endfacet
  facet normal 0 0 -1
    outer loop
      vertex 60.5721 61.4865 1.8
      vertex 60.7442 62.5729 1.8
      vertex 60.7399 61.4462 1.8
    endloop
  endfacet
  facet normal 0 0 -1
    outer loop
      vertex 60.4 61.5 1.8
      vertex 60.7442 62.5729 1.8
      vertex 60.5721 61.4865 1.8
    endloop
  endfacet
  facet normal 0 0 -1
    outer loop
      vertex 60.4 61.5 1.8
      vertex 60.4 62.6 1.8
      vertex 60.7442 62.5729 1.8
    endloop
  endfacet
  facet normal 0 0 -1
    outer loop
      vertex 60.2279 61.4865 1.8
      vertex 60.4 62.6 1.8
      vertex 60.4 61.5 1.8
    endloop
  endfacet
  facet normal 0 0 -1
    outer loop
      vertex 60.0558 62.5729 1.8
      vertex 60.2279 61.4865 1.8
      vertex 60.0601 61.4462 1.8
    endloop
  endfacet
  facet normal 0 0 -1
    outer loop
      vertex 60.2279 61.4865 1.8
      vertex 60.0558 62.5729 1.8
      vertex 60.4 62.6 1.8
    endloop
  endfacet
  facet normal 0 0 -1
    outer loop
      vertex 59.7202 62.4923 1.8
      vertex 60.0601 61.4462 1.8
      vertex 59.9006 61.3801 1.8
    endloop
  endfacet
  facet normal 0 0 -1
    outer loop
      vertex 59.4012 62.3602 1.8
      vertex 59.9006 61.3801 1.8
      vertex 59.7534 61.2899 1.8
    endloop
  endfacet
  facet normal 0 0 -1
    outer loop
      vertex 60.0601 61.4462 1.8
      vertex 59.7202 62.4923 1.8
      vertex 60.0558 62.5729 1.8
    endloop
  endfacet
  facet normal 0 0 -1
    outer loop
      vertex 59.1069 62.1798 1.8
      vertex 59.7534 61.2899 1.8
      vertex 59.6222 61.1778 1.8
    endloop
  endfacet
  facet normal 0 0 -1
    outer loop
      vertex 58.8444 61.9556 1.8
      vertex 59.6222 61.1778 1.8
      vertex 59.5101 61.0466 1.8
    endloop
  endfacet
  facet normal 0 0 -1
    outer loop
      vertex 58.6202 61.6931 1.8
      vertex 59.5101 61.0466 1.8
      vertex 59.4199 60.8994 1.8
    endloop
  endfacet
  facet normal 0 0 -1
    outer loop
      vertex 59.9006 61.3801 1.8
      vertex 59.4012 62.3602 1.8
      vertex 59.7202 62.4923 1.8
    endloop
  endfacet
  facet normal 0 0 -1
    outer loop
      vertex 58.4398 61.3988 1.8
      vertex 59.4199 60.8994 1.8
      vertex 59.3538 60.7399 1.8
    endloop
  endfacet
  facet normal 0 0 -1
    outer loop
      vertex 58.3077 61.0798 1.8
      vertex 59.3538 60.7399 1.8
      vertex 59.3135 60.5721 1.8
    endloop
  endfacet
  facet normal 0 0 -1
    outer loop
      vertex 58.2271 60.7442 1.8
      vertex 59.3135 60.5721 1.8
      vertex 59.3 60.4 1.8
    endloop
  endfacet
  facet normal -0 0 -1
    outer loop
      vertex 59.4199 59.9006 1.8
      vertex 58.4398 59.4012 1.8
      vertex 59.3538 60.0601 1.8
    endloop
  endfacet
  facet normal 0 0 -1
    outer loop
      vertex 59.7534 61.2899 1.8
      vertex 59.1069 62.1798 1.8
      vertex 59.4012 62.3602 1.8
    endloop
  endfacet
  facet normal 0 0 -1
    outer loop
      vertex 58.3077 59.7202 1.8
      vertex 59.3538 60.0601 1.8
      vertex 58.4398 59.4012 1.8
    endloop
  endfacet
  facet normal 0 0 -1
    outer loop
      vertex 59.6222 61.1778 1.8
      vertex 58.8444 61.9556 1.8
      vertex 59.1069 62.1798 1.8
    endloop
  endfacet
  facet normal -0 0 -1
    outer loop
      vertex 59.3538 60.0601 1.8
      vertex 58.3077 59.7202 1.8
      vertex 59.3135 60.2279 1.8
    endloop
  endfacet
  facet normal 0 0 -1
    outer loop
      vertex 59.5101 61.0466 1.8
      vertex 58.6202 61.6931 1.8
      vertex 58.8444 61.9556 1.8
    endloop
  endfacet
  facet normal 0 0 -1
    outer loop
      vertex 58.2271 60.0558 1.8
      vertex 59.3135 60.2279 1.8
      vertex 58.3077 59.7202 1.8
    endloop
  endfacet
  facet normal 0 0 -1
    outer loop
      vertex 59.4199 60.8994 1.8
      vertex 58.4398 61.3988 1.8
      vertex 58.6202 61.6931 1.8
    endloop
  endfacet
  facet normal -0 0 -1
    outer loop
      vertex 59.3135 60.2279 1.8
      vertex 58.2271 60.0558 1.8
      vertex 59.3 60.4 1.8
    endloop
  endfacet
  facet normal 0 0 -1
    outer loop
      vertex 59.3538 60.7399 1.8
      vertex 58.3077 61.0798 1.8
      vertex 58.4398 61.3988 1.8
    endloop
  endfacet
  facet normal 0 0 -1
    outer loop
      vertex 58.2 60.4 1.8
      vertex 59.3 60.4 1.8
      vertex 58.2271 60.0558 1.8
    endloop
  endfacet
  facet normal 0 0 -1
    outer loop
      vertex 59.3135 60.5721 1.8
      vertex 58.2271 60.7442 1.8
      vertex 58.3077 61.0798 1.8
    endloop
  endfacet
  facet normal 0 0 -1
    outer loop
      vertex 59.3 60.4 1.8
      vertex 58.2 60.4 1.8
      vertex 58.2271 60.7442 1.8
    endloop
  endfacet
  facet normal 0.0784904 0.996915 -0
    outer loop
      vertex 60.4 58.2 0
      vertex 60.0558 58.2271 1.8
      vertex 60.4 58.2 1.8
    endloop
  endfacet
  facet normal 0.0784904 0.996915 0
    outer loop
      vertex 60.0558 58.2271 1.8
      vertex 60.4 58.2 0
      vertex 60.0558 58.2271 0
    endloop
  endfacet
  facet normal 0.923914 -0.382599 0
    outer loop
      vertex 58.3077 61.0798 1.8
      vertex 58.4398 61.3988 0
      vertex 58.4398 61.3988 1.8
    endloop
  endfacet
  facet normal 0.923914 -0.382599 0
    outer loop
      vertex 58.4398 61.3988 0
      vertex 58.3077 61.0798 1.8
      vertex 58.3077 61.0798 0
    endloop
  endfacet
  facet normal 0.97235 0.233526 0
    outer loop
      vertex 58.3077 59.7202 1.8
      vertex 58.2271 60.0558 0
      vertex 58.2271 60.0558 1.8
    endloop
  endfacet
  facet normal 0.97235 0.233526 0
    outer loop
      vertex 58.2271 60.0558 0
      vertex 58.3077 59.7202 1.8
      vertex 58.3077 59.7202 0
    endloop
  endfacet
  facet normal 0.0784904 -0.996915 0
    outer loop
      vertex 60.0558 62.5729 0
      vertex 60.4 62.6 1.8
      vertex 60.0558 62.5729 1.8
    endloop
  endfacet
  facet normal 0.0784904 -0.996915 0
    outer loop
      vertex 60.4 62.6 1.8
      vertex 60.0558 62.5729 0
      vertex 60.4 62.6 0
    endloop
  endfacet
  facet normal 0.923914 0.382599 0
    outer loop
      vertex 58.4398 59.4012 1.8
      vertex 58.3077 59.7202 0
      vertex 58.3077 59.7202 1.8
    endloop
  endfacet
  facet normal 0.923914 0.382599 0
    outer loop
      vertex 58.3077 59.7202 0
      vertex 58.4398 59.4012 1.8
      vertex 58.4398 59.4012 0
    endloop
  endfacet
  facet normal 0.996915 0.0784904 0
    outer loop
      vertex 58.2271 60.0558 1.8
      vertex 58.2 60.4 0
      vertex 58.2 60.4 1.8
    endloop
  endfacet
  facet normal 0.996915 0.0784904 0
    outer loop
      vertex 58.2 60.4 0
      vertex 58.2271 60.0558 1.8
      vertex 58.2271 60.0558 0
    endloop
  endfacet
  facet normal 0.382599 0.923914 -0
    outer loop
      vertex 59.7202 58.3077 0
      vertex 59.4012 58.4398 1.8
      vertex 59.7202 58.3077 1.8
    endloop
  endfacet
  facet normal 0.382599 0.923914 0
    outer loop
      vertex 59.4012 58.4398 1.8
      vertex 59.7202 58.3077 0
      vertex 59.4012 58.4398 0
    endloop
  endfacet
  facet normal 0.233526 0.97235 -0
    outer loop
      vertex 60.2279 59.3135 1.8
      vertex 60.0601 59.3538 2
      vertex 60.2279 59.3135 2
    endloop
  endfacet
  facet normal 0.233526 0.97235 0
    outer loop
      vertex 60.0601 59.3538 2
      vertex 60.2279 59.3135 1.8
      vertex 60.0601 59.3538 1.8
    endloop
  endfacet
  facet normal -0.649598 -0.760278 0
    outer loop
      vertex 61.0466 61.2899 2
      vertex 61.1778 61.1778 2.2
      vertex 61.0466 61.2899 2.2
    endloop
  endfacet
  facet normal -0.649598 -0.760278 0
    outer loop
      vertex 61.0466 61.2899 2
      vertex 61.1778 61.1778 2
      vertex 61.1778 61.1778 2.2
    endloop
  endfacet
  facet normal -0.649598 -0.760278 0
    outer loop
      vertex 61.0466 61.2899 1.8
      vertex 61.1778 61.1778 2
      vertex 61.0466 61.2899 2
    endloop
  endfacet
  facet normal -0.649598 -0.760278 -0
    outer loop
      vertex 61.1778 61.1778 2
      vertex 61.0466 61.2899 1.8
      vertex 61.1778 61.1778 1.8
    endloop
  endfacet
  facet normal 0.649598 -0.760278 0
    outer loop
      vertex 59.6222 61.1778 1.8
      vertex 59.7534 61.2899 2
      vertex 59.6222 61.1778 2
    endloop
  endfacet
  facet normal 0.649598 -0.760278 0
    outer loop
      vertex 59.7534 61.2899 2
      vertex 59.6222 61.1778 1.8
      vertex 59.7534 61.2899 1.8
    endloop
  endfacet
  facet normal -0.0782025 0.996937 0
    outer loop
      vertex 60.5721 59.3135 1.8
      vertex 60.4 59.3 2
      vertex 60.5721 59.3135 2
    endloop
  endfacet
  facet normal -0.0782025 0.996937 0
    outer loop
      vertex 60.4 59.3 2
      vertex 60.5721 59.3135 1.8
      vertex 60.4 59.3 1.8
    endloop
  endfacet
  facet normal -0.522481 0.852651 0
    outer loop
      vertex 61.0466 59.5101 1.8
      vertex 60.8994 59.4199 2
      vertex 61.0466 59.5101 2
    endloop
  endfacet
  facet normal -0.522481 0.852651 0
    outer loop
      vertex 60.8994 59.4199 2
      vertex 61.0466 59.5101 1.8
      vertex 60.8994 59.4199 1.8
    endloop
  endfacet
  facet normal 0.522481 0.852651 -0
    outer loop
      vertex 59.9006 59.4199 1.8
      vertex 59.7534 59.5101 2
      vertex 59.9006 59.4199 2
    endloop
  endfacet
  facet normal 0.522481 0.852651 0
    outer loop
      vertex 59.7534 59.5101 2
      vertex 59.9006 59.4199 1.8
      vertex 59.7534 59.5101 1.8
    endloop
  endfacet
  facet normal -0.382846 -0.923812 0
    outer loop
      vertex 60.7399 61.4462 2
      vertex 60.8994 61.3801 2.2
      vertex 60.7399 61.4462 2.2
    endloop
  endfacet
  facet normal -0.382846 -0.923812 0
    outer loop
      vertex 60.7399 61.4462 2
      vertex 60.8994 61.3801 2
      vertex 60.8994 61.3801 2.2
    endloop
  endfacet
  facet normal -0.382846 -0.923812 0
    outer loop
      vertex 60.7399 61.4462 1.8
      vertex 60.8994 61.3801 2
      vertex 60.7399 61.4462 2
    endloop
  endfacet
  facet normal -0.382846 -0.923812 -0
    outer loop
      vertex 60.8994 61.3801 2
      vertex 60.7399 61.4462 1.8
      vertex 60.8994 61.3801 1.8
    endloop
  endfacet
  facet normal -0.923812 0.382846 0
    outer loop
      vertex 61.3801 59.9006 1.8
      vertex 61.4462 60.0601 2
      vertex 61.4462 60.0601 1.8
    endloop
  endfacet
  facet normal -0.923812 0.382846 0
    outer loop
      vertex 61.4462 60.0601 2
      vertex 61.3801 59.9006 1.8
      vertex 61.3801 59.9006 2
    endloop
  endfacet
  facet normal -0.996937 -0.0782025 0
    outer loop
      vertex 61.5 60.4 2
      vertex 61.4865 60.5721 2
      vertex 61.4865 60.5721 1.8
    endloop
  endfacet
  facet normal -0.996937 -0.0782025 -0
    outer loop
      vertex 61.5 60.4 2
      vertex 61.4865 60.5721 1.8
      vertex 61.5 60.4 1.8
    endloop
  endfacet
  facet normal -0.996937 -0.0782025 0
    outer loop
      vertex 61.4865 60.5721 2
      vertex 61.5 60.4 2
      vertex 61.4865 60.5721 2.2
    endloop
  endfacet
  facet normal -0.996937 -0.0782025 0
    outer loop
      vertex 61.4865 60.5721 2.2
      vertex 61.5 60.4 2
      vertex 61.5 60.4 2.2
    endloop
  endfacet
  facet normal -0.923812 -0.382846 0
    outer loop
      vertex 61.4462 60.7399 2
      vertex 61.3801 60.8994 2
      vertex 61.3801 60.8994 1.8
    endloop
  endfacet
  facet normal -0.923812 -0.382846 -0
    outer loop
      vertex 61.4462 60.7399 2
      vertex 61.3801 60.8994 1.8
      vertex 61.4462 60.7399 1.8
    endloop
  endfacet
  facet normal -0.923812 -0.382846 0
    outer loop
      vertex 61.3801 60.8994 2
      vertex 61.4462 60.7399 2
      vertex 61.3801 60.8994 2.2
    endloop
  endfacet
  facet normal -0.923812 -0.382846 0
    outer loop
      vertex 61.3801 60.8994 2.2
      vertex 61.4462 60.7399 2
      vertex 61.4462 60.7399 2.2
    endloop
  endfacet
  facet normal 0.0782025 -0.996937 0
    outer loop
      vertex 60.2279 61.4865 1.8
      vertex 60.4 61.5 2
      vertex 60.2279 61.4865 2
    endloop
  endfacet
  facet normal 0.0782025 -0.996937 0
    outer loop
      vertex 60.4 61.5 2
      vertex 60.2279 61.4865 1.8
      vertex 60.4 61.5 1.8
    endloop
  endfacet
  facet normal -0.382846 0.923812 0
    outer loop
      vertex 60.8994 59.4199 1.8
      vertex 60.7399 59.3538 2
      vertex 60.8994 59.4199 2
    endloop
  endfacet
  facet normal -0.382846 0.923812 0
    outer loop
      vertex 60.7399 59.3538 2
      vertex 60.8994 59.4199 1.8
      vertex 60.7399 59.3538 1.8
    endloop
  endfacet
  facet normal -0.97235 -0.233526 0
    outer loop
      vertex 61.4865 60.5721 2
      vertex 61.4462 60.7399 2
      vertex 61.4462 60.7399 1.8
    endloop
  endfacet
  facet normal -0.97235 -0.233526 -0
    outer loop
      vertex 61.4865 60.5721 2
      vertex 61.4462 60.7399 1.8
      vertex 61.4865 60.5721 1.8
    endloop
  endfacet
  facet normal -0.97235 -0.233526 0
    outer loop
      vertex 61.4462 60.7399 2
      vertex 61.4865 60.5721 2
      vertex 61.4462 60.7399 2.2
    endloop
  endfacet
  facet normal -0.97235 -0.233526 0
    outer loop
      vertex 61.4462 60.7399 2.2
      vertex 61.4865 60.5721 2
      vertex 61.4865 60.5721 2.2
    endloop
  endfacet
  facet normal 0.97235 0.233526 0
    outer loop
      vertex 59.3538 60.0601 2
      vertex 59.3135 60.2279 1.8
      vertex 59.3135 60.2279 2
    endloop
  endfacet
  facet normal 0.97235 0.233526 0
    outer loop
      vertex 59.3135 60.2279 1.8
      vertex 59.3538 60.0601 2
      vertex 59.3538 60.0601 1.8
    endloop
  endfacet
  facet normal 0.923812 0.382846 0
    outer loop
      vertex 59.4199 59.9006 2
      vertex 59.3538 60.0601 1.8
      vertex 59.3538 60.0601 2
    endloop
  endfacet
  facet normal 0.923812 0.382846 0
    outer loop
      vertex 59.3538 60.0601 1.8
      vertex 59.4199 59.9006 2
      vertex 59.4199 59.9006 1.8
    endloop
  endfacet
  facet normal -0.0782025 -0.996937 0
    outer loop
      vertex 60.4 61.5 2
      vertex 60.5721 61.4865 2.2
      vertex 60.4 61.5 2.2
    endloop
  endfacet
  facet normal -0.0782025 -0.996937 0
    outer loop
      vertex 60.4 61.5 2
      vertex 60.5721 61.4865 2
      vertex 60.5721 61.4865 2.2
    endloop
  endfacet
  facet normal -0.0782025 -0.996937 0
    outer loop
      vertex 60.4 61.5 1.8
      vertex 60.5721 61.4865 2
      vertex 60.4 61.5 2
    endloop
  endfacet
  facet normal -0.0782025 -0.996937 -0
    outer loop
      vertex 60.5721 61.4865 2
      vertex 60.4 61.5 1.8
      vertex 60.5721 61.4865 1.8
    endloop
  endfacet
  facet normal -0.996937 0.0782025 0
    outer loop
      vertex 61.4865 60.2279 1.8
      vertex 61.5 60.4 2
      vertex 61.5 60.4 1.8
    endloop
  endfacet
  facet normal -0.996937 0.0782025 0
    outer loop
      vertex 61.5 60.4 2
      vertex 61.4865 60.2279 1.8
      vertex 61.4865 60.2279 2
    endloop
  endfacet
  facet normal 0.382846 0.923812 -0
    outer loop
      vertex 60.0601 59.3538 1.8
      vertex 59.9006 59.4199 2
      vertex 60.0601 59.3538 2
    endloop
  endfacet
  facet normal 0.382846 0.923812 0
    outer loop
      vertex 59.9006 59.4199 2
      vertex 60.0601 59.3538 1.8
      vertex 59.9006 59.4199 1.8
    endloop
  endfacet
  facet normal 0.996937 -0.0782025 0
    outer loop
      vertex 59.3 60.4 2
      vertex 59.3135 60.5721 1.8
      vertex 59.3135 60.5721 2
    endloop
  endfacet
  facet normal 0.996937 -0.0782025 0
    outer loop
      vertex 59.3135 60.5721 1.8
      vertex 59.3 60.4 2
      vertex 59.3 60.4 1.8
    endloop
  endfacet
  facet normal 0.649598 0.760278 -0
    outer loop
      vertex 59.7534 59.5101 1.8
      vertex 59.6222 59.6222 2
      vertex 59.7534 59.5101 2
    endloop
  endfacet
  facet normal 0.649598 0.760278 0
    outer loop
      vertex 59.6222 59.6222 2
      vertex 59.7534 59.5101 1.8
      vertex 59.6222 59.6222 1.8
    endloop
  endfacet
  facet normal 0.233526 -0.97235 0
    outer loop
      vertex 60.0601 61.4462 1.8
      vertex 60.2279 61.4865 2
      vertex 60.0601 61.4462 2
    endloop
  endfacet
  facet normal 0.233526 -0.97235 0
    outer loop
      vertex 60.2279 61.4865 2
      vertex 60.0601 61.4462 1.8
      vertex 60.2279 61.4865 1.8
    endloop
  endfacet
  facet normal 0.760278 -0.649598 0
    outer loop
      vertex 59.5101 61.0466 2
      vertex 59.6222 61.1778 1.8
      vertex 59.6222 61.1778 2
    endloop
  endfacet
  facet normal 0.760278 -0.649598 0
    outer loop
      vertex 59.6222 61.1778 1.8
      vertex 59.5101 61.0466 2
      vertex 59.5101 61.0466 1.8
    endloop
  endfacet
  facet normal 0.923812 -0.382846 0
    outer loop
      vertex 59.3538 60.7399 2
      vertex 59.4199 60.8994 1.8
      vertex 59.4199 60.8994 2
    endloop
  endfacet
  facet normal 0.923812 -0.382846 0
    outer loop
      vertex 59.4199 60.8994 1.8
      vertex 59.3538 60.7399 2
      vertex 59.3538 60.7399 1.8
    endloop
  endfacet
  facet normal -0.760278 -0.649598 0
    outer loop
      vertex 61.2899 61.0466 2
      vertex 61.1778 61.1778 2
      vertex 61.1778 61.1778 1.8
    endloop
  endfacet
  facet normal -0.760278 -0.649598 -0
    outer loop
      vertex 61.2899 61.0466 2
      vertex 61.1778 61.1778 1.8
      vertex 61.2899 61.0466 1.8
    endloop
  endfacet
  facet normal -0.760278 -0.649598 0
    outer loop
      vertex 61.1778 61.1778 2
      vertex 61.2899 61.0466 2
      vertex 61.1778 61.1778 2.2
    endloop
  endfacet
  facet normal -0.760278 -0.649598 0
    outer loop
      vertex 61.1778 61.1778 2.2
      vertex 61.2899 61.0466 2
      vertex 61.2899 61.0466 2.2
    endloop
  endfacet
  facet normal -0.97235 0.233526 0
    outer loop
      vertex 61.4462 60.0601 1.8
      vertex 61.4865 60.2279 2
      vertex 61.4865 60.2279 1.8
    endloop
  endfacet
  facet normal -0.97235 0.233526 0
    outer loop
      vertex 61.4865 60.2279 2
      vertex 61.4462 60.0601 1.8
      vertex 61.4462 60.0601 2
    endloop
  endfacet
  facet normal 0.97235 -0.233526 0
    outer loop
      vertex 59.3135 60.5721 2
      vertex 59.3538 60.7399 1.8
      vertex 59.3538 60.7399 2
    endloop
  endfacet
  facet normal 0.97235 -0.233526 0
    outer loop
      vertex 59.3538 60.7399 1.8
      vertex 59.3135 60.5721 2
      vertex 59.3135 60.5721 1.8
    endloop
  endfacet
  facet normal -0.649598 0.760278 0
    outer loop
      vertex 61.1778 59.6222 1.8
      vertex 61.0466 59.5101 2
      vertex 61.1778 59.6222 2
    endloop
  endfacet
  facet normal -0.649598 0.760278 0
    outer loop
      vertex 61.0466 59.5101 2
      vertex 61.1778 59.6222 1.8
      vertex 61.0466 59.5101 1.8
    endloop
  endfacet
  facet normal -0.522481 -0.852651 0
    outer loop
      vertex 60.8994 61.3801 2
      vertex 61.0466 61.2899 2.2
      vertex 60.8994 61.3801 2.2
    endloop
  endfacet
  facet normal -0.522481 -0.852651 0
    outer loop
      vertex 60.8994 61.3801 2
      vertex 61.0466 61.2899 2
      vertex 61.0466 61.2899 2.2
    endloop
  endfacet
  facet normal -0.522481 -0.852651 0
    outer loop
      vertex 60.8994 61.3801 1.8
      vertex 61.0466 61.2899 2
      vertex 60.8994 61.3801 2
    endloop
  endfacet
  facet normal -0.522481 -0.852651 -0
    outer loop
      vertex 61.0466 61.2899 2
      vertex 60.8994 61.3801 1.8
      vertex 61.0466 61.2899 1.8
    endloop
  endfacet
  facet normal -0.760278 0.649598 0
    outer loop
      vertex 61.1778 59.6222 1.8
      vertex 61.2899 59.7534 2
      vertex 61.2899 59.7534 1.8
    endloop
  endfacet
  facet normal -0.760278 0.649598 0
    outer loop
      vertex 61.2899 59.7534 2
      vertex 61.1778 59.6222 1.8
      vertex 61.1778 59.6222 2
    endloop
  endfacet
  facet normal 0.382846 -0.923812 0
    outer loop
      vertex 59.9006 61.3801 1.8
      vertex 60.0601 61.4462 2
      vertex 59.9006 61.3801 2
    endloop
  endfacet
  facet normal 0.382846 -0.923812 0
    outer loop
      vertex 60.0601 61.4462 2
      vertex 59.9006 61.3801 1.8
      vertex 60.0601 61.4462 1.8
    endloop
  endfacet
  facet normal 0.852651 -0.522481 0
    outer loop
      vertex 59.4199 60.8994 2
      vertex 59.5101 61.0466 1.8
      vertex 59.5101 61.0466 2
    endloop
  endfacet
  facet normal 0.852651 -0.522481 0
    outer loop
      vertex 59.5101 61.0466 1.8
      vertex 59.4199 60.8994 2
      vertex 59.4199 60.8994 1.8
    endloop
  endfacet
  facet normal 0.760278 0.649598 0
    outer loop
      vertex 59.6222 59.6222 2
      vertex 59.5101 59.7534 1.8
      vertex 59.5101 59.7534 2
    endloop
  endfacet
  facet normal 0.760278 0.649598 0
    outer loop
      vertex 59.5101 59.7534 1.8
      vertex 59.6222 59.6222 2
      vertex 59.6222 59.6222 1.8
    endloop
  endfacet
  facet normal -0.233526 0.97235 0
    outer loop
      vertex 60.7399 59.3538 1.8
      vertex 60.5721 59.3135 2
      vertex 60.7399 59.3538 2
    endloop
  endfacet
  facet normal -0.233526 0.97235 0
    outer loop
      vertex 60.5721 59.3135 2
      vertex 60.7399 59.3538 1.8
      vertex 60.5721 59.3135 1.8
    endloop
  endfacet
  facet normal 0.522481 -0.852651 0
    outer loop
      vertex 59.7534 61.2899 1.8
      vertex 59.9006 61.3801 2
      vertex 59.7534 61.2899 2
    endloop
  endfacet
  facet normal 0.522481 -0.852651 0
    outer loop
      vertex 59.9006 61.3801 2
      vertex 59.7534 61.2899 1.8
      vertex 59.9006 61.3801 1.8
    endloop
  endfacet
  facet normal -0.852651 -0.522481 0
    outer loop
      vertex 61.3801 60.8994 2
      vertex 61.2899 61.0466 2
      vertex 61.2899 61.0466 1.8
    endloop
  endfacet
  facet normal -0.852651 -0.522481 -0
    outer loop
      vertex 61.3801 60.8994 2
      vertex 61.2899 61.0466 1.8
      vertex 61.3801 60.8994 1.8
    endloop
  endfacet
  facet normal -0.852651 -0.522481 0
    outer loop
      vertex 61.2899 61.0466 2
      vertex 61.3801 60.8994 2
      vertex 61.2899 61.0466 2.2
    endloop
  endfacet
  facet normal -0.852651 -0.522481 0
    outer loop
      vertex 61.2899 61.0466 2.2
      vertex 61.3801 60.8994 2
      vertex 61.3801 60.8994 2.2
    endloop
  endfacet
  facet normal 0.996937 0.0782025 0
    outer loop
      vertex 59.3135 60.2279 2
      vertex 59.3 60.4 1.8
      vertex 59.3 60.4 2
    endloop
  endfacet
  facet normal 0.996937 0.0782025 0
    outer loop
      vertex 59.3 60.4 1.8
      vertex 59.3135 60.2279 2
      vertex 59.3135 60.2279 1.8
    endloop
  endfacet
  facet normal -0.852651 0.522481 0
    outer loop
      vertex 61.2899 59.7534 1.8
      vertex 61.3801 59.9006 2
      vertex 61.3801 59.9006 1.8
    endloop
  endfacet
  facet normal -0.852651 0.522481 0
    outer loop
      vertex 61.3801 59.9006 2
      vertex 61.2899 59.7534 1.8
      vertex 61.2899 59.7534 2
    endloop
  endfacet
  facet normal 0.852651 0.522481 0
    outer loop
      vertex 59.5101 59.7534 2
      vertex 59.4199 59.9006 1.8
      vertex 59.4199 59.9006 2
    endloop
  endfacet
  facet normal 0.852651 0.522481 0
    outer loop
      vertex 59.4199 59.9006 1.8
      vertex 59.5101 59.7534 2
      vertex 59.5101 59.7534 1.8
    endloop
  endfacet
  facet normal 0.0782025 0.996937 -0
    outer loop
      vertex 60.4 59.3 1.8
      vertex 60.2279 59.3135 2
      vertex 60.4 59.3 2
    endloop
  endfacet
  facet normal 0.0782025 0.996937 0
    outer loop
      vertex 60.2279 59.3135 2
      vertex 60.4 59.3 1.8
      vertex 60.2279 59.3135 1.8
    endloop
  endfacet
  facet normal -0.233526 -0.97235 0
    outer loop
      vertex 60.5721 61.4865 2
      vertex 60.7399 61.4462 2.2
      vertex 60.5721 61.4865 2.2
    endloop
  endfacet
  facet normal -0.233526 -0.97235 0
    outer loop
      vertex 60.5721 61.4865 2
      vertex 60.7399 61.4462 2
      vertex 60.7399 61.4462 2.2
    endloop
  endfacet
  facet normal -0.233526 -0.97235 0
    outer loop
      vertex 60.5721 61.4865 1.8
      vertex 60.7399 61.4462 2
      vertex 60.5721 61.4865 2
    endloop
  endfacet
  facet normal -0.233526 -0.97235 -0
    outer loop
      vertex 60.7399 61.4462 2
      vertex 60.5721 61.4865 1.8
      vertex 60.7399 61.4462 1.8
    endloop
  endfacet
  facet normal 0 -1 0
    outer loop
      vertex 4 0 28
      vertex 11.8 0 16
      vertex 11.8 0 28
    endloop
  endfacet
  facet normal 0 -1 0
    outer loop
      vertex 4 0 28
      vertex 11.8443 0 15.4368
      vertex 11.8 0 16
    endloop
  endfacet
  facet normal 0 -1 0
    outer loop
      vertex 4 0 0
      vertex 11.8443 0 15.4368
      vertex 4 0 28
    endloop
  endfacet
  facet normal 0 -1 -0
    outer loop
      vertex 11.8443 0 15.4368
      vertex 4 0 0
      vertex 11.9762 0 14.8875
    endloop
  endfacet
  facet normal 0 -1 -0
    outer loop
      vertex 15.4 0 12.4
      vertex 4 0 0
      vertex 53.4 0 12.4
    endloop
  endfacet
  facet normal 0 -1 -0
    outer loop
      vertex 14.8368 0 12.4443
      vertex 4 0 0
      vertex 15.4 0 12.4
    endloop
  endfacet
  facet normal 0 -1 -0
    outer loop
      vertex 14.2875 0 12.5762
      vertex 4 0 0
      vertex 14.8368 0 12.4443
    endloop
  endfacet
  facet normal 0 -1 -0
    outer loop
      vertex 13.7656 0 12.7924
      vertex 4 0 0
      vertex 14.2875 0 12.5762
    endloop
  endfacet
  facet normal 0 -1 -0
    outer loop
      vertex 13.284 0 13.0875
      vertex 4 0 0
      vertex 13.7656 0 12.7924
    endloop
  endfacet
  facet normal 0 -1 -0
    outer loop
      vertex 12.8544 0 13.4544
      vertex 4 0 0
      vertex 13.284 0 13.0875
    endloop
  endfacet
  facet normal 0 -1 -0
    outer loop
      vertex 12.4875 0 13.884
      vertex 4 0 0
      vertex 12.8544 0 13.4544
    endloop
  endfacet
  facet normal 0 -1 -0
    outer loop
      vertex 12.1924 0 14.3656
      vertex 4 0 0
      vertex 12.4875 0 13.884
    endloop
  endfacet
  facet normal 0 -1 -0
    outer loop
      vertex 11.9762 0 14.8875
      vertex 4 0 0
      vertex 12.1924 0 14.3656
    endloop
  endfacet
  facet normal 0 -1 0
    outer loop
      vertex 57 0 16
      vertex 64.8 0 28
      vertex 57 0 28
    endloop
  endfacet
  facet normal 0 -1 0
    outer loop
      vertex 56.9557 0 15.4368
      vertex 64.8 0 28
      vertex 57 0 16
    endloop
  endfacet
  facet normal 0 -1 0
    outer loop
      vertex 64.8 0 0
      vertex 56.9557 0 15.4368
      vertex 56.8238 0 14.8875
    endloop
  endfacet
  facet normal 0 -1 0
    outer loop
      vertex 64.8 0 0
      vertex 56.8238 0 14.8875
      vertex 56.6076 0 14.3656
    endloop
  endfacet
  facet normal 0 -1 0
    outer loop
      vertex 64.8 0 0
      vertex 53.4 0 12.4
      vertex 4 0 0
    endloop
  endfacet
  facet normal 0 -1 0
    outer loop
      vertex 53.4 0 12.4
      vertex 64.8 0 0
      vertex 53.9632 0 12.4443
    endloop
  endfacet
  facet normal 0 -1 0
    outer loop
      vertex 56.9557 0 15.4368
      vertex 64.8 0 0
      vertex 64.8 0 28
    endloop
  endfacet
  facet normal 0 -1 0
    outer loop
      vertex 56.3125 0 13.884
      vertex 64.8 0 0
      vertex 56.6076 0 14.3656
    endloop
  endfacet
  facet normal 0 -1 0
    outer loop
      vertex 55.9456 0 13.4544
      vertex 64.8 0 0
      vertex 56.3125 0 13.884
    endloop
  endfacet
  facet normal 0 -1 0
    outer loop
      vertex 55.516 0 13.0875
      vertex 64.8 0 0
      vertex 55.9456 0 13.4544
    endloop
  endfacet
  facet normal 0 -1 0
    outer loop
      vertex 55.0344 0 12.7924
      vertex 64.8 0 0
      vertex 55.516 0 13.0875
    endloop
  endfacet
  facet normal 0 -1 0
    outer loop
      vertex 54.5125 0 12.5762
      vertex 64.8 0 0
      vertex 55.0344 0 12.7924
    endloop
  endfacet
  facet normal 0 -1 0
    outer loop
      vertex 53.9632 0 12.4443
      vertex 64.8 0 0
      vertex 54.5125 0 12.5762
    endloop
  endfacet
  facet normal 0.996923 -0.078385 0
    outer loop
      vertex 68.7508 3.37426 28
      vertex 68.8 4 0
      vertex 68.8 4 28
    endloop
  endfacet
  facet normal 0.996923 -0.078385 0
    outer loop
      vertex 68.8 4 0
      vertex 68.7508 3.37426 28
      vertex 68.7508 3.37426 0
    endloop
  endfacet
  facet normal 0.0784625 -0.996917 0
    outer loop
      vertex 64.8 0 0
      vertex 65.4257 0.0492458 28
      vertex 64.8 0 28
    endloop
  endfacet
  facet normal 0.0784625 -0.996917 0
    outer loop
      vertex 65.4257 0.0492458 28
      vertex 64.8 0 0
      vertex 65.4257 0.0492458 0
    endloop
  endfacet
  facet normal -1 0 0
    outer loop
      vertex 0 4 0
      vertex 0 64.8 28
      vertex 0 64.8 0
    endloop
  endfacet
  facet normal -1 -0 0
    outer loop
      vertex 0 64.8 28
      vertex 0 4 0
      vertex 0 4 28
    endloop
  endfacet
  facet normal -0.972376 0.23342 0
    outer loop
      vertex 0.0492458 65.4257 0
      vertex 0.195773 66.0361 28
      vertex 0.195773 66.0361 0
    endloop
  endfacet
  facet normal -0.972376 0.23342 0
    outer loop
      vertex 0.195773 66.0361 28
      vertex 0.0492458 65.4257 0
      vertex 0.0492458 65.4257 28
    endloop
  endfacet
  facet normal 0.760362 -0.649499 0
    outer loop
      vertex 67.6284 1.17157 28
      vertex 68.0361 1.64886 0
      vertex 68.0361 1.64886 28
    endloop
  endfacet
  facet normal 0.760362 -0.649499 0
    outer loop
      vertex 68.0361 1.64886 0
      vertex 67.6284 1.17157 28
      vertex 67.6284 1.17157 0
    endloop
  endfacet
  facet normal -0.76041 -0.649443 0
    outer loop
      vertex 1.17157 1.17157 0
      vertex 0.763931 1.64886 28
      vertex 0.763931 1.64886 0
    endloop
  endfacet
  facet normal -0.76041 -0.649443 0
    outer loop
      vertex 0.763931 1.64886 28
      vertex 1.17157 1.17157 0
      vertex 1.17157 1.17157 28
    endloop
  endfacet
  facet normal 1 0 0
    outer loop
      vertex 68.8 37.4 22.5
      vertex 68.8 64.8 28
      vertex 68.8 37.4 24
    endloop
  endfacet
  facet normal 1 0 0
    outer loop
      vertex 68.8 64.8 28
      vertex 68.8 37.3815 24.2347
      vertex 68.8 37.4 24
    endloop
  endfacet
  facet normal 1 0 0
    outer loop
      vertex 68.8 64.8 28
      vertex 68.8 37.3266 24.4635
      vertex 68.8 37.3815 24.2347
    endloop
  endfacet
  facet normal 1 0 0
    outer loop
      vertex 68.8 64.8 28
      vertex 68.8 37.2365 24.681
      vertex 68.8 37.3266 24.4635
    endloop
  endfacet
  facet normal 1 0 0
    outer loop
      vertex 68.8 64.8 28
      vertex 68.8 37.1135 24.8817
      vertex 68.8 37.2365 24.681
    endloop
  endfacet
  facet normal 1 0 0
    outer loop
      vertex 68.8 64.8 28
      vertex 68.8 36.9607 25.0607
      vertex 68.8 37.1135 24.8817
    endloop
  endfacet
  facet normal 1 0 0
    outer loop
      vertex 68.8 64.8 28
      vertex 68.8 36.7817 25.2135
      vertex 68.8 36.9607 25.0607
    endloop
  endfacet
  facet normal 1 0 0
    outer loop
      vertex 68.8 64.8 28
      vertex 68.8 36.581 25.3365
      vertex 68.8 36.7817 25.2135
    endloop
  endfacet
  facet normal 1 0 0
    outer loop
      vertex 68.8 64.8 28
      vertex 68.8 36.3635 25.4266
      vertex 68.8 36.581 25.3365
    endloop
  endfacet
  facet normal 1 0 0
    outer loop
      vertex 68.8 64.8 28
      vertex 68.8 36.1347 25.4815
      vertex 68.8 36.3635 25.4266
    endloop
  endfacet
  facet normal 1 0 0
    outer loop
      vertex 68.8 64.8 28
      vertex 68.8 35.9 25.5
      vertex 68.8 36.1347 25.4815
    endloop
  endfacet
  facet normal 1 -0 0
    outer loop
      vertex 68.8 4 28
      vertex 68.8 35.9 25.5
      vertex 68.8 64.8 28
    endloop
  endfacet
  facet normal 1 0 0
    outer loop
      vertex 68.8 21.4 24
      vertex 68.8 4 28
      vertex 68.8 21.4 22.5
    endloop
  endfacet
  facet normal 1 0 0
    outer loop
      vertex 68.8 21.4185 24.2347
      vertex 68.8 4 28
      vertex 68.8 21.4 24
    endloop
  endfacet
  facet normal 1 0 0
    outer loop
      vertex 68.8 21.4734 24.4635
      vertex 68.8 4 28
      vertex 68.8 21.4185 24.2347
    endloop
  endfacet
  facet normal 1 0 0
    outer loop
      vertex 68.8 21.5635 24.681
      vertex 68.8 4 28
      vertex 68.8 21.4734 24.4635
    endloop
  endfacet
  facet normal 1 0 0
    outer loop
      vertex 68.8 21.6865 24.8817
      vertex 68.8 4 28
      vertex 68.8 21.5635 24.681
    endloop
  endfacet
  facet normal 1 0 0
    outer loop
      vertex 68.8 21.8393 25.0607
      vertex 68.8 4 28
      vertex 68.8 21.6865 24.8817
    endloop
  endfacet
  facet normal 1 0 0
    outer loop
      vertex 68.8 22.0183 25.2135
      vertex 68.8 4 28
      vertex 68.8 21.8393 25.0607
    endloop
  endfacet
  facet normal 1 0 0
    outer loop
      vertex 68.8 22.219 25.3365
      vertex 68.8 4 28
      vertex 68.8 22.0183 25.2135
    endloop
  endfacet
  facet normal 1 0 0
    outer loop
      vertex 68.8 22.4365 25.4266
      vertex 68.8 4 28
      vertex 68.8 22.219 25.3365
    endloop
  endfacet
  facet normal 1 0 0
    outer loop
      vertex 68.8 22.6653 25.4815
      vertex 68.8 4 28
      vertex 68.8 22.4365 25.4266
    endloop
  endfacet
  facet normal 1 0 0
    outer loop
      vertex 68.8 22.9 25.5
      vertex 68.8 4 28
      vertex 68.8 22.6653 25.4815
    endloop
  endfacet
  facet normal 1 0 0
    outer loop
      vertex 68.8 35.9 25.5
      vertex 68.8 4 28
      vertex 68.8 22.9 25.5
    endloop
  endfacet
  facet normal 1 0 0
    outer loop
      vertex 68.8 37.3815 22.2653
      vertex 68.8 64.8 28
      vertex 68.8 37.4 22.5
    endloop
  endfacet
  facet normal 1 0 0
    outer loop
      vertex 68.8 37.3266 22.0365
      vertex 68.8 64.8 28
      vertex 68.8 37.3815 22.2653
    endloop
  endfacet
  facet normal 1 0 0
    outer loop
      vertex 68.8 37.2365 21.819
      vertex 68.8 64.8 28
      vertex 68.8 37.3266 22.0365
    endloop
  endfacet
  facet normal 1 0 0
    outer loop
      vertex 68.8 64.8 28
      vertex 68.8 37.2365 21.819
      vertex 68.8 64.8 0
    endloop
  endfacet
  facet normal 1 -0 0
    outer loop
      vertex 68.8 37.1135 21.6183
      vertex 68.8 64.8 0
      vertex 68.8 37.2365 21.819
    endloop
  endfacet
  facet normal 1 -0 0
    outer loop
      vertex 68.8 36.9607 21.4393
      vertex 68.8 64.8 0
      vertex 68.8 37.1135 21.6183
    endloop
  endfacet
  facet normal 1 -0 0
    outer loop
      vertex 68.8 36.7817 21.2865
      vertex 68.8 64.8 0
      vertex 68.8 36.9607 21.4393
    endloop
  endfacet
  facet normal 1 -0 0
    outer loop
      vertex 68.8 36.581 21.1635
      vertex 68.8 64.8 0
      vertex 68.8 36.7817 21.2865
    endloop
  endfacet
  facet normal 1 -0 0
    outer loop
      vertex 68.8 36.3635 21.0734
      vertex 68.8 64.8 0
      vertex 68.8 36.581 21.1635
    endloop
  endfacet
  facet normal 1 -0 0
    outer loop
      vertex 68.8 36.1347 21.0185
      vertex 68.8 64.8 0
      vertex 68.8 36.3635 21.0734
    endloop
  endfacet
  facet normal 1 -0 0
    outer loop
      vertex 68.8 35.9 21
      vertex 68.8 64.8 0
      vertex 68.8 36.1347 21.0185
    endloop
  endfacet
  facet normal 1 0 0
    outer loop
      vertex 68.8 4 0
      vertex 68.8 35.9 21
      vertex 68.8 22.9 21
    endloop
  endfacet
  facet normal 1 0 0
    outer loop
      vertex 68.8 4 0
      vertex 68.8 22.9 21
      vertex 68.8 22.6653 21.0185
    endloop
  endfacet
  facet normal 1 0 0
    outer loop
      vertex 68.8 4 0
      vertex 68.8 22.6653 21.0185
      vertex 68.8 22.4365 21.0734
    endloop
  endfacet
  facet normal 1 0 0
    outer loop
      vertex 68.8 4 0
      vertex 68.8 22.4365 21.0734
      vertex 68.8 22.219 21.1635
    endloop
  endfacet
  facet normal 1 0 0
    outer loop
      vertex 68.8 4 28
      vertex 68.8 21.4185 22.2653
      vertex 68.8 21.4 22.5
    endloop
  endfacet
  facet normal 1 0 0
    outer loop
      vertex 68.8 4 28
      vertex 68.8 21.4734 22.0365
      vertex 68.8 21.4185 22.2653
    endloop
  endfacet
  facet normal 1 0 0
    outer loop
      vertex 68.8 4 28
      vertex 68.8 21.5635 21.819
      vertex 68.8 21.4734 22.0365
    endloop
  endfacet
  facet normal 1 0 0
    outer loop
      vertex 68.8 4 28
      vertex 68.8 21.6865 21.6183
      vertex 68.8 21.5635 21.819
    endloop
  endfacet
  facet normal 1 0 0
    outer loop
      vertex 68.8 4 0
      vertex 68.8 21.6865 21.6183
      vertex 68.8 4 28
    endloop
  endfacet
  facet normal 1 0 0
    outer loop
      vertex 68.8 21.6865 21.6183
      vertex 68.8 4 0
      vertex 68.8 21.8393 21.4393
    endloop
  endfacet
  facet normal 1 0 0
    outer loop
      vertex 68.8 21.8393 21.4393
      vertex 68.8 4 0
      vertex 68.8 22.0183 21.2865
    endloop
  endfacet
  facet normal 1 0 0
    outer loop
      vertex 68.8 22.0183 21.2865
      vertex 68.8 4 0
      vertex 68.8 22.219 21.1635
    endloop
  endfacet
  facet normal 1 0 0
    outer loop
      vertex 68.8 35.9 21
      vertex 68.8 4 0
      vertex 68.8 64.8 0
    endloop
  endfacet
  facet normal -0.852606 0.522555 0
    outer loop
      vertex 0.435973 66.616 0
      vertex 0.763931 67.1511 28
      vertex 0.763931 67.1511 0
    endloop
  endfacet
  facet normal -0.852606 0.522555 0
    outer loop
      vertex 0.763931 67.1511 28
      vertex 0.435973 66.616 0
      vertex 0.435973 66.616 28
    endloop
  endfacet
  facet normal -0.078385 0.996923 0
    outer loop
      vertex 4 68.8 0
      vertex 3.37426 68.7508 28
      vertex 4 68.8 28
    endloop
  endfacet
  facet normal -0.078385 0.996923 0
    outer loop
      vertex 3.37426 68.7508 28
      vertex 4 68.8 0
      vertex 3.37426 68.7508 0
    endloop
  endfacet
  facet normal 0.923881 0.38268 0
    outer loop
      vertex 68.6042 66.0361 28
      vertex 68.364 66.616 0
      vertex 68.364 66.616 28
    endloop
  endfacet
  facet normal 0.923881 0.38268 0
    outer loop
      vertex 68.364 66.616 0
      vertex 68.6042 66.0361 28
      vertex 68.6042 66.0361 0
    endloop
  endfacet
  facet normal 0.97235 0.23353 0
    outer loop
      vertex 68.7508 65.4257 28
      vertex 68.6042 66.0361 0
      vertex 68.6042 66.0361 28
    endloop
  endfacet
  facet normal 0.97235 0.23353 0
    outer loop
      vertex 68.6042 66.0361 0
      vertex 68.7508 65.4257 28
      vertex 68.7508 65.4257 0
    endloop
  endfacet
  facet normal 0.649492 0.760369 -0
    outer loop
      vertex 67.6284 67.6284 0
      vertex 67.1511 68.0361 28
      vertex 67.6284 67.6284 28
    endloop
  endfacet
  facet normal 0.649492 0.760369 0
    outer loop
      vertex 67.1511 68.0361 28
      vertex 67.6284 67.6284 0
      vertex 67.1511 68.0361 0
    endloop
  endfacet
  facet normal -0.522431 0.852682 0
    outer loop
      vertex 2.18404 68.364 0
      vertex 1.64886 68.0361 28
      vertex 2.18404 68.364 28
    endloop
  endfacet
  facet normal -0.522431 0.852682 0
    outer loop
      vertex 1.64886 68.0361 28
      vertex 2.18404 68.364 0
      vertex 1.64886 68.0361 0
    endloop
  endfacet
  facet normal -0.649499 0.760362 0
    outer loop
      vertex 1.64886 68.0361 0
      vertex 1.17157 67.6284 28
      vertex 1.64886 68.0361 28
    endloop
  endfacet
  facet normal -0.649499 0.760362 0
    outer loop
      vertex 1.17157 67.6284 28
      vertex 1.64886 68.0361 0
      vertex 1.17157 67.6284 0
    endloop
  endfacet
  facet normal 0.649435 -0.760417 0
    outer loop
      vertex 67.1511 0.763931 0
      vertex 67.6284 1.17157 28
      vertex 67.1511 0.763931 28
    endloop
  endfacet
  facet normal 0.649435 -0.760417 0
    outer loop
      vertex 67.6284 1.17157 28
      vertex 67.1511 0.763931 0
      vertex 67.6284 1.17157 0
    endloop
  endfacet
  facet normal 0 0 -1
    outer loop
      vertex 10.1798 9.69313 0
      vertex 58.6202 9.69313 0
      vertex 10.3602 9.39878 0
    endloop
  endfacet
  facet normal 0 0 -1
    outer loop
      vertex 58.8444 58.8444 0
      vertex 10.5729 60.0558 0
      vertex 10.6 60.4 0
    endloop
  endfacet
  facet normal 0 0 -1
    outer loop
      vertex 58.6202 9.69313 0
      vertex 10.1798 9.69313 0
      vertex 58.8444 9.95564 0
    endloop
  endfacet
  facet normal 0 0 -1
    outer loop
      vertex 58.8444 58.8444 0
      vertex 10.4923 59.7202 0
      vertex 10.5729 60.0558 0
    endloop
  endfacet
  facet normal 0 0 -1
    outer loop
      vertex 9.95564 9.95564 0
      vertex 58.8444 9.95564 0
      vertex 10.1798 9.69313 0
    endloop
  endfacet
  facet normal 0 0 -1
    outer loop
      vertex 58.8444 58.8444 0
      vertex 10.3602 59.4012 0
      vertex 10.4923 59.7202 0
    endloop
  endfacet
  facet normal 0 0 -1
    outer loop
      vertex 58.8444 9.95564 0
      vertex 9.95564 9.95564 0
      vertex 58.8444 58.8444 0
    endloop
  endfacet
  facet normal 0 0 -1
    outer loop
      vertex 58.8444 58.8444 0
      vertex 10.1798 59.1069 0
      vertex 10.3602 59.4012 0
    endloop
  endfacet
  facet normal 0 0 -1
    outer loop
      vertex 9.95564 58.8444 0
      vertex 58.8444 58.8444 0
      vertex 9.95564 9.95564 0
    endloop
  endfacet
  facet normal 0 0 -1
    outer loop
      vertex 58.8444 58.8444 0
      vertex 9.95564 58.8444 0
      vertex 10.1798 59.1069 0
    endloop
  endfacet
  facet normal 0 0 -1
    outer loop
      vertex 9.69313 10.1798 0
      vertex 9.95564 58.8444 0
      vertex 9.95564 9.95564 0
    endloop
  endfacet
  facet normal 0 0 -1
    outer loop
      vertex 9.69313 10.1798 0
      vertex 9.69313 58.6202 0
      vertex 9.95564 58.8444 0
    endloop
  endfacet
  facet normal 0 0 -1
    outer loop
      vertex 9.39878 10.3602 0
      vertex 9.69313 58.6202 0
      vertex 9.69313 10.1798 0
    endloop
  endfacet
  facet normal 0 0 -1
    outer loop
      vertex 9.39878 10.3602 0
      vertex 9.39878 58.4398 0
      vertex 9.69313 58.6202 0
    endloop
  endfacet
  facet normal 0 0 -1
    outer loop
      vertex 9.07984 10.4923 0
      vertex 9.39878 58.4398 0
      vertex 9.39878 10.3602 0
    endloop
  endfacet
  facet normal 0 0 -1
    outer loop
      vertex 9.07984 10.4923 0
      vertex 9.07984 58.3077 0
      vertex 9.39878 58.4398 0
    endloop
  endfacet
  facet normal 0 0 -1
    outer loop
      vertex 8.74416 10.5729 0
      vertex 9.07984 58.3077 0
      vertex 9.07984 10.4923 0
    endloop
  endfacet
  facet normal 0 0 -1
    outer loop
      vertex 8.74416 10.5729 0
      vertex 8.74416 58.2271 0
      vertex 9.07984 58.3077 0
    endloop
  endfacet
  facet normal 0 0 -1
    outer loop
      vertex 8.4 10.6 0
      vertex 8.74416 58.2271 0
      vertex 8.74416 10.5729 0
    endloop
  endfacet
  facet normal 0 0 -1
    outer loop
      vertex 8.4 10.6 0
      vertex 8.4 58.2 0
      vertex 8.74416 58.2271 0
    endloop
  endfacet
  facet normal 0 0 -1
    outer loop
      vertex 8.05584 10.5729 0
      vertex 8.4 58.2 0
      vertex 8.4 10.6 0
    endloop
  endfacet
  facet normal 0 0 -1
    outer loop
      vertex 8.05584 10.5729 0
      vertex 8.05584 58.2271 0
      vertex 8.4 58.2 0
    endloop
  endfacet
  facet normal 0 0 -1
    outer loop
      vertex 7.72016 10.4923 0
      vertex 8.05584 58.2271 0
      vertex 8.05584 10.5729 0
    endloop
  endfacet
  facet normal 0 0 -1
    outer loop
      vertex 7.72016 10.4923 0
      vertex 7.72016 58.3077 0
      vertex 8.05584 58.2271 0
    endloop
  endfacet
  facet normal 0 0 -1
    outer loop
      vertex 7.40122 10.3602 0
      vertex 7.72016 58.3077 0
      vertex 7.72016 10.4923 0
    endloop
  endfacet
  facet normal 0 0 -1
    outer loop
      vertex 7.40122 10.3602 0
      vertex 7.40122 58.4398 0
      vertex 7.72016 58.3077 0
    endloop
  endfacet
  facet normal 0 0 -1
    outer loop
      vertex 7.10687 10.1798 0
      vertex 7.40122 58.4398 0
      vertex 7.40122 10.3602 0
    endloop
  endfacet
  facet normal 0 0 -1
    outer loop
      vertex 7.10687 10.1798 0
      vertex 7.10687 58.6202 0
      vertex 7.40122 58.4398 0
    endloop
  endfacet
  facet normal 0 0 -1
    outer loop
      vertex 6.84437 9.95564 0
      vertex 7.10687 58.6202 0
      vertex 7.10687 10.1798 0
    endloop
  endfacet
  facet normal 0 0 -1
    outer loop
      vertex 6.84437 9.95564 0
      vertex 6.84437 58.8444 0
      vertex 7.10687 58.6202 0
    endloop
  endfacet
  facet normal 0 0 -1
    outer loop
      vertex 0 4 0
      vertex 6.84437 9.95564 0
      vertex 6.62016 9.69313 0
    endloop
  endfacet
  facet normal -0 0 -1
    outer loop
      vertex 6.84437 9.95564 0
      vertex 0 4 0
      vertex 6.84437 58.8444 0
    endloop
  endfacet
  facet normal 0 0 -1
    outer loop
      vertex 0 4 0
      vertex 6.62016 9.69313 0
      vertex 6.43979 9.39878 0
    endloop
  endfacet
  facet normal 0 0 -1
    outer loop
      vertex 0 64.8 0
      vertex 6.84437 58.8444 0
      vertex 0 4 0
    endloop
  endfacet
  facet normal 0 0 -1
    outer loop
      vertex 0 4 0
      vertex 6.43979 9.39878 0
      vertex 6.30768 9.07984 0
    endloop
  endfacet
  facet normal 0 0 -1
    outer loop
      vertex 6.84437 58.8444 0
      vertex 0 64.8 0
      vertex 6.62016 59.1069 0
    endloop
  endfacet
  facet normal 0 0 -1
    outer loop
      vertex 0 4 0
      vertex 6.30768 9.07984 0
      vertex 6.22709 8.74416 0
    endloop
  endfacet
  facet normal 0 0 -1
    outer loop
      vertex 6.62016 59.1069 0
      vertex 0 64.8 0
      vertex 6.43979 59.4012 0
    endloop
  endfacet
  facet normal 0 0 -1
    outer loop
      vertex 0 4 0
      vertex 6.22709 8.74416 0
      vertex 6.2 8.4 0
    endloop
  endfacet
  facet normal 0 0 -1
    outer loop
      vertex 6.43979 59.4012 0
      vertex 0 64.8 0
      vertex 6.30768 59.7202 0
    endloop
  endfacet
  facet normal 0 0 -1
    outer loop
      vertex 62.3602 9.39878 0
      vertex 68.8 4 0
      vertex 62.4923 9.07984 0
    endloop
  endfacet
  facet normal 0 0 -1
    outer loop
      vertex 68.8 64.8 0
      vertex 62.5729 60.0558 0
      vertex 62.6 60.4 0
    endloop
  endfacet
  facet normal 0 0 -1
    outer loop
      vertex 62.1798 9.69313 0
      vertex 68.8 4 0
      vertex 62.3602 9.39878 0
    endloop
  endfacet
  facet normal 0 0 -1
    outer loop
      vertex 68.8 64.8 0
      vertex 62.4923 59.7202 0
      vertex 62.5729 60.0558 0
    endloop
  endfacet
  facet normal 0 0 -1
    outer loop
      vertex 61.9556 9.95564 0
      vertex 68.8 4 0
      vertex 62.1798 9.69313 0
    endloop
  endfacet
  facet normal 0 0 -1
    outer loop
      vertex 68.8 64.8 0
      vertex 62.3602 59.4012 0
      vertex 62.4923 59.7202 0
    endloop
  endfacet
  facet normal 0 0 -1
    outer loop
      vertex 68.8 4 0
      vertex 61.9556 9.95564 0
      vertex 68.8 64.8 0
    endloop
  endfacet
  facet normal 0 0 -1
    outer loop
      vertex 68.8 64.8 0
      vertex 62.1798 59.1069 0
      vertex 62.3602 59.4012 0
    endloop
  endfacet
  facet normal 0 0 -1
    outer loop
      vertex 61.9556 58.8444 0
      vertex 68.8 64.8 0
      vertex 61.9556 9.95564 0
    endloop
  endfacet
  facet normal 0 0 -1
    outer loop
      vertex 68.8 64.8 0
      vertex 61.9556 58.8444 0
      vertex 62.1798 59.1069 0
    endloop
  endfacet
  facet normal 0 0 -1
    outer loop
      vertex 61.6931 10.1798 0
      vertex 61.9556 58.8444 0
      vertex 61.9556 9.95564 0
    endloop
  endfacet
  facet normal 0 0 -1
    outer loop
      vertex 61.6931 10.1798 0
      vertex 61.6931 58.6202 0
      vertex 61.9556 58.8444 0
    endloop
  endfacet
  facet normal 0 0 -1
    outer loop
      vertex 61.3988 10.3602 0
      vertex 61.6931 58.6202 0
      vertex 61.6931 10.1798 0
    endloop
  endfacet
  facet normal 0 0 -1
    outer loop
      vertex 61.3988 10.3602 0
      vertex 61.3988 58.4398 0
      vertex 61.6931 58.6202 0
    endloop
  endfacet
  facet normal 0 0 -1
    outer loop
      vertex 61.0798 10.4923 0
      vertex 61.3988 58.4398 0
      vertex 61.3988 10.3602 0
    endloop
  endfacet
  facet normal 0 0 -1
    outer loop
      vertex 61.0798 10.4923 0
      vertex 61.0798 58.3077 0
      vertex 61.3988 58.4398 0
    endloop
  endfacet
  facet normal 0 0 -1
    outer loop
      vertex 60.7442 10.5729 0
      vertex 61.0798 58.3077 0
      vertex 61.0798 10.4923 0
    endloop
  endfacet
  facet normal 0 0 -1
    outer loop
      vertex 60.7442 10.5729 0
      vertex 60.7442 58.2271 0
      vertex 61.0798 58.3077 0
    endloop
  endfacet
  facet normal 0 0 -1
    outer loop
      vertex 60.4 10.6 0
      vertex 60.7442 58.2271 0
      vertex 60.7442 10.5729 0
    endloop
  endfacet
  facet normal 0 0 -1
    outer loop
      vertex 60.4 10.6 0
      vertex 60.4 58.2 0
      vertex 60.7442 58.2271 0
    endloop
  endfacet
  facet normal 0 0 -1
    outer loop
      vertex 60.0558 10.5729 0
      vertex 60.4 58.2 0
      vertex 60.4 10.6 0
    endloop
  endfacet
  facet normal 0 0 -1
    outer loop
      vertex 60.0558 10.5729 0
      vertex 60.0558 58.2271 0
      vertex 60.4 58.2 0
    endloop
  endfacet
  facet normal 0 0 -1
    outer loop
      vertex 59.7202 10.4923 0
      vertex 60.0558 58.2271 0
      vertex 60.0558 10.5729 0
    endloop
  endfacet
  facet normal 0 0 -1
    outer loop
      vertex 59.7202 10.4923 0
      vertex 59.7202 58.3077 0
      vertex 60.0558 58.2271 0
    endloop
  endfacet
  facet normal 0 0 -1
    outer loop
      vertex 59.4012 10.3602 0
      vertex 59.7202 58.3077 0
      vertex 59.7202 10.4923 0
    endloop
  endfacet
  facet normal 0 0 -1
    outer loop
      vertex 59.4012 10.3602 0
      vertex 59.4012 58.4398 0
      vertex 59.7202 58.3077 0
    endloop
  endfacet
  facet normal 0 0 -1
    outer loop
      vertex 59.1069 10.1798 0
      vertex 59.4012 58.4398 0
      vertex 59.4012 10.3602 0
    endloop
  endfacet
  facet normal 0 0 -1
    outer loop
      vertex 59.1069 10.1798 0
      vertex 59.1069 58.6202 0
      vertex 59.4012 58.4398 0
    endloop
  endfacet
  facet normal 0 0 -1
    outer loop
      vertex 58.8444 9.95564 0
      vertex 59.1069 58.6202 0
      vertex 59.1069 10.1798 0
    endloop
  endfacet
  facet normal 0 0 -1
    outer loop
      vertex 58.8444 9.95564 0
      vertex 58.8444 58.8444 0
      vertex 59.1069 58.6202 0
    endloop
  endfacet
  facet normal 0 0 -1
    outer loop
      vertex 58.3077 9.07984 0
      vertex 10.4923 9.07984 0
      vertex 58.4398 9.39878 0
    endloop
  endfacet
  facet normal 0 0 -1
    outer loop
      vertex 10.3602 9.39878 0
      vertex 58.4398 9.39878 0
      vertex 10.4923 9.07984 0
    endloop
  endfacet
  facet normal 0 0 -1
    outer loop
      vertex 10.4923 9.07984 0
      vertex 58.3077 9.07984 0
      vertex 10.5729 8.74416 0
    endloop
  endfacet
  facet normal 0 0 -1
    outer loop
      vertex 58.4398 9.39878 0
      vertex 10.3602 9.39878 0
      vertex 58.6202 9.69313 0
    endloop
  endfacet
  facet normal 0 0 -1
    outer loop
      vertex 58.2271 8.74416 0
      vertex 10.5729 8.74416 0
      vertex 58.3077 9.07984 0
    endloop
  endfacet
  facet normal 0 0 -1
    outer loop
      vertex 58.8444 58.8444 0
      vertex 10.6 60.4 0
      vertex 58.6202 59.1069 0
    endloop
  endfacet
  facet normal 0 0 -1
    outer loop
      vertex 10.5729 8.74416 0
      vertex 58.2271 8.74416 0
      vertex 10.6 8.4 0
    endloop
  endfacet
  facet normal 0 0 -1
    outer loop
      vertex 58.6202 59.1069 0
      vertex 10.6 60.4 0
      vertex 58.4398 59.4012 0
    endloop
  endfacet
  facet normal 0 0 -1
    outer loop
      vertex 10.6 8.4 0
      vertex 58.2271 8.74416 0
      vertex 58.2 8.4 0
    endloop
  endfacet
  facet normal 0 0 -1
    outer loop
      vertex 58.4398 59.4012 0
      vertex 10.6 60.4 0
      vertex 58.3077 59.7202 0
    endloop
  endfacet
  facet normal 0 0 -1
    outer loop
      vertex 61.9556 6.84437 0
      vertex 68.8 4 0
      vertex 68.7508 3.37426 0
    endloop
  endfacet
  facet normal 0 0 -1
    outer loop
      vertex 62.5729 8.74416 0
      vertex 68.8 4 0
      vertex 62.6 8.4 0
    endloop
  endfacet
  facet normal 0 0 -1
    outer loop
      vertex 61.9556 6.84437 0
      vertex 68.7508 3.37426 0
      vertex 68.6042 2.76393 0
    endloop
  endfacet
  facet normal 0 0 -1
    outer loop
      vertex 62.4923 9.07984 0
      vertex 68.8 4 0
      vertex 62.5729 8.74416 0
    endloop
  endfacet
  facet normal 0 0 -1
    outer loop
      vertex 61.9556 6.84437 0
      vertex 68.6042 2.76393 0
      vertex 68.364 2.18404 0
    endloop
  endfacet
  facet normal 0 0 -1
    outer loop
      vertex 62.5729 60.7442 0
      vertex 68.8 64.8 0
      vertex 62.6 60.4 0
    endloop
  endfacet
  facet normal 0 0 -1
    outer loop
      vertex 61.9556 6.84437 0
      vertex 68.364 2.18404 0
      vertex 68.0361 1.64886 0
    endloop
  endfacet
  facet normal 0 0 -1
    outer loop
      vertex 62.4923 61.0798 0
      vertex 68.8 64.8 0
      vertex 62.5729 60.7442 0
    endloop
  endfacet
  facet normal 0 0 -1
    outer loop
      vertex 61.9556 6.84437 0
      vertex 68.0361 1.64886 0
      vertex 67.6284 1.17157 0
    endloop
  endfacet
  facet normal 0 0 -1
    outer loop
      vertex 62.3602 61.3988 0
      vertex 68.8 64.8 0
      vertex 62.4923 61.0798 0
    endloop
  endfacet
  facet normal 0 0 -1
    outer loop
      vertex 61.9556 6.84437 0
      vertex 67.6284 1.17157 0
      vertex 67.1511 0.763931 0
    endloop
  endfacet
  facet normal 0 0 -1
    outer loop
      vertex 62.1798 61.6931 0
      vertex 68.8 64.8 0
      vertex 62.3602 61.3988 0
    endloop
  endfacet
  facet normal 0 0 -1
    outer loop
      vertex 61.9556 6.84437 0
      vertex 67.1511 0.763931 0
      vertex 66.616 0.435973 0
    endloop
  endfacet
  facet normal 0 0 -1
    outer loop
      vertex 61.9556 61.9556 0
      vertex 68.8 64.8 0
      vertex 62.1798 61.6931 0
    endloop
  endfacet
  facet normal 0 0 -1
    outer loop
      vertex 61.9556 6.84437 0
      vertex 66.616 0.435973 0
      vertex 66.0361 0.195773 0
    endloop
  endfacet
  facet normal -0 0 -1
    outer loop
      vertex 68.8 64.8 0
      vertex 61.9556 61.9556 0
      vertex 68.7508 65.4257 0
    endloop
  endfacet
  facet normal 0 0 -1
    outer loop
      vertex 61.9556 6.84437 0
      vertex 66.0361 0.195773 0
      vertex 65.4257 0.0492458 0
    endloop
  endfacet
  facet normal -0 0 -1
    outer loop
      vertex 68.7508 65.4257 0
      vertex 61.9556 61.9556 0
      vertex 68.6042 66.0361 0
    endloop
  endfacet
  facet normal 0 0 -1
    outer loop
      vertex 61.9556 6.84437 0
      vertex 65.4257 0.0492458 0
      vertex 64.8 0 0
    endloop
  endfacet
  facet normal -0 0 -1
    outer loop
      vertex 68.6042 66.0361 0
      vertex 61.9556 61.9556 0
      vertex 68.364 66.616 0
    endloop
  endfacet
  facet normal -0 0 -1
    outer loop
      vertex 68.364 66.616 0
      vertex 61.9556 61.9556 0
      vertex 68.0361 67.1511 0
    endloop
  endfacet
  facet normal 0 0 -1
    outer loop
      vertex 68.8 4 0
      vertex 62.5729 8.05584 0
      vertex 62.6 8.4 0
    endloop
  endfacet
  facet normal 0 0 -1
    outer loop
      vertex 68.8 4 0
      vertex 62.4923 7.72016 0
      vertex 62.5729 8.05584 0
    endloop
  endfacet
  facet normal 0 0 -1
    outer loop
      vertex 68.8 4 0
      vertex 62.3602 7.40122 0
      vertex 62.4923 7.72016 0
    endloop
  endfacet
  facet normal 0 0 -1
    outer loop
      vertex 68.8 4 0
      vertex 62.1798 7.10687 0
      vertex 62.3602 7.40122 0
    endloop
  endfacet
  facet normal 0 0 -1
    outer loop
      vertex 68.8 4 0
      vertex 61.9556 6.84437 0
      vertex 62.1798 7.10687 0
    endloop
  endfacet
  facet normal 0 0 -1
    outer loop
      vertex 64.8 0 0
      vertex 61.6931 6.62016 0
      vertex 61.9556 6.84437 0
    endloop
  endfacet
  facet normal 0 0 -1
    outer loop
      vertex 64.8 0 0
      vertex 61.3988 6.43979 0
      vertex 61.6931 6.62016 0
    endloop
  endfacet
  facet normal 0 0 -1
    outer loop
      vertex 64.8 0 0
      vertex 61.0798 6.30768 0
      vertex 61.3988 6.43979 0
    endloop
  endfacet
  facet normal 0 0 -1
    outer loop
      vertex 64.8 0 0
      vertex 60.7442 6.22709 0
      vertex 61.0798 6.30768 0
    endloop
  endfacet
  facet normal 0 0 -1
    outer loop
      vertex 64.8 0 0
      vertex 60.4 6.2 0
      vertex 60.7442 6.22709 0
    endloop
  endfacet
  facet normal 0 0 -1
    outer loop
      vertex 64.8 0 0
      vertex 60.0558 6.22709 0
      vertex 60.4 6.2 0
    endloop
  endfacet
  facet normal 0 0 -1
    outer loop
      vertex 64.8 0 0
      vertex 59.7202 6.30768 0
      vertex 60.0558 6.22709 0
    endloop
  endfacet
  facet normal 0 0 -1
    outer loop
      vertex 64.8 0 0
      vertex 59.4012 6.43979 0
      vertex 59.7202 6.30768 0
    endloop
  endfacet
  facet normal 0 0 -1
    outer loop
      vertex 64.8 0 0
      vertex 59.1069 6.62016 0
      vertex 59.4012 6.43979 0
    endloop
  endfacet
  facet normal 0 0 -1
    outer loop
      vertex 64.8 0 0
      vertex 58.8444 6.84437 0
      vertex 59.1069 6.62016 0
    endloop
  endfacet
  facet normal 0 0 -1
    outer loop
      vertex 58.3077 59.7202 0
      vertex 10.6 60.4 0
      vertex 58.2271 60.0558 0
    endloop
  endfacet
  facet normal 0 0 -1
    outer loop
      vertex 58.2271 8.05584 0
      vertex 10.6 8.4 0
      vertex 58.2 8.4 0
    endloop
  endfacet
  facet normal 0 0 -1
    outer loop
      vertex 10.5729 8.05584 0
      vertex 58.2271 8.05584 0
      vertex 58.3077 7.72016 0
    endloop
  endfacet
  facet normal 0 0 -1
    outer loop
      vertex 10.4923 7.72016 0
      vertex 58.3077 7.72016 0
      vertex 58.4398 7.40122 0
    endloop
  endfacet
  facet normal 0 0 -1
    outer loop
      vertex 10.3602 7.40122 0
      vertex 58.4398 7.40122 0
      vertex 58.6202 7.10687 0
    endloop
  endfacet
  facet normal 0 0 -1
    outer loop
      vertex 10.1798 7.10687 0
      vertex 58.6202 7.10687 0
      vertex 58.8444 6.84437 0
    endloop
  endfacet
  facet normal 0 0 -1
    outer loop
      vertex 9.95564 6.84437 0
      vertex 58.8444 6.84437 0
      vertex 64.8 0 0
    endloop
  endfacet
  facet normal 0 0 -1
    outer loop
      vertex 58.2271 8.05584 0
      vertex 10.5729 8.05584 0
      vertex 10.6 8.4 0
    endloop
  endfacet
  facet normal 0 0 -1
    outer loop
      vertex 58.3077 7.72016 0
      vertex 10.4923 7.72016 0
      vertex 10.5729 8.05584 0
    endloop
  endfacet
  facet normal 0 0 -1
    outer loop
      vertex 58.4398 7.40122 0
      vertex 10.3602 7.40122 0
      vertex 10.4923 7.72016 0
    endloop
  endfacet
  facet normal 0 0 -1
    outer loop
      vertex 58.6202 7.10687 0
      vertex 10.1798 7.10687 0
      vertex 10.3602 7.40122 0
    endloop
  endfacet
  facet normal 0 0 -1
    outer loop
      vertex 58.8444 6.84437 0
      vertex 9.95564 6.84437 0
      vertex 10.1798 7.10687 0
    endloop
  endfacet
  facet normal 0 0 -1
    outer loop
      vertex 4 0 0
      vertex 9.95564 6.84437 0
      vertex 64.8 0 0
    endloop
  endfacet
  facet normal 0 0 -1
    outer loop
      vertex 9.95564 6.84437 0
      vertex 4 0 0
      vertex 9.69313 6.62016 0
    endloop
  endfacet
  facet normal 0 0 -1
    outer loop
      vertex 9.69313 6.62016 0
      vertex 4 0 0
      vertex 9.39878 6.43979 0
    endloop
  endfacet
  facet normal 0 0 -1
    outer loop
      vertex 9.39878 6.43979 0
      vertex 4 0 0
      vertex 9.07984 6.30768 0
    endloop
  endfacet
  facet normal 0 0 -1
    outer loop
      vertex 9.07984 6.30768 0
      vertex 4 0 0
      vertex 8.74416 6.22709 0
    endloop
  endfacet
  facet normal 0 0 -1
    outer loop
      vertex 8.74416 6.22709 0
      vertex 4 0 0
      vertex 8.4 6.2 0
    endloop
  endfacet
  facet normal -0 0 -1
    outer loop
      vertex 6.22709 8.05584 0
      vertex 0 4 0
      vertex 6.2 8.4 0
    endloop
  endfacet
  facet normal -0 0 -1
    outer loop
      vertex 6.30768 7.72016 0
      vertex 0 4 0
      vertex 6.22709 8.05584 0
    endloop
  endfacet
  facet normal -0 0 -1
    outer loop
      vertex 6.43979 7.40122 0
      vertex 0 4 0
      vertex 6.30768 7.72016 0
    endloop
  endfacet
  facet normal -0 0 -1
    outer loop
      vertex 6.62016 7.10687 0
      vertex 0 4 0
      vertex 6.43979 7.40122 0
    endloop
  endfacet
  facet normal -0 0 -1
    outer loop
      vertex 6.84437 6.84437 0
      vertex 0 4 0
      vertex 6.62016 7.10687 0
    endloop
  endfacet
  facet normal 0 0 -1
    outer loop
      vertex 0 4 0
      vertex 6.84437 6.84437 0
      vertex 4 0 0
    endloop
  endfacet
  facet normal -0 0 -1
    outer loop
      vertex 7.10687 6.62016 0
      vertex 4 0 0
      vertex 6.84437 6.84437 0
    endloop
  endfacet
  facet normal -0 0 -1
    outer loop
      vertex 7.40122 6.43979 0
      vertex 4 0 0
      vertex 7.10687 6.62016 0
    endloop
  endfacet
  facet normal -0 0 -1
    outer loop
      vertex 7.72016 6.30768 0
      vertex 4 0 0
      vertex 7.40122 6.43979 0
    endloop
  endfacet
  facet normal -0 0 -1
    outer loop
      vertex 8.05584 6.22709 0
      vertex 4 0 0
      vertex 7.72016 6.30768 0
    endloop
  endfacet
  facet normal -0 0 -1
    outer loop
      vertex 8.4 6.2 0
      vertex 4 0 0
      vertex 8.05584 6.22709 0
    endloop
  endfacet
  facet normal -0 0 -1
    outer loop
      vertex 68.0361 67.1511 0
      vertex 61.9556 61.9556 0
      vertex 67.6284 67.6284 0
    endloop
  endfacet
  facet normal -0 0 -1
    outer loop
      vertex 67.6284 67.6284 0
      vertex 61.9556 61.9556 0
      vertex 67.1511 68.0361 0
    endloop
  endfacet
  facet normal -0 0 -1
    outer loop
      vertex 67.1511 68.0361 0
      vertex 61.9556 61.9556 0
      vertex 66.616 68.364 0
    endloop
  endfacet
  facet normal -0 0 -1
    outer loop
      vertex 66.616 68.364 0
      vertex 61.9556 61.9556 0
      vertex 66.0361 68.6042 0
    endloop
  endfacet
  facet normal -0 0 -1
    outer loop
      vertex 66.0361 68.6042 0
      vertex 61.9556 61.9556 0
      vertex 65.4257 68.7508 0
    endloop
  endfacet
  facet normal -0 0 -1
    outer loop
      vertex 65.4257 68.7508 0
      vertex 61.9556 61.9556 0
      vertex 64.8 68.8 0
    endloop
  endfacet
  facet normal 0 0 -1
    outer loop
      vertex 61.6931 62.1798 0
      vertex 64.8 68.8 0
      vertex 61.9556 61.9556 0
    endloop
  endfacet
  facet normal 0 0 -1
    outer loop
      vertex 61.3988 62.3602 0
      vertex 64.8 68.8 0
      vertex 61.6931 62.1798 0
    endloop
  endfacet
  facet normal 0 0 -1
    outer loop
      vertex 61.0798 62.4923 0
      vertex 64.8 68.8 0
      vertex 61.3988 62.3602 0
    endloop
  endfacet
  facet normal 0 0 -1
    outer loop
      vertex 60.7442 62.5729 0
      vertex 64.8 68.8 0
      vertex 61.0798 62.4923 0
    endloop
  endfacet
  facet normal 0 0 -1
    outer loop
      vertex 60.4 62.6 0
      vertex 64.8 68.8 0
      vertex 60.7442 62.5729 0
    endloop
  endfacet
  facet normal 0 0 -1
    outer loop
      vertex 60.0558 62.5729 0
      vertex 64.8 68.8 0
      vertex 60.4 62.6 0
    endloop
  endfacet
  facet normal 0 0 -1
    outer loop
      vertex 59.7202 62.4923 0
      vertex 64.8 68.8 0
      vertex 60.0558 62.5729 0
    endloop
  endfacet
  facet normal 0 0 -1
    outer loop
      vertex 59.4012 62.3602 0
      vertex 64.8 68.8 0
      vertex 59.7202 62.4923 0
    endloop
  endfacet
  facet normal 0 0 -1
    outer loop
      vertex 59.1069 62.1798 0
      vertex 64.8 68.8 0
      vertex 59.4012 62.3602 0
    endloop
  endfacet
  facet normal 0 0 -1
    outer loop
      vertex 58.8444 61.9556 0
      vertex 64.8 68.8 0
      vertex 59.1069 62.1798 0
    endloop
  endfacet
  facet normal 0 0 -1
    outer loop
      vertex 58.2271 60.0558 0
      vertex 10.6 60.4 0
      vertex 58.2 60.4 0
    endloop
  endfacet
  facet normal 0 0 -1
    outer loop
      vertex 58.2 60.4 0
      vertex 10.6 60.4 0
      vertex 58.2271 60.7442 0
    endloop
  endfacet
  facet normal 0 0 -1
    outer loop
      vertex 10.5729 60.7442 0
      vertex 58.2271 60.7442 0
      vertex 10.6 60.4 0
    endloop
  endfacet
  facet normal 0 0 -1
    outer loop
      vertex 58.2271 60.7442 0
      vertex 10.5729 60.7442 0
      vertex 58.3077 61.0798 0
    endloop
  endfacet
  facet normal 0 0 -1
    outer loop
      vertex 10.4923 61.0798 0
      vertex 58.3077 61.0798 0
      vertex 10.5729 60.7442 0
    endloop
  endfacet
  facet normal 0 0 -1
    outer loop
      vertex 58.3077 61.0798 0
      vertex 10.4923 61.0798 0
      vertex 58.4398 61.3988 0
    endloop
  endfacet
  facet normal 0 0 -1
    outer loop
      vertex 10.3602 61.3988 0
      vertex 58.4398 61.3988 0
      vertex 10.4923 61.0798 0
    endloop
  endfacet
  facet normal 0 0 -1
    outer loop
      vertex 58.4398 61.3988 0
      vertex 10.3602 61.3988 0
      vertex 58.6202 61.6931 0
    endloop
  endfacet
  facet normal 0 0 -1
    outer loop
      vertex 10.1798 61.6931 0
      vertex 58.6202 61.6931 0
      vertex 10.3602 61.3988 0
    endloop
  endfacet
  facet normal 0 0 -1
    outer loop
      vertex 58.6202 61.6931 0
      vertex 10.1798 61.6931 0
      vertex 58.8444 61.9556 0
    endloop
  endfacet
  facet normal 0 0 -1
    outer loop
      vertex 9.95564 61.9556 0
      vertex 58.8444 61.9556 0
      vertex 10.1798 61.6931 0
    endloop
  endfacet
  facet normal 0 0 -1
    outer loop
      vertex 58.8444 61.9556 0
      vertex 9.95564 61.9556 0
      vertex 64.8 68.8 0
    endloop
  endfacet
  facet normal 0 0 -1
    outer loop
      vertex 4 68.8 0
      vertex 9.95564 61.9556 0
      vertex 9.69313 62.1798 0
    endloop
  endfacet
  facet normal 0 0 -1
    outer loop
      vertex 4 68.8 0
      vertex 9.69313 62.1798 0
      vertex 9.39878 62.3602 0
    endloop
  endfacet
  facet normal 0 0 -1
    outer loop
      vertex 4 68.8 0
      vertex 9.39878 62.3602 0
      vertex 9.07984 62.4923 0
    endloop
  endfacet
  facet normal 0 0 -1
    outer loop
      vertex 4 68.8 0
      vertex 9.07984 62.4923 0
      vertex 8.74416 62.5729 0
    endloop
  endfacet
  facet normal 0 0 -1
    outer loop
      vertex 4 68.8 0
      vertex 8.74416 62.5729 0
      vertex 8.4 62.6 0
    endloop
  endfacet
  facet normal 0 0 -1
    outer loop
      vertex 4 68.8 0
      vertex 8.4 62.6 0
      vertex 8.05584 62.5729 0
    endloop
  endfacet
  facet normal 0 0 -1
    outer loop
      vertex 9.95564 61.9556 0
      vertex 4 68.8 0
      vertex 64.8 68.8 0
    endloop
  endfacet
  facet normal 0 0 -1
    outer loop
      vertex 7.72016 62.4923 0
      vertex 4 68.8 0
      vertex 8.05584 62.5729 0
    endloop
  endfacet
  facet normal 0 0 -1
    outer loop
      vertex 7.40122 62.3602 0
      vertex 4 68.8 0
      vertex 7.72016 62.4923 0
    endloop
  endfacet
  facet normal 0 0 -1
    outer loop
      vertex 7.10687 62.1798 0
      vertex 4 68.8 0
      vertex 7.40122 62.3602 0
    endloop
  endfacet
  facet normal 0 0 -1
    outer loop
      vertex 6.84437 61.9556 0
      vertex 4 68.8 0
      vertex 7.10687 62.1798 0
    endloop
  endfacet
  facet normal 0 0 -1
    outer loop
      vertex 0 64.8 0
      vertex 6.84437 61.9556 0
      vertex 6.62016 61.6931 0
    endloop
  endfacet
  facet normal 0 0 -1
    outer loop
      vertex 0 64.8 0
      vertex 6.62016 61.6931 0
      vertex 6.43979 61.3988 0
    endloop
  endfacet
  facet normal 0 0 -1
    outer loop
      vertex 0 64.8 0
      vertex 6.43979 61.3988 0
      vertex 6.30768 61.0798 0
    endloop
  endfacet
  facet normal 0 0 -1
    outer loop
      vertex 0 64.8 0
      vertex 6.30768 61.0798 0
      vertex 6.22709 60.7442 0
    endloop
  endfacet
  facet normal 0 0 -1
    outer loop
      vertex 0 64.8 0
      vertex 6.22709 60.7442 0
      vertex 6.2 60.4 0
    endloop
  endfacet
  facet normal 0 0 -1
    outer loop
      vertex 6.30768 59.7202 0
      vertex 0 64.8 0
      vertex 6.22709 60.0558 0
    endloop
  endfacet
  facet normal 0 0 -1
    outer loop
      vertex 0 4 0
      vertex 4 0 0
      vertex 3.37426 0.0492458 0
    endloop
  endfacet
  facet normal 0 0 -1
    outer loop
      vertex 6.22709 60.0558 0
      vertex 0 64.8 0
      vertex 6.2 60.4 0
    endloop
  endfacet
  facet normal 0 0 -1
    outer loop
      vertex 0 4 0
      vertex 3.37426 0.0492458 0
      vertex 2.76393 0.195773 0
    endloop
  endfacet
  facet normal 0 0 -1
    outer loop
      vertex 6.84437 61.9556 0
      vertex 0 64.8 0
      vertex 4 68.8 0
    endloop
  endfacet
  facet normal 0 0 -1
    outer loop
      vertex 0 4 0
      vertex 2.76393 0.195773 0
      vertex 2.18404 0.435973 0
    endloop
  endfacet
  facet normal 0 0 -1
    outer loop
      vertex 4 68.8 0
      vertex 0 64.8 0
      vertex 3.37426 68.7508 0
    endloop
  endfacet
  facet normal 0 0 -1
    outer loop
      vertex 0 4 0
      vertex 2.18404 0.435973 0
      vertex 1.64886 0.763931 0
    endloop
  endfacet
  facet normal 0 0 -1
    outer loop
      vertex 3.37426 68.7508 0
      vertex 0 64.8 0
      vertex 2.76393 68.6042 0
    endloop
  endfacet
  facet normal 0 0 -1
    outer loop
      vertex 0 4 0
      vertex 1.64886 0.763931 0
      vertex 1.17157 1.17157 0
    endloop
  endfacet
  facet normal 0 0 -1
    outer loop
      vertex 2.76393 68.6042 0
      vertex 0 64.8 0
      vertex 2.18404 68.364 0
    endloop
  endfacet
  facet normal 0 0 -1
    outer loop
      vertex 0 4 0
      vertex 1.17157 1.17157 0
      vertex 0.763931 1.64886 0
    endloop
  endfacet
  facet normal 0 0 -1
    outer loop
      vertex 2.18404 68.364 0
      vertex 0 64.8 0
      vertex 1.64886 68.0361 0
    endloop
  endfacet
  facet normal 0 0 -1
    outer loop
      vertex 0 4 0
      vertex 0.763931 1.64886 0
      vertex 0.435973 2.18404 0
    endloop
  endfacet
  facet normal 0 0 -1
    outer loop
      vertex 1.64886 68.0361 0
      vertex 0 64.8 0
      vertex 1.17157 67.6284 0
    endloop
  endfacet
  facet normal 0 0 -1
    outer loop
      vertex 0 4 0
      vertex 0.435973 2.18404 0
      vertex 0.195773 2.76393 0
    endloop
  endfacet
  facet normal 0 0 -1
    outer loop
      vertex 1.17157 67.6284 0
      vertex 0 64.8 0
      vertex 0.763931 67.1511 0
    endloop
  endfacet
  facet normal 0 0 -1
    outer loop
      vertex 0 4 0
      vertex 0.195773 2.76393 0
      vertex 0.0492458 3.37426 0
    endloop
  endfacet
  facet normal 0 0 -1
    outer loop
      vertex 0.763931 67.1511 0
      vertex 0 64.8 0
      vertex 0.435973 66.616 0
    endloop
  endfacet
  facet normal 0 0 -1
    outer loop
      vertex 0.435973 66.616 0
      vertex 0 64.8 0
      vertex 0.195773 66.0361 0
    endloop
  endfacet
  facet normal 0 0 -1
    outer loop
      vertex 0.195773 66.0361 0
      vertex 0 64.8 0
      vertex 0.0492458 65.4257 0
    endloop
  endfacet
  facet normal 0.852647 0.522487 0
    outer loop
      vertex 68.364 66.616 28
      vertex 68.0361 67.1511 0
      vertex 68.0361 67.1511 28
    endloop
  endfacet
  facet normal 0.852647 0.522487 0
    outer loop
      vertex 68.0361 67.1511 0
      vertex 68.364 66.616 28
      vertex 68.364 66.616 0
    endloop
  endfacet
  facet normal 0.923879 -0.382686 0
    outer loop
      vertex 68.364 2.18404 28
      vertex 68.6042 2.76393 0
      vertex 68.6042 2.76393 28
    endloop
  endfacet
  facet normal 0.923879 -0.382686 0
    outer loop
      vertex 68.6042 2.76393 0
      vertex 68.364 2.18404 28
      vertex 68.364 2.18404 0
    endloop
  endfacet
  facet normal 0 1 -0
    outer loop
      vertex 64.8 68.8 0
      vertex 4 68.8 28
      vertex 64.8 68.8 28
    endloop
  endfacet
  facet normal 0 1 0
    outer loop
      vertex 4 68.8 28
      vertex 64.8 68.8 0
      vertex 4 68.8 0
    endloop
  endfacet
  facet normal 0.760369 0.649492 0
    outer loop
      vertex 68.0361 67.1511 28
      vertex 67.6284 67.6284 0
      vertex 67.6284 67.6284 28
    endloop
  endfacet
  facet normal 0.760369 0.649492 0
    outer loop
      vertex 67.6284 67.6284 0
      vertex 68.0361 67.1511 28
      vertex 68.0361 67.1511 0
    endloop
  endfacet
  facet normal -0.97237 -0.233445 0
    outer loop
      vertex 0.195773 2.76393 0
      vertex 0.0492458 3.37426 28
      vertex 0.0492458 3.37426 0
    endloop
  endfacet
  facet normal -0.97237 -0.233445 0
    outer loop
      vertex 0.0492458 3.37426 28
      vertex 0.195773 2.76393 0
      vertex 0.195773 2.76393 28
    endloop
  endfacet
  facet normal 0.522487 0.852647 -0
    outer loop
      vertex 67.1511 68.0361 0
      vertex 66.616 68.364 28
      vertex 67.1511 68.0361 28
    endloop
  endfacet
  facet normal 0.522487 0.852647 0
    outer loop
      vertex 66.616 68.364 28
      vertex 67.1511 68.0361 0
      vertex 66.616 68.364 0
    endloop
  endfacet
  facet normal -0.522498 -0.852641 0
    outer loop
      vertex 1.64886 0.763931 0
      vertex 2.18404 0.435973 28
      vertex 1.64886 0.763931 28
    endloop
  endfacet
  facet normal -0.522498 -0.852641 -0
    outer loop
      vertex 2.18404 0.435973 28
      vertex 1.64886 0.763931 0
      vertex 2.18404 0.435973 0
    endloop
  endfacet
  facet normal -0.649443 -0.76041 0
    outer loop
      vertex 1.17157 1.17157 0
      vertex 1.64886 0.763931 28
      vertex 1.17157 1.17157 28
    endloop
  endfacet
  facet normal -0.649443 -0.76041 -0
    outer loop
      vertex 1.64886 0.763931 28
      vertex 1.17157 1.17157 0
      vertex 1.64886 0.763931 0
    endloop
  endfacet
  facet normal -0.0784575 -0.996917 0
    outer loop
      vertex 3.37426 0.0492458 0
      vertex 4 0 28
      vertex 3.37426 0.0492458 28
    endloop
  endfacet
  facet normal -0.0784575 -0.996917 -0
    outer loop
      vertex 4 0 28
      vertex 3.37426 0.0492458 0
      vertex 4 0 0
    endloop
  endfacet
  facet normal -0.760417 0.649435 0
    outer loop
      vertex 0.763931 67.1511 0
      vertex 1.17157 67.6284 28
      vertex 1.17157 67.6284 0
    endloop
  endfacet
  facet normal -0.760417 0.649435 0
    outer loop
      vertex 1.17157 67.6284 28
      vertex 0.763931 67.1511 0
      vertex 0.763931 67.1511 28
    endloop
  endfacet
  facet normal -0.382686 0.923879 0
    outer loop
      vertex 2.76393 68.6042 0
      vertex 2.18404 68.364 28
      vertex 2.76393 68.6042 28
    endloop
  endfacet
  facet normal -0.382686 0.923879 0
    outer loop
      vertex 2.18404 68.364 28
      vertex 2.76393 68.6042 0
      vertex 2.18404 68.364 0
    endloop
  endfacet
  facet normal 0.07839 0.996923 -0
    outer loop
      vertex 65.4257 68.7508 0
      vertex 64.8 68.8 28
      vertex 65.4257 68.7508 28
    endloop
  endfacet
  facet normal 0.07839 0.996923 0
    outer loop
      vertex 64.8 68.8 28
      vertex 65.4257 68.7508 0
      vertex 64.8 68.8 0
    endloop
  endfacet
  facet normal 0.972344 -0.233555 0
    outer loop
      vertex 68.6042 2.76393 28
      vertex 68.7508 3.37426 0
      vertex 68.7508 3.37426 28
    endloop
  endfacet
  facet normal 0.972344 -0.233555 0
    outer loop
      vertex 68.7508 3.37426 0
      vertex 68.6042 2.76393 28
      vertex 68.6042 2.76393 0
    endloop
  endfacet
  facet normal 0.852682 -0.522431 0
    outer loop
      vertex 68.0361 1.64886 28
      vertex 68.364 2.18404 0
      vertex 68.364 2.18404 28
    endloop
  endfacet
  facet normal 0.852682 -0.522431 0
    outer loop
      vertex 68.364 2.18404 0
      vertex 68.0361 1.64886 28
      vertex 68.0361 1.64886 0
    endloop
  endfacet
  facet normal 0.38268 0.923881 -0
    outer loop
      vertex 66.616 68.364 0
      vertex 66.0361 68.6042 28
      vertex 66.616 68.364 28
    endloop
  endfacet
  facet normal 0.38268 0.923881 0
    outer loop
      vertex 66.0361 68.6042 28
      vertex 66.616 68.364 0
      vertex 66.0361 68.6042 0
    endloop
  endfacet
  facet normal 0.38268 -0.923881 0
    outer loop
      vertex 66.0361 0.195773 0
      vertex 66.616 0.435973 28
      vertex 66.0361 0.195773 28
    endloop
  endfacet
  facet normal 0.38268 -0.923881 0
    outer loop
      vertex 66.616 0.435973 28
      vertex 66.0361 0.195773 0
      vertex 66.616 0.435973 0
    endloop
  endfacet
  facet normal 0.996923 0.07839 0
    outer loop
      vertex 68.8 64.8 28
      vertex 68.7508 65.4257 0
      vertex 68.7508 65.4257 28
    endloop
  endfacet
  facet normal 0.996923 0.07839 0
    outer loop
      vertex 68.7508 65.4257 0
      vertex 68.8 64.8 28
      vertex 68.8 64.8 0
    endloop
  endfacet
  facet normal -0.852641 -0.522498 0
    outer loop
      vertex 0.763931 1.64886 0
      vertex 0.435973 2.18404 28
      vertex 0.435973 2.18404 0
    endloop
  endfacet
  facet normal -0.852641 -0.522498 0
    outer loop
      vertex 0.435973 2.18404 28
      vertex 0.763931 1.64886 0
      vertex 0.763931 1.64886 28
    endloop
  endfacet
  facet normal -0.233445 -0.97237 0
    outer loop
      vertex 2.76393 0.195773 0
      vertex 3.37426 0.0492458 28
      vertex 2.76393 0.195773 28
    endloop
  endfacet
  facet normal -0.233445 -0.97237 -0
    outer loop
      vertex 3.37426 0.0492458 28
      vertex 2.76393 0.195773 0
      vertex 3.37426 0.0492458 0
    endloop
  endfacet
  facet normal 0.23342 -0.972376 0
    outer loop
      vertex 65.4257 0.0492458 0
      vertex 66.0361 0.195773 28
      vertex 65.4257 0.0492458 28
    endloop
  endfacet
  facet normal 0.23342 -0.972376 0
    outer loop
      vertex 66.0361 0.195773 28
      vertex 65.4257 0.0492458 0
      vertex 66.0361 0.195773 0
    endloop
  endfacet
  facet normal -0.996917 -0.0784575 0
    outer loop
      vertex 0.0492458 3.37426 0
      vertex 0 4 28
      vertex 0 4 0
    endloop
  endfacet
  facet normal -0.996917 -0.0784575 0
    outer loop
      vertex 0 4 28
      vertex 0.0492458 3.37426 0
      vertex 0.0492458 3.37426 28
    endloop
  endfacet
  facet normal -0.382686 -0.923879 0
    outer loop
      vertex 2.18404 0.435973 0
      vertex 2.76393 0.195773 28
      vertex 2.18404 0.435973 28
    endloop
  endfacet
  facet normal -0.382686 -0.923879 -0
    outer loop
      vertex 2.76393 0.195773 28
      vertex 2.18404 0.435973 0
      vertex 2.76393 0.195773 0
    endloop
  endfacet
  facet normal 0.23353 0.97235 -0
    outer loop
      vertex 66.0361 68.6042 0
      vertex 65.4257 68.7508 28
      vertex 66.0361 68.6042 28
    endloop
  endfacet
  facet normal 0.23353 0.97235 0
    outer loop
      vertex 65.4257 68.7508 28
      vertex 66.0361 68.6042 0
      vertex 65.4257 68.7508 0
    endloop
  endfacet
  facet normal 0.522555 -0.852606 0
    outer loop
      vertex 66.616 0.435973 0
      vertex 67.1511 0.763931 28
      vertex 66.616 0.435973 28
    endloop
  endfacet
  facet normal 0.522555 -0.852606 0
    outer loop
      vertex 67.1511 0.763931 28
      vertex 66.616 0.435973 0
      vertex 67.1511 0.763931 0
    endloop
  endfacet
  facet normal -0.233555 0.972344 0
    outer loop
      vertex 3.37426 68.7508 0
      vertex 2.76393 68.6042 28
      vertex 3.37426 68.7508 28
    endloop
  endfacet
  facet normal -0.233555 0.972344 0
    outer loop
      vertex 2.76393 68.6042 28
      vertex 3.37426 68.7508 0
      vertex 2.76393 68.6042 0
    endloop
  endfacet
  facet normal -0.996917 0.0784625 0
    outer loop
      vertex 0 64.8 0
      vertex 0.0492458 65.4257 28
      vertex 0.0492458 65.4257 0
    endloop
  endfacet
  facet normal -0.996917 0.0784625 0
    outer loop
      vertex 0.0492458 65.4257 28
      vertex 0 64.8 0
      vertex 0 64.8 28
    endloop
  endfacet
  facet normal -0.923879 -0.382686 0
    outer loop
      vertex 0.435973 2.18404 0
      vertex 0.195773 2.76393 28
      vertex 0.195773 2.76393 0
    endloop
  endfacet
  facet normal -0.923879 -0.382686 0
    outer loop
      vertex 0.195773 2.76393 28
      vertex 0.435973 2.18404 0
      vertex 0.435973 2.18404 28
    endloop
  endfacet
  facet normal 0 0 1
    outer loop
      vertex 66.8 64.8 28
      vertex 68.8 64.8 28
      vertex 68.7508 65.4257 28
    endloop
  endfacet
  facet normal 0 0 1
    outer loop
      vertex 68.8 64.8 28
      vertex 66.8 64.8 28
      vertex 68.8 4 28
    endloop
  endfacet
  facet normal 0 0 1
    outer loop
      vertex 66.7754 65.1129 28
      vertex 68.7508 65.4257 28
      vertex 68.6042 66.0361 28
    endloop
  endfacet
  facet normal 0 0 1
    outer loop
      vertex 66.8 4 28
      vertex 68.8 4 28
      vertex 66.8 64.8 28
    endloop
  endfacet
  facet normal 0 0 1
    outer loop
      vertex 66.7021 65.418 28
      vertex 68.6042 66.0361 28
      vertex 68.364 66.616 28
    endloop
  endfacet
  facet normal 0 0 1
    outer loop
      vertex 68.8 4 28
      vertex 66.8 4 28
      vertex 68.7508 3.37426 28
    endloop
  endfacet
  facet normal 0 0 1
    outer loop
      vertex 66.582 65.708 28
      vertex 68.364 66.616 28
      vertex 68.0361 67.1511 28
    endloop
  endfacet
  facet normal -0 0 1
    outer loop
      vertex 66.7754 3.68713 28
      vertex 68.7508 3.37426 28
      vertex 66.8 4 28
    endloop
  endfacet
  facet normal 0 0 1
    outer loop
      vertex 66.418 65.9756 28
      vertex 68.0361 67.1511 28
      vertex 67.6284 67.6284 28
    endloop
  endfacet
  facet normal 0 0 1
    outer loop
      vertex 68.7508 3.37426 28
      vertex 66.7754 3.68713 28
      vertex 68.6042 2.76393 28
    endloop
  endfacet
  facet normal 0 0 1
    outer loop
      vertex 66.2142 66.2142 28
      vertex 67.6284 67.6284 28
      vertex 67.1511 68.0361 28
    endloop
  endfacet
  facet normal -0 0 1
    outer loop
      vertex 66.7021 3.38197 28
      vertex 68.6042 2.76393 28
      vertex 66.7754 3.68713 28
    endloop
  endfacet
  facet normal 0 0 1
    outer loop
      vertex 68.6042 2.76393 28
      vertex 66.7021 3.38197 28
      vertex 68.364 2.18404 28
    endloop
  endfacet
  facet normal 0 0 1
    outer loop
      vertex 68.7508 65.4257 28
      vertex 66.7754 65.1129 28
      vertex 66.8 64.8 28
    endloop
  endfacet
  facet normal 0 0 1
    outer loop
      vertex 68.6042 66.0361 28
      vertex 66.7021 65.418 28
      vertex 66.7754 65.1129 28
    endloop
  endfacet
  facet normal 0 0 1
    outer loop
      vertex 65.9756 66.418 28
      vertex 67.1511 68.0361 28
      vertex 66.616 68.364 28
    endloop
  endfacet
  facet normal 0 0 1
    outer loop
      vertex 68.364 66.616 28
      vertex 66.582 65.708 28
      vertex 66.7021 65.418 28
    endloop
  endfacet
  facet normal 0 0 1
    outer loop
      vertex 68.0361 67.1511 28
      vertex 66.418 65.9756 28
      vertex 66.582 65.708 28
    endloop
  endfacet
  facet normal 0 0 1
    outer loop
      vertex 67.6284 67.6284 28
      vertex 66.2142 66.2142 28
      vertex 66.418 65.9756 28
    endloop
  endfacet
  facet normal 0 0 1
    outer loop
      vertex 65.708 66.582 28
      vertex 66.616 68.364 28
      vertex 66.0361 68.6042 28
    endloop
  endfacet
  facet normal 0 0 1
    outer loop
      vertex 67.1511 68.0361 28
      vertex 65.9756 66.418 28
      vertex 66.2142 66.2142 28
    endloop
  endfacet
  facet normal 0 0 1
    outer loop
      vertex 66.616 68.364 28
      vertex 65.708 66.582 28
      vertex 65.9756 66.418 28
    endloop
  endfacet
  facet normal 0 0 1
    outer loop
      vertex 65.418 66.7021 28
      vertex 66.0361 68.6042 28
      vertex 65.4257 68.7508 28
    endloop
  endfacet
  facet normal 0 0 1
    outer loop
      vertex 66.0361 68.6042 28
      vertex 65.418 66.7021 28
      vertex 65.708 66.582 28
    endloop
  endfacet
  facet normal 0 0 1
    outer loop
      vertex 65.4257 68.7508 28
      vertex 65.1129 66.7754 28
      vertex 65.418 66.7021 28
    endloop
  endfacet
  facet normal 0 0 1
    outer loop
      vertex 64.8 68.8 28
      vertex 65.1129 66.7754 28
      vertex 65.4257 68.7508 28
    endloop
  endfacet
  facet normal 0 0 1
    outer loop
      vertex 64.8 68.8 28
      vertex 64.8 66.8 28
      vertex 65.1129 66.7754 28
    endloop
  endfacet
  facet normal -0 0 1
    outer loop
      vertex 4 68.8 28
      vertex 64.8 66.8 28
      vertex 64.8 68.8 28
    endloop
  endfacet
  facet normal 0 0 1
    outer loop
      vertex 4 68.8 28
      vertex 4 66.8 28
      vertex 64.8 66.8 28
    endloop
  endfacet
  facet normal 0 0 1
    outer loop
      vertex 4 68.8 28
      vertex 3.68713 66.7754 28
      vertex 4 66.8 28
    endloop
  endfacet
  facet normal -0 0 1
    outer loop
      vertex 3.37426 68.7508 28
      vertex 3.68713 66.7754 28
      vertex 4 68.8 28
    endloop
  endfacet
  facet normal 0 0 1
    outer loop
      vertex 3.68713 66.7754 28
      vertex 3.37426 68.7508 28
      vertex 3.38197 66.7021 28
    endloop
  endfacet
  facet normal -0 0 1
    outer loop
      vertex 2.76393 68.6042 28
      vertex 3.38197 66.7021 28
      vertex 3.37426 68.7508 28
    endloop
  endfacet
  facet normal 0 0 1
    outer loop
      vertex 3.38197 66.7021 28
      vertex 2.76393 68.6042 28
      vertex 3.09202 66.582 28
    endloop
  endfacet
  facet normal -0 0 1
    outer loop
      vertex 2.18404 68.364 28
      vertex 3.09202 66.582 28
      vertex 2.76393 68.6042 28
    endloop
  endfacet
  facet normal 0 0 1
    outer loop
      vertex 3.09202 66.582 28
      vertex 2.18404 68.364 28
      vertex 2.82443 66.418 28
    endloop
  endfacet
  facet normal -0 0 1
    outer loop
      vertex 1.64886 68.0361 28
      vertex 2.82443 66.418 28
      vertex 2.18404 68.364 28
    endloop
  endfacet
  facet normal 0 0 1
    outer loop
      vertex 2.82443 66.418 28
      vertex 1.64886 68.0361 28
      vertex 2.58579 66.2142 28
    endloop
  endfacet
  facet normal -0 0 1
    outer loop
      vertex 1.17157 67.6284 28
      vertex 2.58579 66.2142 28
      vertex 1.64886 68.0361 28
    endloop
  endfacet
  facet normal 0 0 1
    outer loop
      vertex 2.58579 66.2142 28
      vertex 1.17157 67.6284 28
      vertex 2.38197 65.9756 28
    endloop
  endfacet
  facet normal -0 0 1
    outer loop
      vertex 0.763931 67.1511 28
      vertex 2.38197 65.9756 28
      vertex 1.17157 67.6284 28
    endloop
  endfacet
  facet normal 0 0 1
    outer loop
      vertex 2.38197 65.9756 28
      vertex 0.763931 67.1511 28
      vertex 2.21799 65.708 28
    endloop
  endfacet
  facet normal 0 0 1
    outer loop
      vertex 2.21799 65.708 28
      vertex 0.435973 66.616 28
      vertex 2.09789 65.418 28
    endloop
  endfacet
  facet normal -0 0 1
    outer loop
      vertex 0.435973 66.616 28
      vertex 2.21799 65.708 28
      vertex 0.763931 67.1511 28
    endloop
  endfacet
  facet normal -0 0 1
    outer loop
      vertex 66.582 3.09202 28
      vertex 68.364 2.18404 28
      vertex 66.7021 3.38197 28
    endloop
  endfacet
  facet normal 0 0 1
    outer loop
      vertex 68.364 2.18404 28
      vertex 66.582 3.09202 28
      vertex 68.0361 1.64886 28
    endloop
  endfacet
  facet normal -0 0 1
    outer loop
      vertex 66.418 2.82443 28
      vertex 68.0361 1.64886 28
      vertex 66.582 3.09202 28
    endloop
  endfacet
  facet normal 0 0 1
    outer loop
      vertex 68.0361 1.64886 28
      vertex 66.418 2.82443 28
      vertex 67.6284 1.17157 28
    endloop
  endfacet
  facet normal -0 0 1
    outer loop
      vertex 66.2142 2.58579 28
      vertex 67.6284 1.17157 28
      vertex 66.418 2.82443 28
    endloop
  endfacet
  facet normal 0 0 1
    outer loop
      vertex 67.6284 1.17157 28
      vertex 66.2142 2.58579 28
      vertex 67.1511 0.763931 28
    endloop
  endfacet
  facet normal -0 0 1
    outer loop
      vertex 65.9756 2.38197 28
      vertex 67.1511 0.763931 28
      vertex 66.2142 2.58579 28
    endloop
  endfacet
  facet normal 0 0 1
    outer loop
      vertex 67.1511 0.763931 28
      vertex 65.9756 2.38197 28
      vertex 66.616 0.435973 28
    endloop
  endfacet
  facet normal -0 0 1
    outer loop
      vertex 65.708 2.21799 28
      vertex 66.616 0.435973 28
      vertex 65.9756 2.38197 28
    endloop
  endfacet
  facet normal 0 0 1
    outer loop
      vertex 66.616 0.435973 28
      vertex 65.708 2.21799 28
      vertex 66.0361 0.195773 28
    endloop
  endfacet
  facet normal -0 0 1
    outer loop
      vertex 65.418 2.09789 28
      vertex 66.0361 0.195773 28
      vertex 65.708 2.21799 28
    endloop
  endfacet
  facet normal 0 0 1
    outer loop
      vertex 66.0361 0.195773 28
      vertex 65.418 2.09789 28
      vertex 65.4257 0.0492458 28
    endloop
  endfacet
  facet normal -0 0 1
    outer loop
      vertex 65.1129 2.02462 28
      vertex 65.4257 0.0492458 28
      vertex 65.418 2.09789 28
    endloop
  endfacet
  facet normal -0 0 1
    outer loop
      vertex 64.8 2 28
      vertex 65.4257 0.0492458 28
      vertex 65.1129 2.02462 28
    endloop
  endfacet
  facet normal 0 0 1
    outer loop
      vertex 64.8 2 28
      vertex 64.8 0 28
      vertex 65.4257 0.0492458 28
    endloop
  endfacet
  facet normal -0 0 1
    outer loop
      vertex 57 2 28
      vertex 64.8 0 28
      vertex 64.8 2 28
    endloop
  endfacet
  facet normal 0 0 1
    outer loop
      vertex 64.8 0 28
      vertex 57 2 28
      vertex 57 0 28
    endloop
  endfacet
  facet normal -0 0 1
    outer loop
      vertex 4 2 28
      vertex 11.8 0 28
      vertex 11.8 2 28
    endloop
  endfacet
  facet normal 0 0 1
    outer loop
      vertex 4 2 28
      vertex 4 0 28
      vertex 11.8 0 28
    endloop
  endfacet
  facet normal 0 0 1
    outer loop
      vertex 3.68713 2.02462 28
      vertex 4 0 28
      vertex 4 2 28
    endloop
  endfacet
  facet normal 0 0 1
    outer loop
      vertex 3.37426 0.0492458 28
      vertex 3.68713 2.02462 28
      vertex 3.38197 2.09789 28
    endloop
  endfacet
  facet normal 0 0 1
    outer loop
      vertex 3.68713 2.02462 28
      vertex 3.37426 0.0492458 28
      vertex 4 0 28
    endloop
  endfacet
  facet normal 0 0 1
    outer loop
      vertex 2.76393 0.195773 28
      vertex 3.38197 2.09789 28
      vertex 3.09202 2.21799 28
    endloop
  endfacet
  facet normal 0 0 1
    outer loop
      vertex 2.18404 0.435973 28
      vertex 3.09202 2.21799 28
      vertex 2.82443 2.38197 28
    endloop
  endfacet
  facet normal 0 0 1
    outer loop
      vertex 3.38197 2.09789 28
      vertex 2.76393 0.195773 28
      vertex 3.37426 0.0492458 28
    endloop
  endfacet
  facet normal 0 0 1
    outer loop
      vertex 1.64886 0.763931 28
      vertex 2.82443 2.38197 28
      vertex 2.58579 2.58579 28
    endloop
  endfacet
  facet normal 0 0 1
    outer loop
      vertex 1.17157 1.17157 28
      vertex 2.58579 2.58579 28
      vertex 2.38197 2.82443 28
    endloop
  endfacet
  facet normal 0 0 1
    outer loop
      vertex 0.763931 1.64886 28
      vertex 2.38197 2.82443 28
      vertex 2.21799 3.09202 28
    endloop
  endfacet
  facet normal 0 0 1
    outer loop
      vertex 3.09202 2.21799 28
      vertex 2.18404 0.435973 28
      vertex 2.76393 0.195773 28
    endloop
  endfacet
  facet normal 0 0 1
    outer loop
      vertex 0.435973 2.18404 28
      vertex 2.21799 3.09202 28
      vertex 2.09789 3.38197 28
    endloop
  endfacet
  facet normal 0 0 1
    outer loop
      vertex 0.195773 2.76393 28
      vertex 2.09789 3.38197 28
      vertex 2.02462 3.68713 28
    endloop
  endfacet
  facet normal 0 0 1
    outer loop
      vertex 0.0492458 3.37426 28
      vertex 2.02462 3.68713 28
      vertex 2 4 28
    endloop
  endfacet
  facet normal 0 0 1
    outer loop
      vertex 2.82443 2.38197 28
      vertex 1.64886 0.763931 28
      vertex 2.18404 0.435973 28
    endloop
  endfacet
  facet normal 0 0 1
    outer loop
      vertex 2 64.8 28
      vertex 0 64.8 28
      vertex 2 4 28
    endloop
  endfacet
  facet normal -0 0 1
    outer loop
      vertex 0.195773 66.0361 28
      vertex 2.09789 65.418 28
      vertex 0.435973 66.616 28
    endloop
  endfacet
  facet normal 0 0 1
    outer loop
      vertex 0 4 28
      vertex 2 4 28
      vertex 0 64.8 28
    endloop
  endfacet
  facet normal 0 0 1
    outer loop
      vertex 2.09789 65.418 28
      vertex 0.195773 66.0361 28
      vertex 2.02462 65.1129 28
    endloop
  endfacet
  facet normal 0 -0 1
    outer loop
      vertex 0.0492458 3.37426 28
      vertex 2 4 28
      vertex 0 4 28
    endloop
  endfacet
  facet normal -0 0 1
    outer loop
      vertex 0.0492458 65.4257 28
      vertex 2.02462 65.1129 28
      vertex 0.195773 66.0361 28
    endloop
  endfacet
  facet normal 0 0 1
    outer loop
      vertex 2.58579 2.58579 28
      vertex 1.17157 1.17157 28
      vertex 1.64886 0.763931 28
    endloop
  endfacet
  facet normal 0 0 1
    outer loop
      vertex 2.02462 65.1129 28
      vertex 0.0492458 65.4257 28
      vertex 2 64.8 28
    endloop
  endfacet
  facet normal 0 0 1
    outer loop
      vertex 2.38197 2.82443 28
      vertex 0.763931 1.64886 28
      vertex 1.17157 1.17157 28
    endloop
  endfacet
  facet normal 0 0 1
    outer loop
      vertex 2 64.8 28
      vertex 0.0492458 65.4257 28
      vertex 0 64.8 28
    endloop
  endfacet
  facet normal 0 0 1
    outer loop
      vertex 2.21799 3.09202 28
      vertex 0.435973 2.18404 28
      vertex 0.763931 1.64886 28
    endloop
  endfacet
  facet normal 0 0 1
    outer loop
      vertex 2.09789 3.38197 28
      vertex 0.195773 2.76393 28
      vertex 0.435973 2.18404 28
    endloop
  endfacet
  facet normal 0 0 1
    outer loop
      vertex 2.02462 3.68713 28
      vertex 0.0492458 3.37426 28
      vertex 0.195773 2.76393 28
    endloop
  endfacet
  facet normal -0.923881 0.38268 0
    outer loop
      vertex 0.195773 66.0361 0
      vertex 0.435973 66.616 28
      vertex 0.435973 66.616 0
    endloop
  endfacet
  facet normal -0.923881 0.38268 0
    outer loop
      vertex 0.435973 66.616 28
      vertex 0.195773 66.0361 0
      vertex 0.195773 66.0361 28
    endloop
  endfacet
  facet normal -1 0 0
    outer loop
      vertex 66.8 7.8 2
      vertex 66.8 4 2
      vertex 66.8 7.8 3.2
    endloop
  endfacet
  facet normal -1 0 0
    outer loop
      vertex 66.8 59.8 2
      vertex 66.8 46.8 2
      vertex 66.8 59.8 3.2
    endloop
  endfacet
  facet normal -1 0 0
    outer loop
      vertex 66.8 61 3.2
      vertex 66.8 64.8 2
      vertex 66.8 61 2
    endloop
  endfacet
  facet normal -1 0 0
    outer loop
      vertex 66.8 64.8 2
      vertex 66.8 61 3.2
      vertex 66.8 64.8 28
    endloop
  endfacet
  facet normal -1 0 0
    outer loop
      vertex 66.8 59.8 3.2
      vertex 66.8 64.8 28
      vertex 66.8 61 3.2
    endloop
  endfacet
  facet normal -1 0 0
    outer loop
      vertex 66.8 46.8 7
      vertex 66.8 59.8 3.2
      vertex 66.8 46.8 2
    endloop
  endfacet
  facet normal -1 0 0
    outer loop
      vertex 66.8 59.8 3.2
      vertex 66.8 46.8 7
      vertex 66.8 64.8 28
    endloop
  endfacet
  facet normal -1 0 0
    outer loop
      vertex 66.8 37.3815 22.2653
      vertex 66.8 64.8 28
      vertex 66.8 46.8 7
    endloop
  endfacet
  facet normal -1 0 0
    outer loop
      vertex 66.8 37.4 24
      vertex 66.8 64.8 28
      vertex 66.8 37.4 22.5
    endloop
  endfacet
  facet normal -1 0 0
    outer loop
      vertex 66.8 37.3815 24.2347
      vertex 66.8 64.8 28
      vertex 66.8 37.4 24
    endloop
  endfacet
  facet normal -1 0 0
    outer loop
      vertex 66.8 37.3266 24.4635
      vertex 66.8 64.8 28
      vertex 66.8 37.3815 24.2347
    endloop
  endfacet
  facet normal -1 0 0
    outer loop
      vertex 66.8 37.2365 24.681
      vertex 66.8 64.8 28
      vertex 66.8 37.3266 24.4635
    endloop
  endfacet
  facet normal -1 0 0
    outer loop
      vertex 66.8 37.1135 24.8817
      vertex 66.8 64.8 28
      vertex 66.8 37.2365 24.681
    endloop
  endfacet
  facet normal -1 0 0
    outer loop
      vertex 66.8 36.9607 25.0607
      vertex 66.8 64.8 28
      vertex 66.8 37.1135 24.8817
    endloop
  endfacet
  facet normal -1 0 0
    outer loop
      vertex 66.8 36.7817 25.2135
      vertex 66.8 64.8 28
      vertex 66.8 36.9607 25.0607
    endloop
  endfacet
  facet normal -1 0 0
    outer loop
      vertex 66.8 36.581 25.3365
      vertex 66.8 64.8 28
      vertex 66.8 36.7817 25.2135
    endloop
  endfacet
  facet normal -1 0 0
    outer loop
      vertex 66.8 36.3635 25.4266
      vertex 66.8 64.8 28
      vertex 66.8 36.581 25.3365
    endloop
  endfacet
  facet normal -1 0 0
    outer loop
      vertex 66.8 36.1347 25.4815
      vertex 66.8 64.8 28
      vertex 66.8 36.3635 25.4266
    endloop
  endfacet
  facet normal -1 0 0
    outer loop
      vertex 66.8 35.9 25.5
      vertex 66.8 64.8 28
      vertex 66.8 36.1347 25.4815
    endloop
  endfacet
  facet normal -1 0 0
    outer loop
      vertex 66.8 4 28
      vertex 66.8 35.9 25.5
      vertex 66.8 22.9 25.5
    endloop
  endfacet
  facet normal -1 0 0
    outer loop
      vertex 66.8 21.4185 22.2653
      vertex 66.8 4 28
      vertex 66.8 21.4 22.5
    endloop
  endfacet
  facet normal -1 0 0
    outer loop
      vertex 66.8 21.4 22.5
      vertex 66.8 4 28
      vertex 66.8 21.4 24
    endloop
  endfacet
  facet normal -1 0 0
    outer loop
      vertex 66.8 21.4 24
      vertex 66.8 4 28
      vertex 66.8 21.4185 24.2347
    endloop
  endfacet
  facet normal -1 0 0
    outer loop
      vertex 66.8 21.4185 24.2347
      vertex 66.8 4 28
      vertex 66.8 21.4734 24.4635
    endloop
  endfacet
  facet normal -1 0 0
    outer loop
      vertex 66.8 4 28
      vertex 66.8 9 3.2
      vertex 66.8 7.8 3.2
    endloop
  endfacet
  facet normal -1 0 0
    outer loop
      vertex 66.8 21.4734 24.4635
      vertex 66.8 4 28
      vertex 66.8 21.5635 24.681
    endloop
  endfacet
  facet normal -1 0 0
    outer loop
      vertex 66.8 4 28
      vertex 66.8 7.8 3.2
      vertex 66.8 4 2
    endloop
  endfacet
  facet normal -1 0 0
    outer loop
      vertex 66.8 35.9 25.5
      vertex 66.8 4 28
      vertex 66.8 64.8 28
    endloop
  endfacet
  facet normal -1 0 0
    outer loop
      vertex 66.8 22.6653 25.4815
      vertex 66.8 4 28
      vertex 66.8 22.9 25.5
    endloop
  endfacet
  facet normal -1 0 0
    outer loop
      vertex 66.8 22.4365 25.4266
      vertex 66.8 4 28
      vertex 66.8 22.6653 25.4815
    endloop
  endfacet
  facet normal -1 0 0
    outer loop
      vertex 66.8 22.219 25.3365
      vertex 66.8 4 28
      vertex 66.8 22.4365 25.4266
    endloop
  endfacet
  facet normal -1 0 0
    outer loop
      vertex 66.8 22.0183 25.2135
      vertex 66.8 4 28
      vertex 66.8 22.219 25.3365
    endloop
  endfacet
  facet normal -1 0 0
    outer loop
      vertex 66.8 21.8393 25.0607
      vertex 66.8 4 28
      vertex 66.8 22.0183 25.2135
    endloop
  endfacet
  facet normal -1 0 0
    outer loop
      vertex 66.8 21.6865 24.8817
      vertex 66.8 4 28
      vertex 66.8 21.8393 25.0607
    endloop
  endfacet
  facet normal -1 0 0
    outer loop
      vertex 66.8 21.5635 24.681
      vertex 66.8 4 28
      vertex 66.8 21.6865 24.8817
    endloop
  endfacet
  facet normal -1 0 0
    outer loop
      vertex 66.8 9 3.2
      vertex 66.8 28 2
      vertex 66.8 9 2
    endloop
  endfacet
  facet normal -1 0 0
    outer loop
      vertex 66.8 28 7
      vertex 66.8 22.6653 21.0185
      vertex 66.8 22.9 21
    endloop
  endfacet
  facet normal -1 0 0
    outer loop
      vertex 66.8 28 7
      vertex 66.8 22.4365 21.0734
      vertex 66.8 22.6653 21.0185
    endloop
  endfacet
  facet normal -1 0 0
    outer loop
      vertex 66.8 28 2
      vertex 66.8 9 3.2
      vertex 66.8 28 7
    endloop
  endfacet
  facet normal -1 0 0
    outer loop
      vertex 66.8 28 7
      vertex 66.8 22.219 21.1635
      vertex 66.8 22.4365 21.0734
    endloop
  endfacet
  facet normal -1 -0 0
    outer loop
      vertex 66.8 28 7
      vertex 66.8 9 3.2
      vertex 66.8 22.219 21.1635
    endloop
  endfacet
  facet normal -1 -0 0
    outer loop
      vertex 66.8 22.219 21.1635
      vertex 66.8 9 3.2
      vertex 66.8 22.0183 21.2865
    endloop
  endfacet
  facet normal -1 -0 0
    outer loop
      vertex 66.8 22.0183 21.2865
      vertex 66.8 9 3.2
      vertex 66.8 21.8393 21.4393
    endloop
  endfacet
  facet normal -1 -0 0
    outer loop
      vertex 66.8 21.8393 21.4393
      vertex 66.8 9 3.2
      vertex 66.8 21.6865 21.6183
    endloop
  endfacet
  facet normal -1 0 0
    outer loop
      vertex 66.8 21.4734 22.0365
      vertex 66.8 4 28
      vertex 66.8 21.4185 22.2653
    endloop
  endfacet
  facet normal -1 0 0
    outer loop
      vertex 66.8 21.5635 21.819
      vertex 66.8 4 28
      vertex 66.8 21.4734 22.0365
    endloop
  endfacet
  facet normal -1 0 0
    outer loop
      vertex 66.8 4 28
      vertex 66.8 21.5635 21.819
      vertex 66.8 9 3.2
    endloop
  endfacet
  facet normal -1 -0 0
    outer loop
      vertex 66.8 21.6865 21.6183
      vertex 66.8 9 3.2
      vertex 66.8 21.5635 21.819
    endloop
  endfacet
  facet normal -1 0 0
    outer loop
      vertex 66.8 64.8 28
      vertex 66.8 37.3815 22.2653
      vertex 66.8 37.4 22.5
    endloop
  endfacet
  facet normal -1 0 0
    outer loop
      vertex 66.8 46.8 7
      vertex 66.8 37.3266 22.0365
      vertex 66.8 37.3815 22.2653
    endloop
  endfacet
  facet normal -1 0 0
    outer loop
      vertex 66.8 46.8 7
      vertex 66.8 37.2365 21.819
      vertex 66.8 37.3266 22.0365
    endloop
  endfacet
  facet normal -1 0 0
    outer loop
      vertex 66.8 46.8 7
      vertex 66.8 37.1135 21.6183
      vertex 66.8 37.2365 21.819
    endloop
  endfacet
  facet normal -1 0 0
    outer loop
      vertex 66.8 46.8 7
      vertex 66.8 36.9607 21.4393
      vertex 66.8 37.1135 21.6183
    endloop
  endfacet
  facet normal -1 0 0
    outer loop
      vertex 66.8 46.8 7
      vertex 66.8 36.7817 21.2865
      vertex 66.8 36.9607 21.4393
    endloop
  endfacet
  facet normal -1 0 0
    outer loop
      vertex 66.8 46.8 7
      vertex 66.8 36.581 21.1635
      vertex 66.8 36.7817 21.2865
    endloop
  endfacet
  facet normal -1 0 0
    outer loop
      vertex 66.8 46.8 7
      vertex 66.8 36.3635 21.0734
      vertex 66.8 36.581 21.1635
    endloop
  endfacet
  facet normal -1 0 0
    outer loop
      vertex 66.8 46.8 7
      vertex 66.8 36.1347 21.0185
      vertex 66.8 36.3635 21.0734
    endloop
  endfacet
  facet normal -1 0 0
    outer loop
      vertex 66.8 28 7
      vertex 66.8 36.1347 21.0185
      vertex 66.8 46.8 7
    endloop
  endfacet
  facet normal -1 0 0
    outer loop
      vertex 66.8 36.1347 21.0185
      vertex 66.8 28 7
      vertex 66.8 35.9 21
    endloop
  endfacet
  facet normal -1 -0 0
    outer loop
      vertex 66.8 35.9 21
      vertex 66.8 28 7
      vertex 66.8 22.9 21
    endloop
  endfacet
  facet normal -0.760434 0.649415 0
    outer loop
      vertex 66.2142 2.58579 2
      vertex 66.418 2.82443 28
      vertex 66.418 2.82443 2
    endloop
  endfacet
  facet normal -0.760434 0.649415 0
    outer loop
      vertex 66.418 2.82443 28
      vertex 66.2142 2.58579 2
      vertex 66.2142 2.58579 28
    endloop
  endfacet
  facet normal 0.649415 -0.760434 0
    outer loop
      vertex 2.58579 66.2142 2
      vertex 2.82443 66.418 28
      vertex 2.58579 66.2142 28
    endloop
  endfacet
  facet normal 0.649415 -0.760434 0
    outer loop
      vertex 2.82443 66.418 28
      vertex 2.58579 66.2142 2
      vertex 2.82443 66.418 2
    endloop
  endfacet
  facet normal -0.972332 -0.233602 0
    outer loop
      vertex 66.7754 65.1129 2
      vertex 66.7021 65.418 28
      vertex 66.7021 65.418 2
    endloop
  endfacet
  facet normal -0.972332 -0.233602 0
    outer loop
      vertex 66.7021 65.418 28
      vertex 66.7754 65.1129 2
      vertex 66.7754 65.1129 28
    endloop
  endfacet
  facet normal 0.0784483 0.996918 -0
    outer loop
      vertex 4 2 2
      vertex 3.68713 2.02462 28
      vertex 4 2 28
    endloop
  endfacet
  facet normal 0.0784483 0.996918 0
    outer loop
      vertex 3.68713 2.02462 28
      vertex 4 2 2
      vertex 3.68713 2.02462 2
    endloop
  endfacet
  facet normal 0 -1 0
    outer loop
      vertex 9 66.8 2
      vertex 59.8 66.8 3.2
      vertex 9 66.8 3.2
    endloop
  endfacet
  facet normal 0 -1 -0
    outer loop
      vertex 59.8 66.8 3.2
      vertex 9 66.8 2
      vertex 59.8 66.8 2
    endloop
  endfacet
  facet normal 0 -1 0
    outer loop
      vertex 9 66.8 3.2
      vertex 4 66.8 28
      vertex 7.8 66.8 3.2
    endloop
  endfacet
  facet normal 0 -1 0
    outer loop
      vertex 4 66.8 2
      vertex 7.8 66.8 3.2
      vertex 4 66.8 28
    endloop
  endfacet
  facet normal 0 -1 -0
    outer loop
      vertex 7.8 66.8 3.2
      vertex 4 66.8 2
      vertex 7.8 66.8 2
    endloop
  endfacet
  facet normal 0 -1 0
    outer loop
      vertex 4 66.8 28
      vertex 9 66.8 3.2
      vertex 64.8 66.8 28
    endloop
  endfacet
  facet normal 0 -1 0
    outer loop
      vertex 59.8 66.8 3.2
      vertex 64.8 66.8 28
      vertex 9 66.8 3.2
    endloop
  endfacet
  facet normal 0 -1 0
    outer loop
      vertex 61 66.8 3.2
      vertex 64.8 66.8 28
      vertex 59.8 66.8 3.2
    endloop
  endfacet
  facet normal 0 -1 0
    outer loop
      vertex 64.8 66.8 2
      vertex 61 66.8 3.2
      vertex 61 66.8 2
    endloop
  endfacet
  facet normal 0 -1 0
    outer loop
      vertex 61 66.8 3.2
      vertex 64.8 66.8 2
      vertex 64.8 66.8 28
    endloop
  endfacet
  facet normal 0.923904 -0.382624 0
    outer loop
      vertex 2.09789 65.418 28
      vertex 2.21799 65.708 2
      vertex 2.21799 65.708 28
    endloop
  endfacet
  facet normal 0.923904 -0.382624 0
    outer loop
      vertex 2.21799 65.708 2
      vertex 2.09789 65.418 28
      vertex 2.09789 65.418 2
    endloop
  endfacet
  facet normal -0.76038 -0.649478 0
    outer loop
      vertex 66.418 65.9756 2
      vertex 66.2142 66.2142 28
      vertex 66.2142 66.2142 2
    endloop
  endfacet
  facet normal -0.76038 -0.649478 0
    outer loop
      vertex 66.2142 66.2142 28
      vertex 66.418 65.9756 2
      vertex 66.418 65.9756 28
    endloop
  endfacet
  facet normal 0.996919 -0.0784408 0
    outer loop
      vertex 2 64.8 28
      vertex 2.02462 65.1129 2
      vertex 2.02462 65.1129 28
    endloop
  endfacet
  facet normal 0.996919 -0.0784408 0
    outer loop
      vertex 2.02462 65.1129 2
      vertex 2 64.8 28
      vertex 2 64.8 2
    endloop
  endfacet
  facet normal 0 1 0
    outer loop
      vertex 9 2 2
      vertex 15.4 2 12.4
      vertex 59.8 2 2
    endloop
  endfacet
  facet normal 0 1 0
    outer loop
      vertex 15.4 2 12.4
      vertex 9 2 2
      vertex 9 2 3.2
    endloop
  endfacet
  facet normal 0 1 0
    outer loop
      vertex 64.8 2 28
      vertex 57 2 16
      vertex 57 2 28
    endloop
  endfacet
  facet normal 0 1 -0
    outer loop
      vertex 64.8 2 2
      vertex 57 2 16
      vertex 64.8 2 28
    endloop
  endfacet
  facet normal 0 1 0
    outer loop
      vertex 57 2 16
      vertex 64.8 2 2
      vertex 56.9557 2 15.4368
    endloop
  endfacet
  facet normal 0 1 0
    outer loop
      vertex 56.9557 2 15.4368
      vertex 64.8 2 2
      vertex 56.8238 2 14.8875
    endloop
  endfacet
  facet normal 0 1 0
    outer loop
      vertex 53.9632 2 12.4443
      vertex 59.8 2 3.2
      vertex 53.4 2 12.4
    endloop
  endfacet
  facet normal 0 1 0
    outer loop
      vertex 54.5125 2 12.5762
      vertex 59.8 2 3.2
      vertex 53.9632 2 12.4443
    endloop
  endfacet
  facet normal 0 1 0
    outer loop
      vertex 55.0344 2 12.7924
      vertex 59.8 2 3.2
      vertex 54.5125 2 12.5762
    endloop
  endfacet
  facet normal 0 1 0
    outer loop
      vertex 55.516 2 13.0875
      vertex 59.8 2 3.2
      vertex 55.0344 2 12.7924
    endloop
  endfacet
  facet normal 0 1 0
    outer loop
      vertex 55.9456 2 13.4544
      vertex 59.8 2 3.2
      vertex 55.516 2 13.0875
    endloop
  endfacet
  facet normal 0 1 -0
    outer loop
      vertex 59.8 2 3.2
      vertex 55.9456 2 13.4544
      vertex 61 2 3.2
    endloop
  endfacet
  facet normal 0 1 0
    outer loop
      vertex 56.3125 2 13.884
      vertex 61 2 3.2
      vertex 55.9456 2 13.4544
    endloop
  endfacet
  facet normal 0 1 0
    outer loop
      vertex 56.6076 2 14.3656
      vertex 61 2 3.2
      vertex 56.3125 2 13.884
    endloop
  endfacet
  facet normal -0 1 -0
    outer loop
      vertex 61 2 3.2
      vertex 56.8238 2 14.8875
      vertex 64.8 2 2
    endloop
  endfacet
  facet normal 0 1 0
    outer loop
      vertex 56.8238 2 14.8875
      vertex 61 2 3.2
      vertex 56.6076 2 14.3656
    endloop
  endfacet
  facet normal 0 1 0
    outer loop
      vertex 61 2 3.2
      vertex 64.8 2 2
      vertex 61 2 2
    endloop
  endfacet
  facet normal 0 1 -0
    outer loop
      vertex 11.8 2 16
      vertex 4 2 28
      vertex 11.8 2 28
    endloop
  endfacet
  facet normal 0 1 0
    outer loop
      vertex 4 2 2
      vertex 11.8 2 16
      vertex 11.8443 2 15.4368
    endloop
  endfacet
  facet normal 0 1 0
    outer loop
      vertex 4 2 2
      vertex 11.8443 2 15.4368
      vertex 11.9762 2 14.8875
    endloop
  endfacet
  facet normal 0 1 0
    outer loop
      vertex 7.8 2 3.2
      vertex 11.9762 2 14.8875
      vertex 12.1924 2 14.3656
    endloop
  endfacet
  facet normal 0 1 -0
    outer loop
      vertex 59.8 2 2
      vertex 53.4 2 12.4
      vertex 59.8 2 3.2
    endloop
  endfacet
  facet normal 0 1 0
    outer loop
      vertex 53.4 2 12.4
      vertex 59.8 2 2
      vertex 15.4 2 12.4
    endloop
  endfacet
  facet normal 0 1 0
    outer loop
      vertex 15.4 2 12.4
      vertex 9 2 3.2
      vertex 14.8368 2 12.4443
    endloop
  endfacet
  facet normal 0 1 0
    outer loop
      vertex 9 2 3.2
      vertex 14.2875 2 12.5762
      vertex 14.8368 2 12.4443
    endloop
  endfacet
  facet normal 0 1 0
    outer loop
      vertex 9 2 3.2
      vertex 13.7656 2 12.7924
      vertex 14.2875 2 12.5762
    endloop
  endfacet
  facet normal 0 1 0
    outer loop
      vertex 9 2 3.2
      vertex 13.284 2 13.0875
      vertex 13.7656 2 12.7924
    endloop
  endfacet
  facet normal 0 1 0
    outer loop
      vertex 9 2 3.2
      vertex 12.8544 2 13.4544
      vertex 13.284 2 13.0875
    endloop
  endfacet
  facet normal 0 1 0
    outer loop
      vertex 7.8 2 3.2
      vertex 12.8544 2 13.4544
      vertex 9 2 3.2
    endloop
  endfacet
  facet normal 0 1 0
    outer loop
      vertex 12.8544 2 13.4544
      vertex 7.8 2 3.2
      vertex 12.4875 2 13.884
    endloop
  endfacet
  facet normal 0 1 0
    outer loop
      vertex 12.4875 2 13.884
      vertex 7.8 2 3.2
      vertex 12.1924 2 14.3656
    endloop
  endfacet
  facet normal 0 1 0
    outer loop
      vertex 11.9762 2 14.8875
      vertex 7.8 2 3.2
      vertex 4 2 2
    endloop
  endfacet
  facet normal 0 1 0
    outer loop
      vertex 4 2 2
      vertex 7.8 2 3.2
      vertex 7.8 2 2
    endloop
  endfacet
  facet normal 0 1 0
    outer loop
      vertex 11.8 2 16
      vertex 4 2 2
      vertex 4 2 28
    endloop
  endfacet
  facet normal 0.852648 -0.522486 0
    outer loop
      vertex 2.21799 65.708 28
      vertex 2.38197 65.9756 2
      vertex 2.38197 65.9756 28
    endloop
  endfacet
  facet normal 0.852648 -0.522486 0
    outer loop
      vertex 2.38197 65.9756 2
      vertex 2.21799 65.708 28
      vertex 2.21799 65.708 2
    endloop
  endfacet
  facet normal 0.522546 -0.852611 0
    outer loop
      vertex 2.82443 66.418 2
      vertex 3.09202 66.582 28
      vertex 2.82443 66.418 28
    endloop
  endfacet
  facet normal 0.522546 -0.852611 0
    outer loop
      vertex 3.09202 66.582 28
      vertex 2.82443 66.418 2
      vertex 3.09202 66.582 2
    endloop
  endfacet
  facet normal -0.382624 0.923904 0
    outer loop
      vertex 65.708 2.21799 2
      vertex 65.418 2.09789 28
      vertex 65.708 2.21799 28
    endloop
  endfacet
  facet normal -0.382624 0.923904 0
    outer loop
      vertex 65.418 2.09789 28
      vertex 65.708 2.21799 2
      vertex 65.418 2.09789 2
    endloop
  endfacet
  facet normal -0.852611 0.522546 0
    outer loop
      vertex 66.418 2.82443 2
      vertex 66.582 3.09202 28
      vertex 66.582 3.09202 2
    endloop
  endfacet
  facet normal -0.852611 0.522546 0
    outer loop
      vertex 66.582 3.09202 28
      vertex 66.418 2.82443 2
      vertex 66.418 2.82443 28
    endloop
  endfacet
  facet normal -0.522486 0.852648 0
    outer loop
      vertex 65.9756 2.38197 2
      vertex 65.708 2.21799 28
      vertex 65.9756 2.38197 28
    endloop
  endfacet
  facet normal -0.522486 0.852648 0
    outer loop
      vertex 65.708 2.21799 28
      vertex 65.9756 2.38197 2
      vertex 65.708 2.21799 2
    endloop
  endfacet
  facet normal -0.233512 0.972354 0
    outer loop
      vertex 65.418 2.09789 2
      vertex 65.1129 2.02462 28
      vertex 65.418 2.09789 28
    endloop
  endfacet
  facet normal -0.233512 0.972354 0
    outer loop
      vertex 65.1129 2.02462 28
      vertex 65.418 2.09789 2
      vertex 65.1129 2.02462 2
    endloop
  endfacet
  facet normal -0.996924 -0.0783775 0
    outer loop
      vertex 66.8 64.8 2
      vertex 66.7754 65.1129 28
      vertex 66.7754 65.1129 2
    endloop
  endfacet
  facet normal -0.996924 -0.0783775 0
    outer loop
      vertex 66.7754 65.1129 28
      vertex 66.8 64.8 2
      vertex 66.8 64.8 28
    endloop
  endfacet
  facet normal -0.649478 -0.76038 0
    outer loop
      vertex 65.9756 66.418 2
      vertex 66.2142 66.2142 28
      vertex 65.9756 66.418 28
    endloop
  endfacet
  facet normal -0.649478 -0.76038 -0
    outer loop
      vertex 66.2142 66.2142 28
      vertex 65.9756 66.418 2
      vertex 66.2142 66.2142 2
    endloop
  endfacet
  facet normal -0.0784408 0.996919 0
    outer loop
      vertex 65.1129 2.02462 2
      vertex 64.8 2 28
      vertex 65.1129 2.02462 28
    endloop
  endfacet
  facet normal -0.0784408 0.996919 0
    outer loop
      vertex 64.8 2 28
      vertex 65.1129 2.02462 2
      vertex 64.8 2 2
    endloop
  endfacet
  facet normal -0.996923 0.078385 0
    outer loop
      vertex 66.7754 3.68713 2
      vertex 66.8 4 28
      vertex 66.8 4 2
    endloop
  endfacet
  facet normal -0.996923 0.078385 0
    outer loop
      vertex 66.8 4 28
      vertex 66.7754 3.68713 2
      vertex 66.7754 3.68713 28
    endloop
  endfacet
  facet normal -0.522532 -0.85262 0
    outer loop
      vertex 65.708 66.582 2
      vertex 65.9756 66.418 28
      vertex 65.708 66.582 28
    endloop
  endfacet
  facet normal -0.522532 -0.85262 -0
    outer loop
      vertex 65.9756 66.418 28
      vertex 65.708 66.582 2
      vertex 65.9756 66.418 2
    endloop
  endfacet
  facet normal -0.923904 -0.382624 0
    outer loop
      vertex 66.7021 65.418 2
      vertex 66.582 65.708 28
      vertex 66.582 65.708 2
    endloop
  endfacet
  facet normal -0.923904 -0.382624 0
    outer loop
      vertex 66.582 65.708 28
      vertex 66.7021 65.418 2
      vertex 66.7021 65.418 28
    endloop
  endfacet
  facet normal -0.649515 0.760349 0
    outer loop
      vertex 66.2142 2.58579 2
      vertex 65.9756 2.38197 28
      vertex 66.2142 2.58579 28
    endloop
  endfacet
  facet normal -0.649515 0.760349 0
    outer loop
      vertex 65.9756 2.38197 28
      vertex 66.2142 2.58579 2
      vertex 65.9756 2.38197 2
    endloop
  endfacet
  facet normal 0.38268 -0.923881 0
    outer loop
      vertex 3.09202 66.582 2
      vertex 3.38197 66.7021 28
      vertex 3.09202 66.582 28
    endloop
  endfacet
  facet normal 0.38268 -0.923881 0
    outer loop
      vertex 3.38197 66.7021 28
      vertex 3.09202 66.582 2
      vertex 3.38197 66.7021 2
    endloop
  endfacet
  facet normal 1 0 0
    outer loop
      vertex 2 64.8 28
      vertex 2 61 3.2
      vertex 2 64.8 2
    endloop
  endfacet
  facet normal 1 0 0
    outer loop
      vertex 2 64.8 28
      vertex 2 59.8 3.2
      vertex 2 61 3.2
    endloop
  endfacet
  facet normal 1 0 0
    outer loop
      vertex 2 46.8 2
      vertex 2 59.8 3.2
      vertex 2 46.8 7
    endloop
  endfacet
  facet normal 1 0 0
    outer loop
      vertex 2 64.8 28
      vertex 2 46.8 7
      vertex 2 59.8 3.2
    endloop
  endfacet
  facet normal 1 0 0
    outer loop
      vertex 2 64.8 28
      vertex 2 28 7
      vertex 2 46.8 7
    endloop
  endfacet
  facet normal 1 0 0
    outer loop
      vertex 2 28 7
      vertex 2 9 3.2
      vertex 2 28 2
    endloop
  endfacet
  facet normal 1 -0 0
    outer loop
      vertex 2 4 28
      vertex 2 28 7
      vertex 2 64.8 28
    endloop
  endfacet
  facet normal 1 0 0
    outer loop
      vertex 2 28 7
      vertex 2 4 28
      vertex 2 9 3.2
    endloop
  endfacet
  facet normal 1 0 0
    outer loop
      vertex 2 9 3.2
      vertex 2 4 28
      vertex 2 7.8 3.2
    endloop
  endfacet
  facet normal 1 0 0
    outer loop
      vertex 2 4 2
      vertex 2 7.8 3.2
      vertex 2 4 28
    endloop
  endfacet
  facet normal 1 0 0
    outer loop
      vertex 2 7.8 3.2
      vertex 2 4 2
      vertex 2 7.8 2
    endloop
  endfacet
  facet normal 1 0 0
    outer loop
      vertex 2 64.8 2
      vertex 2 61 3.2
      vertex 2 61 2
    endloop
  endfacet
  facet normal 1 0 0
    outer loop
      vertex 2 59.8 3.2
      vertex 2 46.8 2
      vertex 2 59.8 2
    endloop
  endfacet
  facet normal 1 0 0
    outer loop
      vertex 2 28 2
      vertex 2 9 3.2
      vertex 2 9 2
    endloop
  endfacet
  facet normal 0.760349 -0.649515 0
    outer loop
      vertex 2.38197 65.9756 28
      vertex 2.58579 66.2142 2
      vertex 2.58579 66.2142 28
    endloop
  endfacet
  facet normal 0.760349 -0.649515 0
    outer loop
      vertex 2.58579 66.2142 2
      vertex 2.38197 65.9756 28
      vertex 2.38197 65.9756 2
    endloop
  endfacet
  facet normal 0.078385 -0.996923 0
    outer loop
      vertex 3.68713 66.7754 2
      vertex 4 66.8 28
      vertex 3.68713 66.7754 28
    endloop
  endfacet
  facet normal 0.078385 -0.996923 0
    outer loop
      vertex 4 66.8 28
      vertex 3.68713 66.7754 2
      vertex 4 66.8 2
    endloop
  endfacet
  facet normal -0.233602 -0.972332 0
    outer loop
      vertex 65.1129 66.7754 2
      vertex 65.418 66.7021 28
      vertex 65.1129 66.7754 28
    endloop
  endfacet
  facet normal -0.233602 -0.972332 -0
    outer loop
      vertex 65.418 66.7021 28
      vertex 65.1129 66.7754 2
      vertex 65.418 66.7021 2
    endloop
  endfacet
  facet normal 0.972364 0.233468 0
    outer loop
      vertex 2.09789 3.38197 28
      vertex 2.02462 3.68713 2
      vertex 2.02462 3.68713 28
    endloop
  endfacet
  facet normal 0.972364 0.233468 0
    outer loop
      vertex 2.02462 3.68713 2
      vertex 2.09789 3.38197 28
      vertex 2.09789 3.38197 2
    endloop
  endfacet
  facet normal -0.0783775 -0.996924 0
    outer loop
      vertex 64.8 66.8 2
      vertex 65.1129 66.7754 28
      vertex 64.8 66.8 28
    endloop
  endfacet
  facet normal -0.0783775 -0.996924 -0
    outer loop
      vertex 65.1129 66.7754 28
      vertex 64.8 66.8 2
      vertex 65.1129 66.7754 2
    endloop
  endfacet
  facet normal -0.85262 -0.522532 0
    outer loop
      vertex 66.582 65.708 2
      vertex 66.418 65.9756 28
      vertex 66.418 65.9756 2
    endloop
  endfacet
  facet normal -0.85262 -0.522532 0
    outer loop
      vertex 66.418 65.9756 28
      vertex 66.582 65.708 2
      vertex 66.582 65.708 28
    endloop
  endfacet
  facet normal 0.923881 0.38268 0
    outer loop
      vertex 2.21799 3.09202 28
      vertex 2.09789 3.38197 2
      vertex 2.09789 3.38197 28
    endloop
  endfacet
  facet normal 0.923881 0.38268 0
    outer loop
      vertex 2.09789 3.38197 2
      vertex 2.21799 3.09202 28
      vertex 2.21799 3.09202 2
    endloop
  endfacet
  facet normal 0.972354 -0.233512 0
    outer loop
      vertex 2.02462 65.1129 28
      vertex 2.09789 65.418 2
      vertex 2.09789 65.418 28
    endloop
  endfacet
  facet normal 0.972354 -0.233512 0
    outer loop
      vertex 2.09789 65.418 2
      vertex 2.02462 65.1129 28
      vertex 2.02462 65.1129 2
    endloop
  endfacet
  facet normal -0.382624 -0.923904 0
    outer loop
      vertex 65.418 66.7021 2
      vertex 65.708 66.582 28
      vertex 65.418 66.7021 28
    endloop
  endfacet
  facet normal -0.382624 -0.923904 -0
    outer loop
      vertex 65.708 66.582 28
      vertex 65.418 66.7021 2
      vertex 65.708 66.582 2
    endloop
  endfacet
  facet normal 0.233559 -0.972343 0
    outer loop
      vertex 3.38197 66.7021 2
      vertex 3.68713 66.7754 28
      vertex 3.38197 66.7021 28
    endloop
  endfacet
  facet normal 0.233559 -0.972343 0
    outer loop
      vertex 3.68713 66.7754 28
      vertex 3.38197 66.7021 2
      vertex 3.68713 66.7754 2
    endloop
  endfacet
  facet normal 0.996918 0.0784483 0
    outer loop
      vertex 2.02462 3.68713 28
      vertex 2 4 2
      vertex 2 4 28
    endloop
  endfacet
  facet normal 0.996918 0.0784483 0
    outer loop
      vertex 2 4 2
      vertex 2.02462 3.68713 28
      vertex 2.02462 3.68713 2
    endloop
  endfacet
  facet normal -0.972343 0.233559 0
    outer loop
      vertex 66.7021 3.38197 2
      vertex 66.7754 3.68713 28
      vertex 66.7754 3.68713 2
    endloop
  endfacet
  facet normal -0.972343 0.233559 0
    outer loop
      vertex 66.7754 3.68713 28
      vertex 66.7021 3.38197 2
      vertex 66.7021 3.38197 28
    endloop
  endfacet
  facet normal 0.233468 0.972364 -0
    outer loop
      vertex 3.68713 2.02462 2
      vertex 3.38197 2.09789 28
      vertex 3.68713 2.02462 28
    endloop
  endfacet
  facet normal 0.233468 0.972364 0
    outer loop
      vertex 3.38197 2.09789 28
      vertex 3.68713 2.02462 2
      vertex 3.38197 2.09789 2
    endloop
  endfacet
  facet normal 0.760403 0.649452 0
    outer loop
      vertex 2.58579 2.58579 28
      vertex 2.38197 2.82443 2
      vertex 2.38197 2.82443 28
    endloop
  endfacet
  facet normal 0.760403 0.649452 0
    outer loop
      vertex 2.38197 2.82443 2
      vertex 2.58579 2.58579 28
      vertex 2.58579 2.58579 2
    endloop
  endfacet
  facet normal -0.923881 0.38268 0
    outer loop
      vertex 66.582 3.09202 2
      vertex 66.7021 3.38197 28
      vertex 66.7021 3.38197 2
    endloop
  endfacet
  facet normal -0.923881 0.38268 0
    outer loop
      vertex 66.7021 3.38197 28
      vertex 66.582 3.09202 2
      vertex 66.582 3.09202 28
    endloop
  endfacet
  facet normal 0.852639 0.5225 0
    outer loop
      vertex 2.38197 2.82443 28
      vertex 2.21799 3.09202 2
      vertex 2.21799 3.09202 28
    endloop
  endfacet
  facet normal 0.852639 0.5225 0
    outer loop
      vertex 2.21799 3.09202 2
      vertex 2.38197 2.82443 28
      vertex 2.38197 2.82443 2
    endloop
  endfacet
  facet normal 0.38268 0.923881 -0
    outer loop
      vertex 3.38197 2.09789 2
      vertex 3.09202 2.21799 28
      vertex 3.38197 2.09789 28
    endloop
  endfacet
  facet normal 0.38268 0.923881 0
    outer loop
      vertex 3.09202 2.21799 28
      vertex 3.38197 2.09789 2
      vertex 3.09202 2.21799 2
    endloop
  endfacet
  facet normal 0.5225 0.852639 -0
    outer loop
      vertex 3.09202 2.21799 2
      vertex 2.82443 2.38197 28
      vertex 3.09202 2.21799 28
    endloop
  endfacet
  facet normal 0.5225 0.852639 0
    outer loop
      vertex 2.82443 2.38197 28
      vertex 3.09202 2.21799 2
      vertex 2.82443 2.38197 2
    endloop
  endfacet
  facet normal 0 0 1
    outer loop
      vertex 7.6804 3.85663 2
      vertex 7.8 2 2
      vertex 7.8 3.84722 2
    endloop
  endfacet
  facet normal 0 0 1
    outer loop
      vertex 6.97852 4.02514 2
      vertex 7.8 2 2
      vertex 7.6804 3.85663 2
    endloop
  endfacet
  facet normal 0 0 1
    outer loop
      vertex 6.31164 4.30137 2
      vertex 7.8 2 2
      vertex 6.97852 4.02514 2
    endloop
  endfacet
  facet normal 0 0 1
    outer loop
      vertex 4 2 2
      vertex 6.31164 4.30137 2
      vertex 5.69619 4.67852 2
    endloop
  endfacet
  facet normal 0 0 1
    outer loop
      vertex 4 2 2
      vertex 5.69619 4.67852 2
      vertex 5.14731 5.14731 2
    endloop
  endfacet
  facet normal 0 0 1
    outer loop
      vertex 2 4 2
      vertex 5.14731 5.14731 2
      vertex 4.67852 5.69619 2
    endloop
  endfacet
  facet normal 0 0 1
    outer loop
      vertex 6.31164 4.30137 2
      vertex 4 2 2
      vertex 7.8 2 2
    endloop
  endfacet
  facet normal 0 0 1
    outer loop
      vertex 2 4 2
      vertex 4.67852 5.69619 2
      vertex 4.30137 6.31164 2
    endloop
  endfacet
  facet normal 0 0 1
    outer loop
      vertex 2 4 2
      vertex 4.30137 6.31164 2
      vertex 4.02514 6.97852 2
    endloop
  endfacet
  facet normal 0 0 1
    outer loop
      vertex 2 7.8 2
      vertex 4.02514 6.97852 2
      vertex 3.85663 7.6804 2
    endloop
  endfacet
  facet normal -0 0 1
    outer loop
      vertex 2 7.8 2
      vertex 3.85663 7.6804 2
      vertex 3.84722 7.8 2
    endloop
  endfacet
  facet normal 0 -0 1
    outer loop
      vertex 2.02462 3.68713 2
      vertex 5.14731 5.14731 2
      vertex 2 4 2
    endloop
  endfacet
  facet normal 0 0 1
    outer loop
      vertex 5.14731 5.14731 2
      vertex 3.68713 2.02462 2
      vertex 4 2 2
    endloop
  endfacet
  facet normal 0 0 1
    outer loop
      vertex 5.14731 5.14731 2
      vertex 3.38197 2.09789 2
      vertex 3.68713 2.02462 2
    endloop
  endfacet
  facet normal 0 0 1
    outer loop
      vertex 5.14731 5.14731 2
      vertex 3.09202 2.21799 2
      vertex 3.38197 2.09789 2
    endloop
  endfacet
  facet normal 0 0 1
    outer loop
      vertex 5.14731 5.14731 2
      vertex 2.82443 2.38197 2
      vertex 3.09202 2.21799 2
    endloop
  endfacet
  facet normal 0 0 1
    outer loop
      vertex 5.14731 5.14731 2
      vertex 2.58579 2.58579 2
      vertex 2.82443 2.38197 2
    endloop
  endfacet
  facet normal 0 0 1
    outer loop
      vertex 5.14731 5.14731 2
      vertex 2.38197 2.82443 2
      vertex 2.58579 2.58579 2
    endloop
  endfacet
  facet normal 0 0 1
    outer loop
      vertex 5.14731 5.14731 2
      vertex 2.21799 3.09202 2
      vertex 2.38197 2.82443 2
    endloop
  endfacet
  facet normal 0 0 1
    outer loop
      vertex 5.14731 5.14731 2
      vertex 2.09789 3.38197 2
      vertex 2.21799 3.09202 2
    endloop
  endfacet
  facet normal 0 0 1
    outer loop
      vertex 4.02514 6.97852 2
      vertex 2 7.8 2
      vertex 2 4 2
    endloop
  endfacet
  facet normal 0 0 1
    outer loop
      vertex 5.14731 5.14731 2
      vertex 2.02462 3.68713 2
      vertex 2.09789 3.38197 2
    endloop
  endfacet
  facet normal -0 0 1
    outer loop
      vertex 64.4986 6.31164 2
      vertex 66.8 4 2
      vertex 66.8 7.8 2
    endloop
  endfacet
  facet normal -0 0 1
    outer loop
      vertex 64.1215 5.69619 2
      vertex 66.8 4 2
      vertex 64.4986 6.31164 2
    endloop
  endfacet
  facet normal -0 0 1
    outer loop
      vertex 63.6527 5.14731 2
      vertex 66.8 4 2
      vertex 64.1215 5.69619 2
    endloop
  endfacet
  facet normal 0 0 1
    outer loop
      vertex 66.8 4 2
      vertex 63.6527 5.14731 2
      vertex 66.7754 3.68713 2
    endloop
  endfacet
  facet normal 0 0 1
    outer loop
      vertex 66.7754 3.68713 2
      vertex 63.6527 5.14731 2
      vertex 66.7021 3.38197 2
    endloop
  endfacet
  facet normal 0 0 1
    outer loop
      vertex 66.7021 3.38197 2
      vertex 63.6527 5.14731 2
      vertex 66.582 3.09202 2
    endloop
  endfacet
  facet normal 0 0 1
    outer loop
      vertex 66.582 3.09202 2
      vertex 63.6527 5.14731 2
      vertex 66.418 2.82443 2
    endloop
  endfacet
  facet normal 0 0 1
    outer loop
      vertex 66.418 2.82443 2
      vertex 63.6527 5.14731 2
      vertex 66.2142 2.58579 2
    endloop
  endfacet
  facet normal 0 0 1
    outer loop
      vertex 66.2142 2.58579 2
      vertex 63.6527 5.14731 2
      vertex 65.9756 2.38197 2
    endloop
  endfacet
  facet normal 0 0 1
    outer loop
      vertex 64.9434 7.6804 2
      vertex 66.8 7.8 2
      vertex 64.9528 7.8 2
    endloop
  endfacet
  facet normal 0 0 1
    outer loop
      vertex 64.7749 6.97852 2
      vertex 66.8 7.8 2
      vertex 64.9434 7.6804 2
    endloop
  endfacet
  facet normal 0 0 1
    outer loop
      vertex 64.4986 6.31164 2
      vertex 66.8 7.8 2
      vertex 64.7749 6.97852 2
    endloop
  endfacet
  facet normal 0 0 1
    outer loop
      vertex 65.9756 2.38197 2
      vertex 63.6527 5.14731 2
      vertex 65.708 2.21799 2
    endloop
  endfacet
  facet normal 0 0 1
    outer loop
      vertex 65.708 2.21799 2
      vertex 63.6527 5.14731 2
      vertex 65.418 2.09789 2
    endloop
  endfacet
  facet normal 0 0 1
    outer loop
      vertex 65.418 2.09789 2
      vertex 63.6527 5.14731 2
      vertex 65.1129 2.02462 2
    endloop
  endfacet
  facet normal 0 0 1
    outer loop
      vertex 65.1129 2.02462 2
      vertex 63.6527 5.14731 2
      vertex 64.8 2 2
    endloop
  endfacet
  facet normal -0 0 1
    outer loop
      vertex 63.1038 4.67852 2
      vertex 64.8 2 2
      vertex 63.6527 5.14731 2
    endloop
  endfacet
  facet normal -0 0 1
    outer loop
      vertex 62.4884 4.30137 2
      vertex 64.8 2 2
      vertex 63.1038 4.67852 2
    endloop
  endfacet
  facet normal -0 0 1
    outer loop
      vertex 61.8215 4.02514 2
      vertex 64.8 2 2
      vertex 62.4884 4.30137 2
    endloop
  endfacet
  facet normal 0 0 1
    outer loop
      vertex 61 2 2
      vertex 61.8215 4.02514 2
      vertex 61.1196 3.85663 2
    endloop
  endfacet
  facet normal 0 0 1
    outer loop
      vertex 61 2 2
      vertex 61.1196 3.85663 2
      vertex 61 3.84722 2
    endloop
  endfacet
  facet normal 0 0 1
    outer loop
      vertex 61.8215 4.02514 2
      vertex 61 2 2
      vertex 64.8 2 2
    endloop
  endfacet
  facet normal 0 0 1
    outer loop
      vertex 7.8 66.8 2
      vertex 7.6804 64.9434 2
      vertex 7.8 64.9528 2
    endloop
  endfacet
  facet normal 0 0 1
    outer loop
      vertex 7.8 66.8 2
      vertex 6.97852 64.7749 2
      vertex 7.6804 64.9434 2
    endloop
  endfacet
  facet normal 0 0 1
    outer loop
      vertex 7.8 66.8 2
      vertex 6.31164 64.4986 2
      vertex 6.97852 64.7749 2
    endloop
  endfacet
  facet normal -0 0 1
    outer loop
      vertex 4 66.8 2
      vertex 6.31164 64.4986 2
      vertex 7.8 66.8 2
    endloop
  endfacet
  facet normal 0 0 1
    outer loop
      vertex 6.31164 64.4986 2
      vertex 4 66.8 2
      vertex 5.69619 64.1215 2
    endloop
  endfacet
  facet normal 0 0 1
    outer loop
      vertex 5.69619 64.1215 2
      vertex 4 66.8 2
      vertex 5.14731 63.6527 2
    endloop
  endfacet
  facet normal -0 0 1
    outer loop
      vertex 3.68713 66.7754 2
      vertex 5.14731 63.6527 2
      vertex 4 66.8 2
    endloop
  endfacet
  facet normal -0 0 1
    outer loop
      vertex 3.38197 66.7021 2
      vertex 5.14731 63.6527 2
      vertex 3.68713 66.7754 2
    endloop
  endfacet
  facet normal 0 0 1
    outer loop
      vertex 4.67852 63.1038 2
      vertex 2 64.8 2
      vertex 4.30137 62.4884 2
    endloop
  endfacet
  facet normal 0 0 1
    outer loop
      vertex 4.30137 62.4884 2
      vertex 2 64.8 2
      vertex 4.02514 61.8215 2
    endloop
  endfacet
  facet normal 0 0 1
    outer loop
      vertex 2 61 2
      vertex 4.02514 61.8215 2
      vertex 2 64.8 2
    endloop
  endfacet
  facet normal -0 0 1
    outer loop
      vertex 3.09202 66.582 2
      vertex 5.14731 63.6527 2
      vertex 3.38197 66.7021 2
    endloop
  endfacet
  facet normal -0 0 1
    outer loop
      vertex 2.82443 66.418 2
      vertex 5.14731 63.6527 2
      vertex 3.09202 66.582 2
    endloop
  endfacet
  facet normal -0 0 1
    outer loop
      vertex 2.58579 66.2142 2
      vertex 5.14731 63.6527 2
      vertex 2.82443 66.418 2
    endloop
  endfacet
  facet normal -0 0 1
    outer loop
      vertex 2.38197 65.9756 2
      vertex 5.14731 63.6527 2
      vertex 2.58579 66.2142 2
    endloop
  endfacet
  facet normal -0 0 1
    outer loop
      vertex 2.21799 65.708 2
      vertex 5.14731 63.6527 2
      vertex 2.38197 65.9756 2
    endloop
  endfacet
  facet normal -0 0 1
    outer loop
      vertex 2.09789 65.418 2
      vertex 5.14731 63.6527 2
      vertex 2.21799 65.708 2
    endloop
  endfacet
  facet normal -0 0 1
    outer loop
      vertex 2.02462 65.1129 2
      vertex 5.14731 63.6527 2
      vertex 2.09789 65.418 2
    endloop
  endfacet
  facet normal 0 0 1
    outer loop
      vertex 5.14731 63.6527 2
      vertex 2 64.8 2
      vertex 4.67852 63.1038 2
    endloop
  endfacet
  facet normal 0 0 1
    outer loop
      vertex 5.14731 63.6527 2
      vertex 2.02462 65.1129 2
      vertex 2 64.8 2
    endloop
  endfacet
  facet normal 0 0 1
    outer loop
      vertex 4.02514 61.8215 2
      vertex 2 61 2
      vertex 3.85663 61.1196 2
    endloop
  endfacet
  facet normal 0 0 1
    outer loop
      vertex 3.85663 61.1196 2
      vertex 2 61 2
      vertex 3.84722 61 2
    endloop
  endfacet
  facet normal 0 0 1
    outer loop
      vertex 63.6527 63.6527 2
      vertex 66.8 64.8 2
      vertex 66.7754 65.1129 2
    endloop
  endfacet
  facet normal 0 0 1
    outer loop
      vertex 63.6527 63.6527 2
      vertex 66.7754 65.1129 2
      vertex 66.7021 65.418 2
    endloop
  endfacet
  facet normal 0 0 1
    outer loop
      vertex 63.6527 63.6527 2
      vertex 66.7021 65.418 2
      vertex 66.582 65.708 2
    endloop
  endfacet
  facet normal 0 0 1
    outer loop
      vertex 63.6527 63.6527 2
      vertex 66.582 65.708 2
      vertex 66.418 65.9756 2
    endloop
  endfacet
  facet normal 0 0 1
    outer loop
      vertex 63.6527 63.6527 2
      vertex 66.418 65.9756 2
      vertex 66.2142 66.2142 2
    endloop
  endfacet
  facet normal 0 0 1
    outer loop
      vertex 63.6527 63.6527 2
      vertex 66.2142 66.2142 2
      vertex 65.9756 66.418 2
    endloop
  endfacet
  facet normal 0 0 1
    outer loop
      vertex 63.6527 63.6527 2
      vertex 65.9756 66.418 2
      vertex 65.708 66.582 2
    endloop
  endfacet
  facet normal 0 0 1
    outer loop
      vertex 63.6527 63.6527 2
      vertex 65.708 66.582 2
      vertex 65.418 66.7021 2
    endloop
  endfacet
  facet normal 0 0 1
    outer loop
      vertex 63.6527 63.6527 2
      vertex 65.418 66.7021 2
      vertex 65.1129 66.7754 2
    endloop
  endfacet
  facet normal 0 0 1
    outer loop
      vertex 66.8 64.8 2
      vertex 64.4986 62.4884 2
      vertex 66.8 61 2
    endloop
  endfacet
  facet normal 0 0 1
    outer loop
      vertex 66.8 61 2
      vertex 64.9434 61.1196 2
      vertex 64.9528 61 2
    endloop
  endfacet
  facet normal 0 0 1
    outer loop
      vertex 63.6527 63.6527 2
      vertex 65.1129 66.7754 2
      vertex 64.8 66.8 2
    endloop
  endfacet
  facet normal 0 0 1
    outer loop
      vertex 66.8 61 2
      vertex 64.7749 61.8215 2
      vertex 64.9434 61.1196 2
    endloop
  endfacet
  facet normal 0 0 1
    outer loop
      vertex 66.8 61 2
      vertex 64.4986 62.4884 2
      vertex 64.7749 61.8215 2
    endloop
  endfacet
  facet normal 0 0 1
    outer loop
      vertex 66.8 64.8 2
      vertex 64.1215 63.1038 2
      vertex 64.4986 62.4884 2
    endloop
  endfacet
  facet normal 0 0 1
    outer loop
      vertex 66.8 64.8 2
      vertex 63.6527 63.6527 2
      vertex 64.1215 63.1038 2
    endloop
  endfacet
  facet normal 0 0 1
    outer loop
      vertex 64.8 66.8 2
      vertex 63.1038 64.1215 2
      vertex 63.6527 63.6527 2
    endloop
  endfacet
  facet normal 0 0 1
    outer loop
      vertex 64.8 66.8 2
      vertex 62.4884 64.4986 2
      vertex 63.1038 64.1215 2
    endloop
  endfacet
  facet normal 0 0 1
    outer loop
      vertex 64.8 66.8 2
      vertex 61.8215 64.7749 2
      vertex 62.4884 64.4986 2
    endloop
  endfacet
  facet normal -0 0 1
    outer loop
      vertex 61 66.8 2
      vertex 61.8215 64.7749 2
      vertex 64.8 66.8 2
    endloop
  endfacet
  facet normal 0 0 1
    outer loop
      vertex 61.8215 64.7749 2
      vertex 61 66.8 2
      vertex 61.1196 64.9434 2
    endloop
  endfacet
  facet normal 0 0 1
    outer loop
      vertex 61.1196 64.9434 2
      vertex 61 66.8 2
      vertex 61 64.9528 2
    endloop
  endfacet
  facet normal 0 0 1
    outer loop
      vertex 18.65 56.2 2
      vertex 2.6 46.8 2
      vertex 18.65 18.6 2
    endloop
  endfacet
  facet normal 0 0 1
    outer loop
      vertex 13.7456 11.7788 2
      vertex 12.9434 9.1196 2
      vertex 13 8.4 2
    endloop
  endfacet
  facet normal 0 -0 1
    outer loop
      vertex 9.1196 12.9434 2
      vertex 18.65 18.6 2
      vertex 2.6 28 2
    endloop
  endfacet
  facet normal 0 0 1
    outer loop
      vertex 13.7456 11.7788 2
      vertex 12.7749 9.82148 2
      vertex 12.9434 9.1196 2
    endloop
  endfacet
  facet normal 0 0 1
    outer loop
      vertex 18.65 18.6 2
      vertex 9.1196 12.9434 2
      vertex 14.7837 13.8163 2
    endloop
  endfacet
  facet normal 0 0 1
    outer loop
      vertex 13.7456 11.7788 2
      vertex 12.4986 10.4884 2
      vertex 12.7749 9.82148 2
    endloop
  endfacet
  facet normal 0 -0 1
    outer loop
      vertex 10.4884 12.4986 2
      vertex 14.7837 13.8163 2
      vertex 9.82148 12.7749 2
    endloop
  endfacet
  facet normal 0 0 1
    outer loop
      vertex 13.7456 11.7788 2
      vertex 12.1215 11.1038 2
      vertex 12.4986 10.4884 2
    endloop
  endfacet
  facet normal 0 0 1
    outer loop
      vertex 14.4066 13.3748 2
      vertex 10.4884 12.4986 2
      vertex 14.1033 12.8798 2
    endloop
  endfacet
  facet normal 0 0 1
    outer loop
      vertex 13.7456 11.7788 2
      vertex 11.6527 11.6527 2
      vertex 12.1215 11.1038 2
    endloop
  endfacet
  facet normal 0 -0 1
    outer loop
      vertex 9.82148 12.7749 2
      vertex 14.7837 13.8163 2
      vertex 9.1196 12.9434 2
    endloop
  endfacet
  facet normal 0 -0 1
    outer loop
      vertex 11.1038 12.1215 2
      vertex 14.1033 12.8798 2
      vertex 10.4884 12.4986 2
    endloop
  endfacet
  facet normal 0 0 1
    outer loop
      vertex 2.6 46.8 2
      vertex 11.1038 56.6785 2
      vertex 10.4884 56.3014 2
    endloop
  endfacet
  facet normal 0 0 1
    outer loop
      vertex 13.8811 12.3434 2
      vertex 11.6527 11.6527 2
      vertex 13.7456 11.7788 2
    endloop
  endfacet
  facet normal 0 0 1
    outer loop
      vertex 2.6 46.8 2
      vertex 10.4884 56.3014 2
      vertex 9.82148 56.0251 2
    endloop
  endfacet
  facet normal 0 -0 1
    outer loop
      vertex 11.6527 11.6527 2
      vertex 13.8811 12.3434 2
      vertex 11.1038 12.1215 2
    endloop
  endfacet
  facet normal 0 0 1
    outer loop
      vertex 2.6 46.8 2
      vertex 9.82148 56.0251 2
      vertex 9.1196 55.8566 2
    endloop
  endfacet
  facet normal 0 0 1
    outer loop
      vertex 14.1033 12.8798 2
      vertex 11.1038 12.1215 2
      vertex 13.8811 12.3434 2
    endloop
  endfacet
  facet normal 0 0 1
    outer loop
      vertex 2.6 46.8 2
      vertex 9.1196 55.8566 2
      vertex 8.4 55.8 2
    endloop
  endfacet
  facet normal 0 0 1
    outer loop
      vertex 14.7837 13.8163 2
      vertex 10.4884 12.4986 2
      vertex 14.4066 13.3748 2
    endloop
  endfacet
  facet normal 0 0 1
    outer loop
      vertex 2.6 46.8 2
      vertex 8.4 55.8 2
      vertex 7.6804 55.8566 2
    endloop
  endfacet
  facet normal 0 0 1
    outer loop
      vertex 9.1196 12.9434 2
      vertex 2.6 28 2
      vertex 8.4 13 2
    endloop
  endfacet
  facet normal 0 0 1
    outer loop
      vertex 2.6 46.8 2
      vertex 7.6804 55.8566 2
      vertex 6.97852 56.0251 2
    endloop
  endfacet
  facet normal 0 0 1
    outer loop
      vertex 8.4 13 2
      vertex 2.6 28 2
      vertex 7.6804 12.9434 2
    endloop
  endfacet
  facet normal 0 0 1
    outer loop
      vertex 2.6 46.8 2
      vertex 6.97852 56.0251 2
      vertex 6.31164 56.3014 2
    endloop
  endfacet
  facet normal 0 0 1
    outer loop
      vertex 7.6804 12.9434 2
      vertex 2.6 28 2
      vertex 6.97852 12.7749 2
    endloop
  endfacet
  facet normal 0 0 1
    outer loop
      vertex 2.6 46.8 2
      vertex 6.31164 56.3014 2
      vertex 5.69619 56.6785 2
    endloop
  endfacet
  facet normal 0 0 1
    outer loop
      vertex 6.97852 12.7749 2
      vertex 2.6 28 2
      vertex 6.31164 12.4986 2
    endloop
  endfacet
  facet normal 0 0 1
    outer loop
      vertex 2 46.8 2
      vertex 5.69619 56.6785 2
      vertex 5.14731 57.1473 2
    endloop
  endfacet
  facet normal -0 0 1
    outer loop
      vertex 2 28 2
      vertex 6.31164 12.4986 2
      vertex 2.6 28 2
    endloop
  endfacet
  facet normal 0 0 1
    outer loop
      vertex 2 46.8 2
      vertex 5.14731 57.1473 2
      vertex 4.67852 57.6962 2
    endloop
  endfacet
  facet normal 0 0 1
    outer loop
      vertex 6.31164 12.4986 2
      vertex 2 28 2
      vertex 5.69619 12.1215 2
    endloop
  endfacet
  facet normal 0 0 1
    outer loop
      vertex 2 59.8 2
      vertex 4.67852 57.6962 2
      vertex 4.30137 58.3116 2
    endloop
  endfacet
  facet normal 0 0 1
    outer loop
      vertex 5.69619 12.1215 2
      vertex 2 28 2
      vertex 5.14731 11.6527 2
    endloop
  endfacet
  facet normal 0 0 1
    outer loop
      vertex 2 59.8 2
      vertex 4.30137 58.3116 2
      vertex 4.02514 58.9785 2
    endloop
  endfacet
  facet normal 0 0 1
    outer loop
      vertex 5.14731 11.6527 2
      vertex 2 28 2
      vertex 4.67852 11.1038 2
    endloop
  endfacet
  facet normal 0 0 1
    outer loop
      vertex 2 59.8 2
      vertex 4.02514 58.9785 2
      vertex 3.85663 59.6804 2
    endloop
  endfacet
  facet normal 0 0 1
    outer loop
      vertex 2 9 2
      vertex 4.67852 11.1038 2
      vertex 2 28 2
    endloop
  endfacet
  facet normal -0 0 1
    outer loop
      vertex 2 59.8 2
      vertex 3.85663 59.6804 2
      vertex 3.84722 59.8 2
    endloop
  endfacet
  facet normal 0 0 1
    outer loop
      vertex 4.67852 11.1038 2
      vertex 2 9 2
      vertex 4.30137 10.4884 2
    endloop
  endfacet
  facet normal 0 0 1
    outer loop
      vertex 18.65 18.6 2
      vertex 2.6 46.8 2
      vertex 2.6 28 2
    endloop
  endfacet
  facet normal 0 0 1
    outer loop
      vertex 4.67852 57.6962 2
      vertex 2 59.8 2
      vertex 2 46.8 2
    endloop
  endfacet
  facet normal 0 0 1
    outer loop
      vertex 5.69619 56.6785 2
      vertex 2 46.8 2
      vertex 2.6 46.8 2
    endloop
  endfacet
  facet normal 0 0 1
    outer loop
      vertex 4.02514 9.82148 2
      vertex 2 9 2
      vertex 3.85663 9.1196 2
    endloop
  endfacet
  facet normal 0 0 1
    outer loop
      vertex 4.30137 10.4884 2
      vertex 2 9 2
      vertex 4.02514 9.82148 2
    endloop
  endfacet
  facet normal 0 0 1
    outer loop
      vertex 3.85663 9.1196 2
      vertex 2 9 2
      vertex 3.84722 9 2
    endloop
  endfacet
  facet normal 0 0 1
    outer loop
      vertex 16.8 7.55064 2
      vertex 16.2566 7.68109 2
      vertex 16.8 5 2
    endloop
  endfacet
  facet normal 0 0 1
    outer loop
      vertex 18 5 2
      vertex 21.45 7.86579 2
      vertex 21.092 7.95173 2
    endloop
  endfacet
  facet normal 0 0 1
    outer loop
      vertex 46.15 7.86579 2
      vertex 45.792 7.95173 2
      vertex 46.15 2 2
    endloop
  endfacet
  facet normal 0 0 1
    outer loop
      vertex 50.8 7.55064 2
      vertex 50.2566 7.68109 2
      vertex 50.8 5 2
    endloop
  endfacet
  facet normal 0 0 1
    outer loop
      vertex 59.8 66.8 2
      vertex 59.6804 64.9434 2
      vertex 59.8 64.9528 2
    endloop
  endfacet
  facet normal 0 0 1
    outer loop
      vertex 59.8 66.8 2
      vertex 58.9785 64.7749 2
      vertex 59.6804 64.9434 2
    endloop
  endfacet
  facet normal 0 0 1
    outer loop
      vertex 59.8 66.8 2
      vertex 58.3116 64.4986 2
      vertex 58.9785 64.7749 2
    endloop
  endfacet
  facet normal 0 0 1
    outer loop
      vertex 59.8 66.8 2
      vertex 57.6962 64.1215 2
      vertex 58.3116 64.4986 2
    endloop
  endfacet
  facet normal 0 0 1
    outer loop
      vertex 59.8 66.8 2
      vertex 57.1473 63.6527 2
      vertex 57.6962 64.1215 2
    endloop
  endfacet
  facet normal 0 0 1
    outer loop
      vertex 11.6527 63.6527 2
      vertex 57.1473 63.6527 2
      vertex 59.8 66.8 2
    endloop
  endfacet
  facet normal -0 0 1
    outer loop
      vertex 54.9189 10.0566 2
      vertex 56.0251 9.82148 2
      vertex 55.0544 10.6212 2
    endloop
  endfacet
  facet normal 0 0 1
    outer loop
      vertex 55.8566 59.6804 2
      vertex 55.0544 11.7788 2
      vertex 55.1 11.2 2
    endloop
  endfacet
  facet normal 0 0 1
    outer loop
      vertex 55.8566 59.6804 2
      vertex 54.9189 12.3434 2
      vertex 55.0544 11.7788 2
    endloop
  endfacet
  facet normal 0 0 1
    outer loop
      vertex 55.8566 59.6804 2
      vertex 54.6967 12.8798 2
      vertex 54.9189 12.3434 2
    endloop
  endfacet
  facet normal 0 0 1
    outer loop
      vertex 55.8566 59.6804 2
      vertex 54.3934 13.3748 2
      vertex 54.6967 12.8798 2
    endloop
  endfacet
  facet normal 0 0 1
    outer loop
      vertex 55.8566 59.6804 2
      vertex 54.0163 13.8163 2
      vertex 54.3934 13.3748 2
    endloop
  endfacet
  facet normal 0 0 1
    outer loop
      vertex 55.8566 59.6804 2
      vertex 50.15 18.6 2
      vertex 54.0163 13.8163 2
    endloop
  endfacet
  facet normal 0 0 1
    outer loop
      vertex 54.0163 13.8163 2
      vertex 50.15 18.6 2
      vertex 53.5748 14.1934 2
    endloop
  endfacet
  facet normal 0 0 1
    outer loop
      vertex 53.5748 14.1934 2
      vertex 50.15 18.6 2
      vertex 53.0798 14.4967 2
    endloop
  endfacet
  facet normal 0 0 1
    outer loop
      vertex 53.0798 14.4967 2
      vertex 50.15 18.6 2
      vertex 52.5434 14.7189 2
    endloop
  endfacet
  facet normal 0 0 1
    outer loop
      vertex 50.15 57.4 2
      vertex 55.8 60.4 2
      vertex 55.8566 61.1196 2
    endloop
  endfacet
  facet normal -0 0 1
    outer loop
      vertex 50.15 17.4 2
      vertex 52.5434 14.7189 2
      vertex 50.15 18.6 2
    endloop
  endfacet
  facet normal 0 0 1
    outer loop
      vertex 52.5434 14.7189 2
      vertex 50.15 17.4 2
      vertex 51.9788 14.8544 2
    endloop
  endfacet
  facet normal 0 0 1
    outer loop
      vertex 51.9788 14.8544 2
      vertex 50.15 17.4 2
      vertex 51.4 14.9 2
    endloop
  endfacet
  facet normal 0 0 1
    outer loop
      vertex 55.8566 59.6804 2
      vertex 50.15 57.4 2
      vertex 50.15 56.2 2
    endloop
  endfacet
  facet normal 0 0 1
    outer loop
      vertex 56.0251 61.8215 2
      vertex 50.15 57.4 2
      vertex 55.8566 61.1196 2
    endloop
  endfacet
  facet normal 0 0 1
    outer loop
      vertex 56.3014 62.4884 2
      vertex 50.15 57.4 2
      vertex 56.0251 61.8215 2
    endloop
  endfacet
  facet normal 0 0 1
    outer loop
      vertex 56.6785 63.1038 2
      vertex 50.15 57.4 2
      vertex 56.3014 62.4884 2
    endloop
  endfacet
  facet normal 0 0 1
    outer loop
      vertex 57.1473 63.6527 2
      vertex 11.6527 63.6527 2
      vertex 56.6785 63.1038 2
    endloop
  endfacet
  facet normal 0 0 1
    outer loop
      vertex 56.6785 63.1038 2
      vertex 12.1215 63.1038 2
      vertex 50.15 57.4 2
    endloop
  endfacet
  facet normal -0 0 1
    outer loop
      vertex 12.9434 59.6804 2
      vertex 18.65 57.4 2
      vertex 13 60.4 2
    endloop
  endfacet
  facet normal -0 0 1
    outer loop
      vertex 12.7749 58.9785 2
      vertex 18.65 57.4 2
      vertex 12.9434 59.6804 2
    endloop
  endfacet
  facet normal -0 0 1
    outer loop
      vertex 12.4986 58.3116 2
      vertex 18.65 57.4 2
      vertex 12.7749 58.9785 2
    endloop
  endfacet
  facet normal 0 0 1
    outer loop
      vertex 18.65 17.4 2
      vertex 17.9788 14.8544 2
      vertex 18.5434 14.7189 2
    endloop
  endfacet
  facet normal 0 0 1
    outer loop
      vertex 18.65 17.4 2
      vertex 17.4 14.9 2
      vertex 17.9788 14.8544 2
    endloop
  endfacet
  facet normal 0 0 1
    outer loop
      vertex 18.65 17.4 2
      vertex 16.8212 14.8544 2
      vertex 17.4 14.9 2
    endloop
  endfacet
  facet normal 0 0 1
    outer loop
      vertex 18.65 17.4 2
      vertex 16.2566 14.7189 2
      vertex 16.8212 14.8544 2
    endloop
  endfacet
  facet normal 0 0 1
    outer loop
      vertex 18.65 18.6 2
      vertex 16.2566 14.7189 2
      vertex 18.65 17.4 2
    endloop
  endfacet
  facet normal 0 -0 1
    outer loop
      vertex 15.7202 14.4967 2
      vertex 18.65 18.6 2
      vertex 15.2252 14.1934 2
    endloop
  endfacet
  facet normal 0 -0 1
    outer loop
      vertex 16.2566 14.7189 2
      vertex 18.65 18.6 2
      vertex 15.7202 14.4967 2
    endloop
  endfacet
  facet normal 0 0 1
    outer loop
      vertex 18.65 18.6 2
      vertex 14.7837 13.8163 2
      vertex 15.2252 14.1934 2
    endloop
  endfacet
  facet normal 0 0 1
    outer loop
      vertex 18.65 57.4 2
      vertex 12.4986 58.3116 2
      vertex 18.65 56.2 2
    endloop
  endfacet
  facet normal -0 0 1
    outer loop
      vertex 12.1215 57.6962 2
      vertex 18.65 56.2 2
      vertex 12.4986 58.3116 2
    endloop
  endfacet
  facet normal -0 0 1
    outer loop
      vertex 11.6527 57.1473 2
      vertex 18.65 56.2 2
      vertex 12.1215 57.6962 2
    endloop
  endfacet
  facet normal 0 0 1
    outer loop
      vertex 2.6 46.8 2
      vertex 18.65 56.2 2
      vertex 11.1038 56.6785 2
    endloop
  endfacet
  facet normal -0 0 1
    outer loop
      vertex 11.1038 56.6785 2
      vertex 18.65 56.2 2
      vertex 11.6527 57.1473 2
    endloop
  endfacet
  facet normal 0 0 1
    outer loop
      vertex 50.15 57.4 2
      vertex 12.1215 63.1038 2
      vertex 18.65 57.4 2
    endloop
  endfacet
  facet normal 0 0 1
    outer loop
      vertex 18.65 57.4 2
      vertex 12.9434 61.1196 2
      vertex 13 60.4 2
    endloop
  endfacet
  facet normal 0 0 1
    outer loop
      vertex 18.65 57.4 2
      vertex 12.7749 61.8215 2
      vertex 12.9434 61.1196 2
    endloop
  endfacet
  facet normal 0 0 1
    outer loop
      vertex 18.65 57.4 2
      vertex 12.4986 62.4884 2
      vertex 12.7749 61.8215 2
    endloop
  endfacet
  facet normal 0 0 1
    outer loop
      vertex 18.65 57.4 2
      vertex 12.1215 63.1038 2
      vertex 12.4986 62.4884 2
    endloop
  endfacet
  facet normal 0 0 1
    outer loop
      vertex 56.6785 63.1038 2
      vertex 11.6527 63.6527 2
      vertex 12.1215 63.1038 2
    endloop
  endfacet
  facet normal -0 0 1
    outer loop
      vertex 9 66.8 2
      vertex 11.6527 63.6527 2
      vertex 59.8 66.8 2
    endloop
  endfacet
  facet normal 0 0 1
    outer loop
      vertex 11.6527 63.6527 2
      vertex 9 66.8 2
      vertex 11.1038 64.1215 2
    endloop
  endfacet
  facet normal 0 0 1
    outer loop
      vertex 11.1038 64.1215 2
      vertex 9 66.8 2
      vertex 10.4884 64.4986 2
    endloop
  endfacet
  facet normal 0 0 1
    outer loop
      vertex 10.4884 64.4986 2
      vertex 9 66.8 2
      vertex 9.82148 64.7749 2
    endloop
  endfacet
  facet normal 0 0 1
    outer loop
      vertex 9.82148 64.7749 2
      vertex 9 66.8 2
      vertex 9.1196 64.9434 2
    endloop
  endfacet
  facet normal 0 0 1
    outer loop
      vertex 9.1196 64.9434 2
      vertex 9 66.8 2
      vertex 9 64.9528 2
    endloop
  endfacet
  facet normal -0 0 1
    outer loop
      vertex 64.1215 57.6962 2
      vertex 66.8 46.8 2
      vertex 66.8 59.8 2
    endloop
  endfacet
  facet normal 0 0 1
    outer loop
      vertex 64.7749 58.9785 2
      vertex 66.8 59.8 2
      vertex 64.9434 59.6804 2
    endloop
  endfacet
  facet normal 0 0 1
    outer loop
      vertex 64.9434 59.6804 2
      vertex 66.8 59.8 2
      vertex 64.9528 59.8 2
    endloop
  endfacet
  facet normal 0 0 1
    outer loop
      vertex 62.4884 12.4986 2
      vertex 66.8 28 2
      vertex 66.2 28 2
    endloop
  endfacet
  facet normal 0 0 1
    outer loop
      vertex 64.4986 58.3116 2
      vertex 66.8 59.8 2
      vertex 64.7749 58.9785 2
    endloop
  endfacet
  facet normal 0 0 1
    outer loop
      vertex 64.1215 57.6962 2
      vertex 66.8 59.8 2
      vertex 64.4986 58.3116 2
    endloop
  endfacet
  facet normal -0 0 1
    outer loop
      vertex 63.6527 57.1473 2
      vertex 66.8 46.8 2
      vertex 64.1215 57.6962 2
    endloop
  endfacet
  facet normal 0 0 1
    outer loop
      vertex 66.8 9 2
      vertex 64.9434 9.1196 2
      vertex 64.9528 9 2
    endloop
  endfacet
  facet normal -0 0 1
    outer loop
      vertex 63.1038 56.6785 2
      vertex 66.8 46.8 2
      vertex 63.6527 57.1473 2
    endloop
  endfacet
  facet normal 0 0 1
    outer loop
      vertex 66.8 9 2
      vertex 64.7749 9.82148 2
      vertex 64.9434 9.1196 2
    endloop
  endfacet
  facet normal 0 0 1
    outer loop
      vertex 66.8 46.8 2
      vertex 63.1038 56.6785 2
      vertex 66.2 46.8 2
    endloop
  endfacet
  facet normal 0 0 1
    outer loop
      vertex 66.8 9 2
      vertex 64.4986 10.4884 2
      vertex 64.7749 9.82148 2
    endloop
  endfacet
  facet normal -0 0 1
    outer loop
      vertex 62.4884 56.3014 2
      vertex 66.2 46.8 2
      vertex 63.1038 56.6785 2
    endloop
  endfacet
  facet normal 0 0 1
    outer loop
      vertex 66.8 9 2
      vertex 64.1215 11.1038 2
      vertex 64.4986 10.4884 2
    endloop
  endfacet
  facet normal 0 0 1
    outer loop
      vertex 66.8 28 2
      vertex 63.6527 11.6527 2
      vertex 66.8 9 2
    endloop
  endfacet
  facet normal 0 0 1
    outer loop
      vertex 66.8 9 2
      vertex 63.6527 11.6527 2
      vertex 64.1215 11.1038 2
    endloop
  endfacet
  facet normal -0 0 1
    outer loop
      vertex 61.8215 56.0251 2
      vertex 66.2 46.8 2
      vertex 62.4884 56.3014 2
    endloop
  endfacet
  facet normal 0 0 1
    outer loop
      vertex 66.8 28 2
      vertex 63.1038 12.1215 2
      vertex 63.6527 11.6527 2
    endloop
  endfacet
  facet normal -0 0 1
    outer loop
      vertex 61.1196 55.8566 2
      vertex 66.2 46.8 2
      vertex 61.8215 56.0251 2
    endloop
  endfacet
  facet normal 0 0 1
    outer loop
      vertex 66.8 28 2
      vertex 62.4884 12.4986 2
      vertex 63.1038 12.1215 2
    endloop
  endfacet
  facet normal -0 0 1
    outer loop
      vertex 60.4 55.8 2
      vertex 66.2 46.8 2
      vertex 61.1196 55.8566 2
    endloop
  endfacet
  facet normal 0 0 1
    outer loop
      vertex 66.2 28 2
      vertex 61.8215 12.7749 2
      vertex 62.4884 12.4986 2
    endloop
  endfacet
  facet normal 0 0 1
    outer loop
      vertex 59.6804 55.8566 2
      vertex 66.2 46.8 2
      vertex 60.4 55.8 2
    endloop
  endfacet
  facet normal 0 0 1
    outer loop
      vertex 66.2 28 2
      vertex 61.1196 12.9434 2
      vertex 61.8215 12.7749 2
    endloop
  endfacet
  facet normal 0 0 1
    outer loop
      vertex 58.9785 56.0251 2
      vertex 66.2 46.8 2
      vertex 59.6804 55.8566 2
    endloop
  endfacet
  facet normal 0 0 1
    outer loop
      vertex 66.2 28 2
      vertex 60.4 13 2
      vertex 61.1196 12.9434 2
    endloop
  endfacet
  facet normal 0 0 1
    outer loop
      vertex 58.3116 56.3014 2
      vertex 66.2 46.8 2
      vertex 58.9785 56.0251 2
    endloop
  endfacet
  facet normal 0 0 1
    outer loop
      vertex 66.2 28 2
      vertex 59.6804 12.9434 2
      vertex 60.4 13 2
    endloop
  endfacet
  facet normal 0 0 1
    outer loop
      vertex 57.6962 56.6785 2
      vertex 66.2 46.8 2
      vertex 58.3116 56.3014 2
    endloop
  endfacet
  facet normal 0 0 1
    outer loop
      vertex 66.2 28 2
      vertex 58.9785 12.7749 2
      vertex 59.6804 12.9434 2
    endloop
  endfacet
  facet normal 0 0 1
    outer loop
      vertex 66.2 46.8 2
      vertex 57.6962 56.6785 2
      vertex 66.2 28 2
    endloop
  endfacet
  facet normal 0 0 1
    outer loop
      vertex 66.2 28 2
      vertex 58.3116 12.4986 2
      vertex 58.9785 12.7749 2
    endloop
  endfacet
  facet normal 0 0 1
    outer loop
      vertex 57.1473 57.1473 2
      vertex 66.2 28 2
      vertex 57.6962 56.6785 2
    endloop
  endfacet
  facet normal 0 0 1
    outer loop
      vertex 55.1 11.2 2
      vertex 58.3116 12.4986 2
      vertex 66.2 28 2
    endloop
  endfacet
  facet normal 0 0 1
    outer loop
      vertex 55.1 11.2 2
      vertex 66.2 28 2
      vertex 57.1473 57.1473 2
    endloop
  endfacet
  facet normal 0 0 1
    outer loop
      vertex 58.3116 12.4986 2
      vertex 55.1 11.2 2
      vertex 57.6962 12.1215 2
    endloop
  endfacet
  facet normal 0 0 1
    outer loop
      vertex 55.1 11.2 2
      vertex 57.1473 57.1473 2
      vertex 56.6785 57.6962 2
    endloop
  endfacet
  facet normal 0 0 1
    outer loop
      vertex 57.6962 12.1215 2
      vertex 55.1 11.2 2
      vertex 57.1473 11.6527 2
    endloop
  endfacet
  facet normal 0 0 1
    outer loop
      vertex 55.1 11.2 2
      vertex 56.6785 57.6962 2
      vertex 56.3014 58.3116 2
    endloop
  endfacet
  facet normal 0 0 1
    outer loop
      vertex 57.1473 11.6527 2
      vertex 55.1 11.2 2
      vertex 56.6785 11.1038 2
    endloop
  endfacet
  facet normal 0 0 1
    outer loop
      vertex 55.1 11.2 2
      vertex 56.3014 58.3116 2
      vertex 56.0251 58.9785 2
    endloop
  endfacet
  facet normal 0 0 1
    outer loop
      vertex 56.6785 11.1038 2
      vertex 55.1 11.2 2
      vertex 56.3014 10.4884 2
    endloop
  endfacet
  facet normal 0 0 1
    outer loop
      vertex 55.1 11.2 2
      vertex 56.0251 58.9785 2
      vertex 55.8566 59.6804 2
    endloop
  endfacet
  facet normal -0 0 1
    outer loop
      vertex 55.0544 10.6212 2
      vertex 56.3014 10.4884 2
      vertex 55.1 11.2 2
    endloop
  endfacet
  facet normal 0 0 1
    outer loop
      vertex 50.15 57.4 2
      vertex 55.8566 59.6804 2
      vertex 55.8 60.4 2
    endloop
  endfacet
  facet normal 0 0 1
    outer loop
      vertex 56.3014 10.4884 2
      vertex 55.0544 10.6212 2
      vertex 56.0251 9.82148 2
    endloop
  endfacet
  facet normal 0 0 1
    outer loop
      vertex 59.6804 3.85663 2
      vertex 59.8 2 2
      vertex 59.8 3.84722 2
    endloop
  endfacet
  facet normal 0 0 1
    outer loop
      vertex 58.9785 4.02514 2
      vertex 59.8 2 2
      vertex 59.6804 3.85663 2
    endloop
  endfacet
  facet normal 0 0 1
    outer loop
      vertex 58.3116 4.30137 2
      vertex 59.8 2 2
      vertex 58.9785 4.02514 2
    endloop
  endfacet
  facet normal 0 0 1
    outer loop
      vertex 57.6962 4.67852 2
      vertex 59.8 2 2
      vertex 58.3116 4.30137 2
    endloop
  endfacet
  facet normal -0 0 1
    outer loop
      vertex 52 5 2
      vertex 57.6962 4.67852 2
      vertex 57.1473 5.14731 2
    endloop
  endfacet
  facet normal 0 0 1
    outer loop
      vertex 52 5 2
      vertex 57.1473 5.14731 2
      vertex 56.6785 5.69619 2
    endloop
  endfacet
  facet normal 0 0 1
    outer loop
      vertex 56.0251 9.82148 2
      vertex 54.9189 10.0566 2
      vertex 55.8566 9.1196 2
    endloop
  endfacet
  facet normal -0 0 1
    outer loop
      vertex 54.6967 9.52024 2
      vertex 55.8566 9.1196 2
      vertex 54.9189 10.0566 2
    endloop
  endfacet
  facet normal 0 0 1
    outer loop
      vertex 54.3934 9.0252 2
      vertex 55.8566 9.1196 2
      vertex 54.6967 9.52024 2
    endloop
  endfacet
  facet normal 0 0 1
    outer loop
      vertex 55.8566 9.1196 2
      vertex 54.3934 9.0252 2
      vertex 55.8 8.4 2
    endloop
  endfacet
  facet normal -0 0 1
    outer loop
      vertex 54.0163 8.5837 2
      vertex 55.8 8.4 2
      vertex 54.3934 9.0252 2
    endloop
  endfacet
  facet normal 0 0 1
    outer loop
      vertex 55.8 8.4 2
      vertex 54.0163 8.5837 2
      vertex 55.8566 7.6804 2
    endloop
  endfacet
  facet normal -0 0 1
    outer loop
      vertex 53.5748 8.20664 2
      vertex 55.8566 7.6804 2
      vertex 54.0163 8.5837 2
    endloop
  endfacet
  facet normal 0 0 1
    outer loop
      vertex 55.8566 7.6804 2
      vertex 53.5748 8.20664 2
      vertex 56.0251 6.97852 2
    endloop
  endfacet
  facet normal -0 0 1
    outer loop
      vertex 53.0798 7.90328 2
      vertex 56.0251 6.97852 2
      vertex 53.5748 8.20664 2
    endloop
  endfacet
  facet normal 0 0 1
    outer loop
      vertex 52 5 2
      vertex 56.0251 6.97852 2
      vertex 53.0798 7.90328 2
    endloop
  endfacet
  facet normal 0 0 1
    outer loop
      vertex 56.0251 6.97852 2
      vertex 52 5 2
      vertex 56.3014 6.31164 2
    endloop
  endfacet
  facet normal 0 0 1
    outer loop
      vertex 56.3014 6.31164 2
      vertex 52 5 2
      vertex 56.6785 5.69619 2
    endloop
  endfacet
  facet normal 0 0 1
    outer loop
      vertex 52 5 2
      vertex 53.0798 7.90328 2
      vertex 52.5434 7.68109 2
    endloop
  endfacet
  facet normal 0 0 1
    outer loop
      vertex 52 5 2
      vertex 52.5434 7.68109 2
      vertex 52 7.55064 2
    endloop
  endfacet
  facet normal 0 0 1
    outer loop
      vertex 57.6962 4.67852 2
      vertex 52 5 2
      vertex 59.8 2 2
    endloop
  endfacet
  facet normal 0 0 1
    outer loop
      vertex 47.35 2 2
      vertex 52 5 2
      vertex 50.8 5 2
    endloop
  endfacet
  facet normal 0 0 1
    outer loop
      vertex 49.7202 7.90328 2
      vertex 50.8 5 2
      vertex 50.2566 7.68109 2
    endloop
  endfacet
  facet normal -0 0 1
    outer loop
      vertex 48.1574 8.13788 2
      vertex 49.7202 7.90328 2
      vertex 49.2252 8.20664 2
    endloop
  endfacet
  facet normal -0 0 1
    outer loop
      vertex 48.5721 8.39205 2
      vertex 49.2252 8.20664 2
      vertex 48.7901 8.57823 2
    endloop
  endfacet
  facet normal 0 0 1
    outer loop
      vertex 48.1574 8.13788 2
      vertex 49.2252 8.20664 2
      vertex 48.5721 8.39205 2
    endloop
  endfacet
  facet normal -0 0 1
    outer loop
      vertex 47.708 7.95173 2
      vertex 49.7202 7.90328 2
      vertex 48.1574 8.13788 2
    endloop
  endfacet
  facet normal 0 0 1
    outer loop
      vertex 49.7202 7.90328 2
      vertex 47.708 7.95173 2
      vertex 50.8 5 2
    endloop
  endfacet
  facet normal -0 0 1
    outer loop
      vertex 47.35 7.86579 2
      vertex 50.8 5 2
      vertex 47.708 7.95173 2
    endloop
  endfacet
  facet normal 0 0 1
    outer loop
      vertex 47.35 2 2
      vertex 50.8 5 2
      vertex 47.35 7.86579 2
    endloop
  endfacet
  facet normal 0 0 1
    outer loop
      vertex 52 5 2
      vertex 47.35 2 2
      vertex 59.8 2 2
    endloop
  endfacet
  facet normal 0 0 0
    outer loop
      vertex 46.15 2 2
      vertex 59.8 2 2
      vertex 47.35 2 2
    endloop
  endfacet
  facet normal 0 0 1
    outer loop
      vertex 45.3426 8.13788 2
      vertex 46.15 2 2
      vertex 45.792 7.95173 2
    endloop
  endfacet
  facet normal 0 0 1
    outer loop
      vertex 44.9279 8.39205 2
      vertex 46.15 2 2
      vertex 45.3426 8.13788 2
    endloop
  endfacet
  facet normal 0 0 1
    outer loop
      vertex 44.558 8.70797 2
      vertex 46.15 2 2
      vertex 44.9279 8.39205 2
    endloop
  endfacet
  facet normal 0 0 1
    outer loop
      vertex 44.242 9.07787 2
      vertex 46.15 2 2
      vertex 44.558 8.70797 2
    endloop
  endfacet
  facet normal 0 0 1
    outer loop
      vertex 24.558 9.07787 2
      vertex 44.242 9.07787 2
      vertex 43.9879 9.49263 2
    endloop
  endfacet
  facet normal 0 0 1
    outer loop
      vertex 24.8121 9.49263 2
      vertex 43.9879 9.49263 2
      vertex 43.8017 9.94205 2
    endloop
  endfacet
  facet normal -0 0 1
    outer loop
      vertex 25.15 10.9 2
      vertex 43.6882 10.4151 2
      vertex 43.65 10.9 2
    endloop
  endfacet
  facet normal 0 0 1
    outer loop
      vertex 25.1118 10.4151 2
      vertex 43.6882 10.4151 2
      vertex 25.15 10.9 2
    endloop
  endfacet
  facet normal 0 0 1
    outer loop
      vertex 43.6882 10.4151 2
      vertex 25.1118 10.4151 2
      vertex 43.8017 9.94205 2
    endloop
  endfacet
  facet normal 0 0 1
    outer loop
      vertex 24.9983 9.94205 2
      vertex 43.8017 9.94205 2
      vertex 25.1118 10.4151 2
    endloop
  endfacet
  facet normal 0 0 1
    outer loop
      vertex 24.8121 9.49263 2
      vertex 43.8017 9.94205 2
      vertex 24.9983 9.94205 2
    endloop
  endfacet
  facet normal 0 0 1
    outer loop
      vertex 43.9879 9.49263 2
      vertex 24.8121 9.49263 2
      vertex 24.558 9.07787 2
    endloop
  endfacet
  facet normal 0 0 1
    outer loop
      vertex 44.242 9.07787 2
      vertex 24.558 9.07787 2
      vertex 46.15 2 2
    endloop
  endfacet
  facet normal 0 0 1
    outer loop
      vertex 22.65 2 2
      vertex 24.558 9.07787 2
      vertex 24.242 8.70797 2
    endloop
  endfacet
  facet normal 0 0 1
    outer loop
      vertex 22.65 2 2
      vertex 24.242 8.70797 2
      vertex 23.8721 8.39205 2
    endloop
  endfacet
  facet normal 0 0 1
    outer loop
      vertex 22.65 2 2
      vertex 23.8721 8.39205 2
      vertex 23.4574 8.13788 2
    endloop
  endfacet
  facet normal 0 0 1
    outer loop
      vertex 22.65 2 2
      vertex 23.4574 8.13788 2
      vertex 23.008 7.95173 2
    endloop
  endfacet
  facet normal 0 0 1
    outer loop
      vertex 22.65 2 2
      vertex 23.008 7.95173 2
      vertex 22.65 7.86579 2
    endloop
  endfacet
  facet normal 0 0 1
    outer loop
      vertex 24.558 9.07787 2
      vertex 22.65 2 2
      vertex 46.15 2 2
    endloop
  endfacet
  facet normal 0 0 0
    outer loop
      vertex 22.65 2 2
      vertex 59.8 2 2
      vertex 46.15 2 2
    endloop
  endfacet
  facet normal 0 0 0
    outer loop
      vertex 21.45 2 2
      vertex 59.8 2 2
      vertex 22.65 2 2
    endloop
  endfacet
  facet normal 0 0 1
    outer loop
      vertex 19.0798 7.90328 2
      vertex 21.092 7.95173 2
      vertex 20.6426 8.13788 2
    endloop
  endfacet
  facet normal -0 0 1
    outer loop
      vertex 19.5748 8.20664 2
      vertex 20.6426 8.13788 2
      vertex 20.2279 8.39205 2
    endloop
  endfacet
  facet normal 0 0 1
    outer loop
      vertex 19.5748 8.20664 2
      vertex 20.2279 8.39205 2
      vertex 20.0099 8.57823 2
    endloop
  endfacet
  facet normal 0 0 1
    outer loop
      vertex 20.6426 8.13788 2
      vertex 19.5748 8.20664 2
      vertex 19.0798 7.90328 2
    endloop
  endfacet
  facet normal 0 0 1
    outer loop
      vertex 21.092 7.95173 2
      vertex 19.0798 7.90328 2
      vertex 18 5 2
    endloop
  endfacet
  facet normal 0 0 1
    outer loop
      vertex 18 5 2
      vertex 19.0798 7.90328 2
      vertex 18.5434 7.68109 2
    endloop
  endfacet
  facet normal 0 0 1
    outer loop
      vertex 18 5 2
      vertex 18.5434 7.68109 2
      vertex 18 7.55064 2
    endloop
  endfacet
  facet normal 0 0 1
    outer loop
      vertex 21.45 7.86579 2
      vertex 18 5 2
      vertex 21.45 2 2
    endloop
  endfacet
  facet normal -0 0 1
    outer loop
      vertex 16.8 5 2
      vertex 21.45 2 2
      vertex 18 5 2
    endloop
  endfacet
  facet normal 0 0 1
    outer loop
      vertex 15.7202 7.90328 2
      vertex 16.8 5 2
      vertex 16.2566 7.68109 2
    endloop
  endfacet
  facet normal 0 0 1
    outer loop
      vertex 12.7749 6.97852 2
      vertex 15.7202 7.90328 2
      vertex 15.2252 8.20664 2
    endloop
  endfacet
  facet normal 0 0 1
    outer loop
      vertex 12.9434 7.6804 2
      vertex 15.2252 8.20664 2
      vertex 14.7837 8.5837 2
    endloop
  endfacet
  facet normal 0 0 1
    outer loop
      vertex 13 8.4 2
      vertex 14.7837 8.5837 2
      vertex 14.4066 9.0252 2
    endloop
  endfacet
  facet normal 0 0 1
    outer loop
      vertex 13 8.4 2
      vertex 14.4066 9.0252 2
      vertex 14.1033 9.52024 2
    endloop
  endfacet
  facet normal 0 0 1
    outer loop
      vertex 13.7456 11.7788 2
      vertex 13 8.4 2
      vertex 13.7 11.2 2
    endloop
  endfacet
  facet normal 0 0 1
    outer loop
      vertex 13 8.4 2
      vertex 13.7456 10.6212 2
      vertex 13.7 11.2 2
    endloop
  endfacet
  facet normal 0 0 1
    outer loop
      vertex 13 8.4 2
      vertex 13.8811 10.0566 2
      vertex 13.7456 10.6212 2
    endloop
  endfacet
  facet normal 0 0 1
    outer loop
      vertex 13 8.4 2
      vertex 14.1033 9.52024 2
      vertex 13.8811 10.0566 2
    endloop
  endfacet
  facet normal 0 0 1
    outer loop
      vertex 14.7837 8.5837 2
      vertex 13 8.4 2
      vertex 12.9434 7.6804 2
    endloop
  endfacet
  facet normal 0 0 1
    outer loop
      vertex 15.2252 8.20664 2
      vertex 12.9434 7.6804 2
      vertex 12.7749 6.97852 2
    endloop
  endfacet
  facet normal 0 0 1
    outer loop
      vertex 15.7202 7.90328 2
      vertex 12.7749 6.97852 2
      vertex 16.8 5 2
    endloop
  endfacet
  facet normal -0 0 1
    outer loop
      vertex 12.4986 6.31164 2
      vertex 16.8 5 2
      vertex 12.7749 6.97852 2
    endloop
  endfacet
  facet normal -0 0 1
    outer loop
      vertex 12.1215 5.69619 2
      vertex 16.8 5 2
      vertex 12.4986 6.31164 2
    endloop
  endfacet
  facet normal -0 0 1
    outer loop
      vertex 11.6527 5.14731 2
      vertex 16.8 5 2
      vertex 12.1215 5.69619 2
    endloop
  endfacet
  facet normal 0 0 1
    outer loop
      vertex 11.1038 4.67852 2
      vertex 16.8 5 2
      vertex 11.6527 5.14731 2
    endloop
  endfacet
  facet normal 0 0 1
    outer loop
      vertex 9 2 2
      vertex 16.8 5 2
      vertex 11.1038 4.67852 2
    endloop
  endfacet
  facet normal 0 0 1
    outer loop
      vertex 9 2 2
      vertex 11.1038 4.67852 2
      vertex 10.4884 4.30137 2
    endloop
  endfacet
  facet normal 0 0 1
    outer loop
      vertex 9 2 2
      vertex 10.4884 4.30137 2
      vertex 9.82148 4.02514 2
    endloop
  endfacet
  facet normal 0 0 1
    outer loop
      vertex 9 2 2
      vertex 9.82148 4.02514 2
      vertex 9.1196 3.85663 2
    endloop
  endfacet
  facet normal 0 0 1
    outer loop
      vertex 9 2 2
      vertex 9.1196 3.85663 2
      vertex 9 3.84722 2
    endloop
  endfacet
  facet normal 0 0 -0
    outer loop
      vertex 21.45 2 2
      vertex 9 2 2
      vertex 59.8 2 2
    endloop
  endfacet
  facet normal 0 0 1
    outer loop
      vertex 16.8 5 2
      vertex 9 2 2
      vertex 21.45 2 2
    endloop
  endfacet
  facet normal -0 0 1
    outer loop
      vertex 18.65 56.2 2
      vertex 50.15 18.6 2
      vertex 50.15 56.2 2
    endloop
  endfacet
  facet normal 0 0 1
    outer loop
      vertex 50.15 18.6 2
      vertex 18.65 56.2 2
      vertex 18.65 18.6 2
    endloop
  endfacet
  facet normal 0 0 1
    outer loop
      vertex 55.8566 59.6804 2
      vertex 50.15 56.2 2
      vertex 50.15 18.6 2
    endloop
  endfacet
  facet normal 0 0 1
    outer loop
      vertex 51.4 14.9 2
      vertex 50.15 17.4 2
      vertex 50.8212 14.8544 2
    endloop
  endfacet
  facet normal 0 0 1
    outer loop
      vertex 50.8212 14.8544 2
      vertex 50.15 17.4 2
      vertex 50.2566 14.7189 2
    endloop
  endfacet
  facet normal 0 0 1
    outer loop
      vertex 50.15 17.4 2
      vertex 49.7202 14.4967 2
      vertex 50.2566 14.7189 2
    endloop
  endfacet
  facet normal 0 0 1
    outer loop
      vertex 50.15 17.4 2
      vertex 49.2252 14.1934 2
      vertex 49.7202 14.4967 2
    endloop
  endfacet
  facet normal 0 0 1
    outer loop
      vertex 47.2349 13.9618 2
      vertex 49.2252 14.1934 2
      vertex 50.15 17.4 2
    endloop
  endfacet
  facet normal 0 0 1
    outer loop
      vertex 49.2252 14.1934 2
      vertex 47.708 13.8483 2
      vertex 48.7837 13.8163 2
    endloop
  endfacet
  facet normal 0 0 1
    outer loop
      vertex 48.7837 13.8163 2
      vertex 48.1574 13.6621 2
      vertex 48.4821 13.4631 2
    endloop
  endfacet
  facet normal 0 0 1
    outer loop
      vertex 48.7837 13.8163 2
      vertex 47.708 13.8483 2
      vertex 48.1574 13.6621 2
    endloop
  endfacet
  facet normal 0 0 1
    outer loop
      vertex 49.2252 14.1934 2
      vertex 47.2349 13.9618 2
      vertex 47.708 13.8483 2
    endloop
  endfacet
  facet normal 0 0 1
    outer loop
      vertex 50.15 17.4 2
      vertex 46.75 14 2
      vertex 47.2349 13.9618 2
    endloop
  endfacet
  facet normal 0 0 1
    outer loop
      vertex 50.15 17.4 2
      vertex 46.2651 13.9618 2
      vertex 46.75 14 2
    endloop
  endfacet
  facet normal 0 0 1
    outer loop
      vertex 50.15 17.4 2
      vertex 45.792 13.8483 2
      vertex 46.2651 13.9618 2
    endloop
  endfacet
  facet normal 0 0 1
    outer loop
      vertex 50.15 17.4 2
      vertex 45.3426 13.6621 2
      vertex 45.792 13.8483 2
    endloop
  endfacet
  facet normal 0 0 1
    outer loop
      vertex 23.4574 13.6621 2
      vertex 45.3426 13.6621 2
      vertex 50.15 17.4 2
    endloop
  endfacet
  facet normal 0 0 1
    outer loop
      vertex 43.6882 11.3849 2
      vertex 25.15 10.9 2
      vertex 43.65 10.9 2
    endloop
  endfacet
  facet normal 0 0 1
    outer loop
      vertex 25.1118 11.3849 2
      vertex 43.6882 11.3849 2
      vertex 43.8017 11.858 2
    endloop
  endfacet
  facet normal 0 0 1
    outer loop
      vertex 24.9983 11.858 2
      vertex 43.8017 11.858 2
      vertex 43.9879 12.3074 2
    endloop
  endfacet
  facet normal 0 0 1
    outer loop
      vertex 24.8121 12.3074 2
      vertex 43.9879 12.3074 2
      vertex 44.242 12.7221 2
    endloop
  endfacet
  facet normal 0 0 1
    outer loop
      vertex 24.558 12.7221 2
      vertex 44.242 12.7221 2
      vertex 44.558 13.092 2
    endloop
  endfacet
  facet normal 0 0 1
    outer loop
      vertex 24.242 13.092 2
      vertex 44.558 13.092 2
      vertex 44.9279 13.408 2
    endloop
  endfacet
  facet normal 0 0 1
    outer loop
      vertex 45.3426 13.6621 2
      vertex 23.4574 13.6621 2
      vertex 44.9279 13.408 2
    endloop
  endfacet
  facet normal 0 0 1
    outer loop
      vertex 43.6882 11.3849 2
      vertex 25.1118 11.3849 2
      vertex 25.15 10.9 2
    endloop
  endfacet
  facet normal 0 0 1
    outer loop
      vertex 43.8017 11.858 2
      vertex 24.9983 11.858 2
      vertex 25.1118 11.3849 2
    endloop
  endfacet
  facet normal 0 0 1
    outer loop
      vertex 43.9879 12.3074 2
      vertex 24.8121 12.3074 2
      vertex 24.9983 11.858 2
    endloop
  endfacet
  facet normal 0 0 1
    outer loop
      vertex 44.242 12.7221 2
      vertex 24.558 12.7221 2
      vertex 24.8121 12.3074 2
    endloop
  endfacet
  facet normal 0 0 1
    outer loop
      vertex 44.558 13.092 2
      vertex 24.242 13.092 2
      vertex 24.558 12.7221 2
    endloop
  endfacet
  facet normal 0 0 1
    outer loop
      vertex 44.9279 13.408 2
      vertex 23.8721 13.408 2
      vertex 24.242 13.092 2
    endloop
  endfacet
  facet normal 0 0 1
    outer loop
      vertex 44.9279 13.408 2
      vertex 23.4574 13.6621 2
      vertex 23.8721 13.408 2
    endloop
  endfacet
  facet normal -0 0 1
    outer loop
      vertex 18.65 17.4 2
      vertex 23.4574 13.6621 2
      vertex 50.15 17.4 2
    endloop
  endfacet
  facet normal 0 0 1
    outer loop
      vertex 23.4574 13.6621 2
      vertex 18.65 17.4 2
      vertex 23.008 13.8483 2
    endloop
  endfacet
  facet normal 0 0 1
    outer loop
      vertex 23.008 13.8483 2
      vertex 18.65 17.4 2
      vertex 22.5349 13.9618 2
    endloop
  endfacet
  facet normal 0 0 1
    outer loop
      vertex 22.5349 13.9618 2
      vertex 18.65 17.4 2
      vertex 22.05 14 2
    endloop
  endfacet
  facet normal 0 0 1
    outer loop
      vertex 20.6426 13.6621 2
      vertex 20.0163 13.8163 2
      vertex 20.3179 13.4631 2
    endloop
  endfacet
  facet normal 0 0 1
    outer loop
      vertex 21.092 13.8483 2
      vertex 20.0163 13.8163 2
      vertex 20.6426 13.6621 2
    endloop
  endfacet
  facet normal 0 0 1
    outer loop
      vertex 19.5748 14.1934 2
      vertex 21.092 13.8483 2
      vertex 21.5651 13.9618 2
    endloop
  endfacet
  facet normal 0 0 1
    outer loop
      vertex 22.05 14 2
      vertex 18.65 17.4 2
      vertex 21.5651 13.9618 2
    endloop
  endfacet
  facet normal -0 -0 1
    outer loop
      vertex 19.5748 14.1934 2
      vertex 21.5651 13.9618 2
      vertex 18.65 17.4 2
    endloop
  endfacet
  facet normal 0 0 1
    outer loop
      vertex 21.092 13.8483 2
      vertex 19.5748 14.1934 2
      vertex 20.0163 13.8163 2
    endloop
  endfacet
  facet normal 0 0 1
    outer loop
      vertex 19.5748 14.1934 2
      vertex 18.65 17.4 2
      vertex 19.0798 14.4967 2
    endloop
  endfacet
  facet normal 0 0 1
    outer loop
      vertex 19.0798 14.4967 2
      vertex 18.65 17.4 2
      vertex 18.5434 14.7189 2
    endloop
  endfacet
  facet normal 0 0 1
    outer loop
      vertex 22.7414 11.0095 2
      vertex 22.7414 10.7905 2
      vertex 22.75 10.9 2
    endloop
  endfacet
  facet normal 0 0 1
    outer loop
      vertex 22.7157 11.1163 2
      vertex 22.7414 10.7905 2
      vertex 22.7414 11.0095 2
    endloop
  endfacet
  facet normal 0 0 1
    outer loop
      vertex 22.7157 11.1163 2
      vertex 22.7157 10.6837 2
      vertex 22.7414 10.7905 2
    endloop
  endfacet
  facet normal 0 0 1
    outer loop
      vertex 22.6737 11.2178 2
      vertex 22.7157 10.6837 2
      vertex 22.7157 11.1163 2
    endloop
  endfacet
  facet normal 0 0 1
    outer loop
      vertex 22.6737 11.2178 2
      vertex 22.6737 10.5822 2
      vertex 22.7157 10.6837 2
    endloop
  endfacet
  facet normal 0 0 1
    outer loop
      vertex 22.6163 11.3114 2
      vertex 22.6737 10.5822 2
      vertex 22.6737 11.2178 2
    endloop
  endfacet
  facet normal 0 0 1
    outer loop
      vertex 22.6163 11.3114 2
      vertex 22.6163 10.4886 2
      vertex 22.6737 10.5822 2
    endloop
  endfacet
  facet normal 0 0 1
    outer loop
      vertex 22.545 11.395 2
      vertex 22.6163 10.4886 2
      vertex 22.6163 11.3114 2
    endloop
  endfacet
  facet normal 0 0 1
    outer loop
      vertex 22.545 11.395 2
      vertex 22.545 10.405 2
      vertex 22.6163 10.4886 2
    endloop
  endfacet
  facet normal 0 0 1
    outer loop
      vertex 22.4614 11.4663 2
      vertex 22.545 10.405 2
      vertex 22.545 11.395 2
    endloop
  endfacet
  facet normal 0 0 1
    outer loop
      vertex 22.4614 11.4663 2
      vertex 22.4614 10.3337 2
      vertex 22.545 10.405 2
    endloop
  endfacet
  facet normal 0 0 1
    outer loop
      vertex 22.3678 11.5237 2
      vertex 22.4614 10.3337 2
      vertex 22.4614 11.4663 2
    endloop
  endfacet
  facet normal 0 0 1
    outer loop
      vertex 22.3678 11.5237 2
      vertex 22.3678 10.2763 2
      vertex 22.4614 10.3337 2
    endloop
  endfacet
  facet normal 0 0 1
    outer loop
      vertex 22.2663 11.5657 2
      vertex 22.3678 10.2763 2
      vertex 22.3678 11.5237 2
    endloop
  endfacet
  facet normal 0 0 1
    outer loop
      vertex 22.2663 11.5657 2
      vertex 22.2663 10.2343 2
      vertex 22.3678 10.2763 2
    endloop
  endfacet
  facet normal 0 0 1
    outer loop
      vertex 22.1595 11.5914 2
      vertex 22.2663 10.2343 2
      vertex 22.2663 11.5657 2
    endloop
  endfacet
  facet normal 0 0 1
    outer loop
      vertex 22.1595 11.5914 2
      vertex 22.1595 10.2086 2
      vertex 22.2663 10.2343 2
    endloop
  endfacet
  facet normal 0 0 1
    outer loop
      vertex 22.05 11.6 2
      vertex 22.1595 10.2086 2
      vertex 22.1595 11.5914 2
    endloop
  endfacet
  facet normal 0 0 1
    outer loop
      vertex 22.05 11.6 2
      vertex 22.05 10.2 2
      vertex 22.1595 10.2086 2
    endloop
  endfacet
  facet normal -0 0 1
    outer loop
      vertex 21.9405 11.5914 2
      vertex 22.05 10.2 2
      vertex 22.05 11.6 2
    endloop
  endfacet
  facet normal 0 0 1
    outer loop
      vertex 21.9405 11.5914 2
      vertex 21.9405 10.2086 2
      vertex 22.05 10.2 2
    endloop
  endfacet
  facet normal -0 0 1
    outer loop
      vertex 21.8337 11.5657 2
      vertex 21.9405 10.2086 2
      vertex 21.9405 11.5914 2
    endloop
  endfacet
  facet normal 0 0 1
    outer loop
      vertex 21.8337 11.5657 2
      vertex 21.8337 10.2343 2
      vertex 21.9405 10.2086 2
    endloop
  endfacet
  facet normal -0 0 1
    outer loop
      vertex 21.7322 11.5237 2
      vertex 21.8337 10.2343 2
      vertex 21.8337 11.5657 2
    endloop
  endfacet
  facet normal 0 0 1
    outer loop
      vertex 21.7322 11.5237 2
      vertex 21.7322 10.2763 2
      vertex 21.8337 10.2343 2
    endloop
  endfacet
  facet normal -0 0 1
    outer loop
      vertex 21.6385 11.4663 2
      vertex 21.7322 10.2763 2
      vertex 21.7322 11.5237 2
    endloop
  endfacet
  facet normal 0 0 1
    outer loop
      vertex 21.6385 11.4663 2
      vertex 21.6385 10.3337 2
      vertex 21.7322 10.2763 2
    endloop
  endfacet
  facet normal -0 0 1
    outer loop
      vertex 21.555 11.395 2
      vertex 21.6385 10.3337 2
      vertex 21.6385 11.4663 2
    endloop
  endfacet
  facet normal 0 0 1
    outer loop
      vertex 21.555 11.395 2
      vertex 21.555 10.405 2
      vertex 21.6385 10.3337 2
    endloop
  endfacet
  facet normal -0 0 1
    outer loop
      vertex 21.4837 11.3114 2
      vertex 21.555 10.405 2
      vertex 21.555 11.395 2
    endloop
  endfacet
  facet normal 0 0 1
    outer loop
      vertex 21.4837 11.3114 2
      vertex 21.4837 10.4886 2
      vertex 21.555 10.405 2
    endloop
  endfacet
  facet normal -0 0 1
    outer loop
      vertex 21.4263 11.2178 2
      vertex 21.4837 10.4886 2
      vertex 21.4837 11.3114 2
    endloop
  endfacet
  facet normal 0 0 1
    outer loop
      vertex 21.4263 11.2178 2
      vertex 21.4263 10.5822 2
      vertex 21.4837 10.4886 2
    endloop
  endfacet
  facet normal -0 0 1
    outer loop
      vertex 21.3843 11.1163 2
      vertex 21.4263 10.5822 2
      vertex 21.4263 11.2178 2
    endloop
  endfacet
  facet normal 0 0 1
    outer loop
      vertex 21.3843 11.1163 2
      vertex 21.3843 10.6837 2
      vertex 21.4263 10.5822 2
    endloop
  endfacet
  facet normal -0 0 1
    outer loop
      vertex 21.3586 11.0095 2
      vertex 21.3843 10.6837 2
      vertex 21.3843 11.1163 2
    endloop
  endfacet
  facet normal 0 0 1
    outer loop
      vertex 21.3586 11.0095 2
      vertex 21.3586 10.7905 2
      vertex 21.3843 10.6837 2
    endloop
  endfacet
  facet normal 0 -0 1
    outer loop
      vertex 21.3586 10.7905 2
      vertex 21.3586 11.0095 2
      vertex 21.35 10.9 2
    endloop
  endfacet
  facet normal 0 0 1
    outer loop
      vertex 47.4414 11.0095 2
      vertex 47.4414 10.7905 2
      vertex 47.45 10.9 2
    endloop
  endfacet
  facet normal 0 0 1
    outer loop
      vertex 47.4157 11.1163 2
      vertex 47.4414 10.7905 2
      vertex 47.4414 11.0095 2
    endloop
  endfacet
  facet normal 0 0 1
    outer loop
      vertex 47.4157 11.1163 2
      vertex 47.4157 10.6837 2
      vertex 47.4414 10.7905 2
    endloop
  endfacet
  facet normal 0 0 1
    outer loop
      vertex 47.3737 11.2178 2
      vertex 47.4157 10.6837 2
      vertex 47.4157 11.1163 2
    endloop
  endfacet
  facet normal 0 0 1
    outer loop
      vertex 47.3737 11.2178 2
      vertex 47.3737 10.5822 2
      vertex 47.4157 10.6837 2
    endloop
  endfacet
  facet normal 0 0 1
    outer loop
      vertex 47.3163 11.3114 2
      vertex 47.3737 10.5822 2
      vertex 47.3737 11.2178 2
    endloop
  endfacet
  facet normal 0 0 1
    outer loop
      vertex 47.3163 11.3114 2
      vertex 47.3163 10.4886 2
      vertex 47.3737 10.5822 2
    endloop
  endfacet
  facet normal 0 0 1
    outer loop
      vertex 47.245 11.395 2
      vertex 47.3163 10.4886 2
      vertex 47.3163 11.3114 2
    endloop
  endfacet
  facet normal 0 0 1
    outer loop
      vertex 47.245 11.395 2
      vertex 47.245 10.405 2
      vertex 47.3163 10.4886 2
    endloop
  endfacet
  facet normal 0 0 1
    outer loop
      vertex 47.1614 11.4663 2
      vertex 47.245 10.405 2
      vertex 47.245 11.395 2
    endloop
  endfacet
  facet normal 0 0 1
    outer loop
      vertex 47.1614 11.4663 2
      vertex 47.1614 10.3337 2
      vertex 47.245 10.405 2
    endloop
  endfacet
  facet normal 0 0 1
    outer loop
      vertex 47.0678 11.5237 2
      vertex 47.1614 10.3337 2
      vertex 47.1614 11.4663 2
    endloop
  endfacet
  facet normal 0 0 1
    outer loop
      vertex 47.0678 11.5237 2
      vertex 47.0678 10.2763 2
      vertex 47.1614 10.3337 2
    endloop
  endfacet
  facet normal 0 0 1
    outer loop
      vertex 46.9663 11.5657 2
      vertex 47.0678 10.2763 2
      vertex 47.0678 11.5237 2
    endloop
  endfacet
  facet normal 0 0 1
    outer loop
      vertex 46.9663 11.5657 2
      vertex 46.9663 10.2343 2
      vertex 47.0678 10.2763 2
    endloop
  endfacet
  facet normal 0 0 1
    outer loop
      vertex 46.8595 11.5914 2
      vertex 46.9663 10.2343 2
      vertex 46.9663 11.5657 2
    endloop
  endfacet
  facet normal 0 0 1
    outer loop
      vertex 46.8595 11.5914 2
      vertex 46.8595 10.2086 2
      vertex 46.9663 10.2343 2
    endloop
  endfacet
  facet normal 0 0 1
    outer loop
      vertex 46.75 11.6 2
      vertex 46.8595 10.2086 2
      vertex 46.8595 11.5914 2
    endloop
  endfacet
  facet normal 0 0 1
    outer loop
      vertex 46.75 11.6 2
      vertex 46.75 10.2 2
      vertex 46.8595 10.2086 2
    endloop
  endfacet
  facet normal -0 0 1
    outer loop
      vertex 46.6405 11.5914 2
      vertex 46.75 10.2 2
      vertex 46.75 11.6 2
    endloop
  endfacet
  facet normal 0 0 1
    outer loop
      vertex 46.6405 11.5914 2
      vertex 46.6405 10.2086 2
      vertex 46.75 10.2 2
    endloop
  endfacet
  facet normal -0 0 1
    outer loop
      vertex 46.5337 11.5657 2
      vertex 46.6405 10.2086 2
      vertex 46.6405 11.5914 2
    endloop
  endfacet
  facet normal 0 0 1
    outer loop
      vertex 46.5337 11.5657 2
      vertex 46.5337 10.2343 2
      vertex 46.6405 10.2086 2
    endloop
  endfacet
  facet normal -0 0 1
    outer loop
      vertex 46.4322 11.5237 2
      vertex 46.5337 10.2343 2
      vertex 46.5337 11.5657 2
    endloop
  endfacet
  facet normal 0 0 1
    outer loop
      vertex 46.4322 11.5237 2
      vertex 46.4322 10.2763 2
      vertex 46.5337 10.2343 2
    endloop
  endfacet
  facet normal -0 0 1
    outer loop
      vertex 46.3386 11.4663 2
      vertex 46.4322 10.2763 2
      vertex 46.4322 11.5237 2
    endloop
  endfacet
  facet normal 0 0 1
    outer loop
      vertex 46.3386 11.4663 2
      vertex 46.3386 10.3337 2
      vertex 46.4322 10.2763 2
    endloop
  endfacet
  facet normal -0 0 1
    outer loop
      vertex 46.255 11.395 2
      vertex 46.3386 10.3337 2
      vertex 46.3386 11.4663 2
    endloop
  endfacet
  facet normal 0 0 1
    outer loop
      vertex 46.255 11.395 2
      vertex 46.255 10.405 2
      vertex 46.3386 10.3337 2
    endloop
  endfacet
  facet normal -0 0 1
    outer loop
      vertex 46.1837 11.3114 2
      vertex 46.255 10.405 2
      vertex 46.255 11.395 2
    endloop
  endfacet
  facet normal 0 0 1
    outer loop
      vertex 46.1837 11.3114 2
      vertex 46.1837 10.4886 2
      vertex 46.255 10.405 2
    endloop
  endfacet
  facet normal -0 0 1
    outer loop
      vertex 46.1263 11.2178 2
      vertex 46.1837 10.4886 2
      vertex 46.1837 11.3114 2
    endloop
  endfacet
  facet normal 0 0 1
    outer loop
      vertex 46.1263 11.2178 2
      vertex 46.1263 10.5822 2
      vertex 46.1837 10.4886 2
    endloop
  endfacet
  facet normal -0 0 1
    outer loop
      vertex 46.0843 11.1163 2
      vertex 46.1263 10.5822 2
      vertex 46.1263 11.2178 2
    endloop
  endfacet
  facet normal 0 0 1
    outer loop
      vertex 46.0843 11.1163 2
      vertex 46.0843 10.6837 2
      vertex 46.1263 10.5822 2
    endloop
  endfacet
  facet normal -0 0 1
    outer loop
      vertex 46.0586 11.0095 2
      vertex 46.0843 10.6837 2
      vertex 46.0843 11.1163 2
    endloop
  endfacet
  facet normal 0 0 1
    outer loop
      vertex 46.0586 11.0095 2
      vertex 46.0586 10.7905 2
      vertex 46.0843 10.6837 2
    endloop
  endfacet
  facet normal 0 -0 1
    outer loop
      vertex 46.0586 10.7905 2
      vertex 46.0586 11.0095 2
      vertex 46.05 10.9 2
    endloop
  endfacet
  facet normal 0.649452 0.760403 -0
    outer loop
      vertex 2.82443 2.38197 2
      vertex 2.58579 2.58579 28
      vertex 2.82443 2.38197 28
    endloop
  endfacet
  facet normal 0.649452 0.760403 0
    outer loop
      vertex 2.58579 2.58579 28
      vertex 2.82443 2.38197 2
      vertex 2.58579 2.58579 2
    endloop
  endfacet
  facet normal 1 -0 0
    outer loop
      vertex 11.8 0 28
      vertex 11.8 2 16
      vertex 11.8 2 28
    endloop
  endfacet
  facet normal 1 0 0
    outer loop
      vertex 11.8 2 16
      vertex 11.8 0 28
      vertex 11.8 0 16
    endloop
  endfacet
  facet normal -0.996921 0 0.0784155
    outer loop
      vertex 56.9557 0 15.4368
      vertex 57 2 16
      vertex 56.9557 2 15.4368
    endloop
  endfacet
  facet normal -0.996921 0 0.0784155
    outer loop
      vertex 57 2 16
      vertex 56.9557 0 15.4368
      vertex 57 0 16
    endloop
  endfacet
  facet normal 0.0784155 0 0.996921
    outer loop
      vertex 14.8368 2 12.4443
      vertex 15.4 0 12.4
      vertex 15.4 2 12.4
    endloop
  endfacet
  facet normal 0.0784155 0 0.996921
    outer loop
      vertex 15.4 0 12.4
      vertex 14.8368 2 12.4443
      vertex 14.8368 0 12.4443
    endloop
  endfacet
  facet normal -0.649435 0 0.760417
    outer loop
      vertex 55.516 2 13.0875
      vertex 55.9456 0 13.4544
      vertex 55.9456 2 13.4544
    endloop
  endfacet
  facet normal -0.649435 0 0.760417
    outer loop
      vertex 55.9456 0 13.4544
      vertex 55.516 2 13.0875
      vertex 55.516 0 13.0875
    endloop
  endfacet
  facet normal 0.649435 0 0.760417
    outer loop
      vertex 12.8544 2 13.4544
      vertex 13.284 0 13.0875
      vertex 13.284 2 13.0875
    endloop
  endfacet
  facet normal 0.649435 0 0.760417
    outer loop
      vertex 13.284 0 13.0875
      vertex 12.8544 2 13.4544
      vertex 12.8544 0 13.4544
    endloop
  endfacet
  facet normal -0 0 1
    outer loop
      vertex 15.4 2 12.4
      vertex 53.4 0 12.4
      vertex 53.4 2 12.4
    endloop
  endfacet
  facet normal 0 0 1
    outer loop
      vertex 53.4 0 12.4
      vertex 15.4 2 12.4
      vertex 15.4 0 12.4
    endloop
  endfacet
  facet normal -1 0 0
    outer loop
      vertex 57 0 16
      vertex 57 2 28
      vertex 57 2 16
    endloop
  endfacet
  facet normal -1 -0 0
    outer loop
      vertex 57 2 28
      vertex 57 0 16
      vertex 57 0 28
    endloop
  endfacet
  facet normal -0.382717 0 0.923866
    outer loop
      vertex 54.5125 2 12.5762
      vertex 55.0344 0 12.7924
      vertex 55.0344 2 12.7924
    endloop
  endfacet
  facet normal -0.382717 0 0.923866
    outer loop
      vertex 55.0344 0 12.7924
      vertex 54.5125 2 12.5762
      vertex 54.5125 0 12.5762
    endloop
  endfacet
  facet normal -0.522467 0 0.85266
    outer loop
      vertex 55.0344 2 12.7924
      vertex 55.516 0 13.0875
      vertex 55.516 2 13.0875
    endloop
  endfacet
  facet normal -0.522467 0 0.85266
    outer loop
      vertex 55.516 0 13.0875
      vertex 55.0344 2 12.7924
      vertex 55.0344 0 12.7924
    endloop
  endfacet
  facet normal 0.996921 -0 0.0784155
    outer loop
      vertex 11.8 0 16
      vertex 11.8443 2 15.4368
      vertex 11.8 2 16
    endloop
  endfacet
  facet normal 0.996921 0 0.0784155
    outer loop
      vertex 11.8443 2 15.4368
      vertex 11.8 0 16
      vertex 11.8443 0 15.4368
    endloop
  endfacet
  facet normal -0.97236 0 0.233487
    outer loop
      vertex 56.8238 0 14.8875
      vertex 56.9557 2 15.4368
      vertex 56.8238 2 14.8875
    endloop
  endfacet
  facet normal -0.97236 0 0.233487
    outer loop
      vertex 56.9557 2 15.4368
      vertex 56.8238 0 14.8875
      vertex 56.9557 0 15.4368
    endloop
  endfacet
  facet normal 0.760417 -0 0.649435
    outer loop
      vertex 12.4875 0 13.884
      vertex 12.8544 2 13.4544
      vertex 12.4875 2 13.884
    endloop
  endfacet
  facet normal 0.760417 0 0.649435
    outer loop
      vertex 12.8544 2 13.4544
      vertex 12.4875 0 13.884
      vertex 12.8544 0 13.4544
    endloop
  endfacet
  facet normal 0.923866 -0 0.382717
    outer loop
      vertex 11.9762 0 14.8875
      vertex 12.1924 2 14.3656
      vertex 11.9762 2 14.8875
    endloop
  endfacet
  facet normal 0.923866 0 0.382717
    outer loop
      vertex 12.1924 2 14.3656
      vertex 11.9762 0 14.8875
      vertex 12.1924 0 14.3656
    endloop
  endfacet
  facet normal -0.0784155 0 0.996921
    outer loop
      vertex 53.4 2 12.4
      vertex 53.9632 0 12.4443
      vertex 53.9632 2 12.4443
    endloop
  endfacet
  facet normal -0.0784155 0 0.996921
    outer loop
      vertex 53.9632 0 12.4443
      vertex 53.4 2 12.4
      vertex 53.4 0 12.4
    endloop
  endfacet
  facet normal -0.233487 0 0.97236
    outer loop
      vertex 53.9632 2 12.4443
      vertex 54.5125 0 12.5762
      vertex 54.5125 2 12.5762
    endloop
  endfacet
  facet normal -0.233487 0 0.97236
    outer loop
      vertex 54.5125 0 12.5762
      vertex 53.9632 2 12.4443
      vertex 53.9632 0 12.4443
    endloop
  endfacet
  facet normal 0.97236 -0 0.233487
    outer loop
      vertex 11.8443 0 15.4368
      vertex 11.9762 2 14.8875
      vertex 11.8443 2 15.4368
    endloop
  endfacet
  facet normal 0.97236 0 0.233487
    outer loop
      vertex 11.9762 2 14.8875
      vertex 11.8443 0 15.4368
      vertex 11.9762 0 14.8875
    endloop
  endfacet
  facet normal 0.522467 0 0.85266
    outer loop
      vertex 13.284 2 13.0875
      vertex 13.7656 0 12.7924
      vertex 13.7656 2 12.7924
    endloop
  endfacet
  facet normal 0.522467 0 0.85266
    outer loop
      vertex 13.7656 0 12.7924
      vertex 13.284 2 13.0875
      vertex 13.284 0 13.0875
    endloop
  endfacet
  facet normal -0.923866 0 0.382717
    outer loop
      vertex 56.6076 0 14.3656
      vertex 56.8238 2 14.8875
      vertex 56.6076 2 14.3656
    endloop
  endfacet
  facet normal -0.923866 0 0.382717
    outer loop
      vertex 56.8238 2 14.8875
      vertex 56.6076 0 14.3656
      vertex 56.8238 0 14.8875
    endloop
  endfacet
  facet normal 0.233487 0 0.97236
    outer loop
      vertex 14.2875 2 12.5762
      vertex 14.8368 0 12.4443
      vertex 14.8368 2 12.4443
    endloop
  endfacet
  facet normal 0.233487 0 0.97236
    outer loop
      vertex 14.8368 0 12.4443
      vertex 14.2875 2 12.5762
      vertex 14.2875 0 12.5762
    endloop
  endfacet
  facet normal 0.382717 0 0.923866
    outer loop
      vertex 13.7656 2 12.7924
      vertex 14.2875 0 12.5762
      vertex 14.2875 2 12.5762
    endloop
  endfacet
  facet normal 0.382717 0 0.923866
    outer loop
      vertex 14.2875 0 12.5762
      vertex 13.7656 2 12.7924
      vertex 13.7656 0 12.7924
    endloop
  endfacet
  facet normal -0.760417 0 0.649435
    outer loop
      vertex 55.9456 0 13.4544
      vertex 56.3125 2 13.884
      vertex 55.9456 2 13.4544
    endloop
  endfacet
  facet normal -0.760417 0 0.649435
    outer loop
      vertex 56.3125 2 13.884
      vertex 55.9456 0 13.4544
      vertex 56.3125 0 13.884
    endloop
  endfacet
  facet normal -0.85266 0 0.522467
    outer loop
      vertex 56.3125 0 13.884
      vertex 56.6076 2 14.3656
      vertex 56.3125 2 13.884
    endloop
  endfacet
  facet normal -0.85266 0 0.522467
    outer loop
      vertex 56.6076 2 14.3656
      vertex 56.3125 0 13.884
      vertex 56.6076 0 14.3656
    endloop
  endfacet
  facet normal 0.85266 -0 0.522467
    outer loop
      vertex 12.1924 0 14.3656
      vertex 12.4875 2 13.884
      vertex 12.1924 2 14.3656
    endloop
  endfacet
  facet normal 0.85266 0 0.522467
    outer loop
      vertex 12.4875 2 13.884
      vertex 12.1924 0 14.3656
      vertex 12.4875 0 13.884
    endloop
  endfacet
  facet normal -0 0.233325 0.972399
    outer loop
      vertex 66.8 22.6653 21.0185
      vertex 68.8 22.4365 21.0734
      vertex 68.8 22.6653 21.0185
    endloop
  endfacet
  facet normal 0 0.233325 0.972399
    outer loop
      vertex 68.8 22.4365 21.0734
      vertex 66.8 22.6653 21.0185
      vertex 66.8 22.4365 21.0734
    endloop
  endfacet
  facet normal -0 0.522532 0.85262
    outer loop
      vertex 66.8 22.219 21.1635
      vertex 68.8 22.0183 21.2865
      vertex 68.8 22.219 21.1635
    endloop
  endfacet
  facet normal 0 0.522532 0.85262
    outer loop
      vertex 68.8 22.0183 21.2865
      vertex 66.8 22.219 21.1635
      vertex 66.8 22.0183 21.2865
    endloop
  endfacet
  facet normal 0 0.760575 0.64925
    outer loop
      vertex 68.8 21.8393 21.4393
      vertex 66.8 21.6865 21.6183
      vertex 68.8 21.6865 21.6183
    endloop
  endfacet
  facet normal 0 0.760575 0.64925
    outer loop
      vertex 66.8 21.6865 21.6183
      vertex 68.8 21.8393 21.4393
      vertex 66.8 21.8393 21.4393
    endloop
  endfacet
  facet normal 0 0.996908 0.0785803
    outer loop
      vertex 68.8 21.4185 22.2653
      vertex 66.8 21.4 22.5
      vertex 68.8 21.4 22.5
    endloop
  endfacet
  facet normal 0 0.996908 0.0785803
    outer loop
      vertex 66.8 21.4 22.5
      vertex 68.8 21.4185 22.2653
      vertex 66.8 21.4185 22.2653
    endloop
  endfacet
  facet normal 0 -0.522532 0.85262
    outer loop
      vertex 66.8 36.7817 21.2865
      vertex 68.8 36.581 21.1635
      vertex 68.8 36.7817 21.2865
    endloop
  endfacet
  facet normal 0 -0.522532 0.85262
    outer loop
      vertex 68.8 36.581 21.1635
      vertex 66.8 36.7817 21.2865
      vertex 66.8 36.581 21.1635
    endloop
  endfacet
  facet normal 0 0.923867 0.382714
    outer loop
      vertex 68.8 21.5635 21.819
      vertex 66.8 21.4734 22.0365
      vertex 68.8 21.4734 22.0365
    endloop
  endfacet
  facet normal 0 0.923867 0.382714
    outer loop
      vertex 66.8 21.4734 22.0365
      vertex 68.8 21.5635 21.819
      vertex 66.8 21.5635 21.819
    endloop
  endfacet
  facet normal 0 0.233325 -0.972399
    outer loop
      vertex 66.8 22.4365 25.4266
      vertex 68.8 22.6653 25.4815
      vertex 68.8 22.4365 25.4266
    endloop
  endfacet
  facet normal 0 0.233325 -0.972399
    outer loop
      vertex 68.8 22.6653 25.4815
      vertex 66.8 22.4365 25.4266
      vertex 66.8 22.6653 25.4815
    endloop
  endfacet
  facet normal 0 0.923867 -0.382714
    outer loop
      vertex 68.8 21.4734 24.4635
      vertex 66.8 21.5635 24.681
      vertex 68.8 21.5635 24.681
    endloop
  endfacet
  facet normal 0 0.923867 -0.382714
    outer loop
      vertex 66.8 21.5635 24.681
      vertex 68.8 21.4734 24.4635
      vertex 66.8 21.4734 24.4635
    endloop
  endfacet
  facet normal 0 -0.972399 -0.233325
    outer loop
      vertex 66.8 37.3815 24.2347
      vertex 68.8 37.3266 24.4635
      vertex 66.8 37.3266 24.4635
    endloop
  endfacet
  facet normal 0 -0.972399 -0.233325
    outer loop
      vertex 68.8 37.3266 24.4635
      vertex 66.8 37.3815 24.2347
      vertex 68.8 37.3815 24.2347
    endloop
  endfacet
  facet normal 0 -0.382714 -0.923867
    outer loop
      vertex 66.8 36.3635 25.4266
      vertex 68.8 36.581 25.3365
      vertex 68.8 36.3635 25.4266
    endloop
  endfacet
  facet normal -0 -0.382714 -0.923867
    outer loop
      vertex 68.8 36.581 25.3365
      vertex 66.8 36.3635 25.4266
      vertex 66.8 36.581 25.3365
    endloop
  endfacet
  facet normal 0 -0.233325 0.972399
    outer loop
      vertex 66.8 36.3635 21.0734
      vertex 68.8 36.1347 21.0185
      vertex 68.8 36.3635 21.0734
    endloop
  endfacet
  facet normal 0 -0.233325 0.972399
    outer loop
      vertex 68.8 36.1347 21.0185
      vertex 66.8 36.3635 21.0734
      vertex 66.8 36.1347 21.0185
    endloop
  endfacet
  facet normal -0 0 1
    outer loop
      vertex 66.8 35.9 21
      vertex 68.8 22.9 21
      vertex 68.8 35.9 21
    endloop
  endfacet
  facet normal 0 0 1
    outer loop
      vertex 68.8 22.9 21
      vertex 66.8 35.9 21
      vertex 66.8 22.9 21
    endloop
  endfacet
  facet normal 0 -0.0785803 0.996908
    outer loop
      vertex 66.8 36.1347 21.0185
      vertex 68.8 35.9 21
      vertex 68.8 36.1347 21.0185
    endloop
  endfacet
  facet normal 0 -0.0785803 0.996908
    outer loop
      vertex 68.8 35.9 21
      vertex 66.8 36.1347 21.0185
      vertex 66.8 35.9 21
    endloop
  endfacet
  facet normal -0 0.64925 0.760575
    outer loop
      vertex 66.8 22.0183 21.2865
      vertex 68.8 21.8393 21.4393
      vertex 68.8 22.0183 21.2865
    endloop
  endfacet
  facet normal 0 0.64925 0.760575
    outer loop
      vertex 68.8 21.8393 21.4393
      vertex 66.8 22.0183 21.2865
      vertex 66.8 21.8393 21.4393
    endloop
  endfacet
  facet normal 0 -0.382714 0.923867
    outer loop
      vertex 66.8 36.581 21.1635
      vertex 68.8 36.3635 21.0734
      vertex 68.8 36.581 21.1635
    endloop
  endfacet
  facet normal 0 -0.382714 0.923867
    outer loop
      vertex 68.8 36.3635 21.0734
      vertex 66.8 36.581 21.1635
      vertex 66.8 36.3635 21.0734
    endloop
  endfacet
  facet normal 0 0 -1
    outer loop
      vertex 66.8 22.9 25.5
      vertex 68.8 35.9 25.5
      vertex 68.8 22.9 25.5
    endloop
  endfacet
  facet normal -0 0 -1
    outer loop
      vertex 68.8 35.9 25.5
      vertex 66.8 22.9 25.5
      vertex 66.8 35.9 25.5
    endloop
  endfacet
  facet normal -0 0.0785803 0.996908
    outer loop
      vertex 66.8 22.9 21
      vertex 68.8 22.6653 21.0185
      vertex 68.8 22.9 21
    endloop
  endfacet
  facet normal 0 0.0785803 0.996908
    outer loop
      vertex 68.8 22.6653 21.0185
      vertex 66.8 22.9 21
      vertex 66.8 22.6653 21.0185
    endloop
  endfacet
  facet normal 0 -0.0785803 -0.996908
    outer loop
      vertex 66.8 35.9 25.5
      vertex 68.8 36.1347 25.4815
      vertex 68.8 35.9 25.5
    endloop
  endfacet
  facet normal -0 -0.0785803 -0.996908
    outer loop
      vertex 68.8 36.1347 25.4815
      vertex 66.8 35.9 25.5
      vertex 66.8 36.1347 25.4815
    endloop
  endfacet
  facet normal 0 -0.972399 0.233325
    outer loop
      vertex 66.8 37.3266 22.0365
      vertex 68.8 37.3815 22.2653
      vertex 66.8 37.3815 22.2653
    endloop
  endfacet
  facet normal 0 -0.972399 0.233325
    outer loop
      vertex 68.8 37.3815 22.2653
      vertex 66.8 37.3266 22.0365
      vertex 68.8 37.3266 22.0365
    endloop
  endfacet
  facet normal 0 -0.923867 -0.382714
    outer loop
      vertex 66.8 37.3266 24.4635
      vertex 68.8 37.2365 24.681
      vertex 66.8 37.2365 24.681
    endloop
  endfacet
  facet normal 0 -0.923867 -0.382714
    outer loop
      vertex 68.8 37.2365 24.681
      vertex 66.8 37.3266 24.4635
      vertex 68.8 37.3266 24.4635
    endloop
  endfacet
  facet normal 0 0.972399 0.233325
    outer loop
      vertex 68.8 21.4734 22.0365
      vertex 66.8 21.4185 22.2653
      vertex 68.8 21.4185 22.2653
    endloop
  endfacet
  facet normal 0 0.972399 0.233325
    outer loop
      vertex 66.8 21.4185 22.2653
      vertex 68.8 21.4734 22.0365
      vertex 66.8 21.4734 22.0365
    endloop
  endfacet
  facet normal 0 -0.233325 -0.972399
    outer loop
      vertex 66.8 36.1347 25.4815
      vertex 68.8 36.3635 25.4266
      vertex 68.8 36.1347 25.4815
    endloop
  endfacet
  facet normal -0 -0.233325 -0.972399
    outer loop
      vertex 68.8 36.3635 25.4266
      vertex 66.8 36.1347 25.4815
      vertex 66.8 36.3635 25.4266
    endloop
  endfacet
  facet normal 0 0.0785803 -0.996908
    outer loop
      vertex 66.8 22.6653 25.4815
      vertex 68.8 22.9 25.5
      vertex 68.8 22.6653 25.4815
    endloop
  endfacet
  facet normal 0 0.0785803 -0.996908
    outer loop
      vertex 68.8 22.9 25.5
      vertex 66.8 22.6653 25.4815
      vertex 66.8 22.9 25.5
    endloop
  endfacet
  facet normal 0 -0.996908 -0.0785803
    outer loop
      vertex 66.8 37.4 24
      vertex 68.8 37.3815 24.2347
      vertex 66.8 37.3815 24.2347
    endloop
  endfacet
  facet normal 0 -0.996908 -0.0785803
    outer loop
      vertex 68.8 37.3815 24.2347
      vertex 66.8 37.4 24
      vertex 68.8 37.4 24
    endloop
  endfacet
  facet normal -0 0.382714 0.923867
    outer loop
      vertex 66.8 22.4365 21.0734
      vertex 68.8 22.219 21.1635
      vertex 68.8 22.4365 21.0734
    endloop
  endfacet
  facet normal 0 0.382714 0.923867
    outer loop
      vertex 68.8 22.219 21.1635
      vertex 66.8 22.4365 21.0734
      vertex 66.8 22.219 21.1635
    endloop
  endfacet
  facet normal 0 -0.64925 0.760575
    outer loop
      vertex 66.8 36.9607 21.4393
      vertex 68.8 36.7817 21.2865
      vertex 68.8 36.9607 21.4393
    endloop
  endfacet
  facet normal 0 -0.64925 0.760575
    outer loop
      vertex 68.8 36.7817 21.2865
      vertex 66.8 36.9607 21.4393
      vertex 66.8 36.7817 21.2865
    endloop
  endfacet
  facet normal 0 1 -0
    outer loop
      vertex 68.8 21.4 22.5
      vertex 66.8 21.4 24
      vertex 68.8 21.4 24
    endloop
  endfacet
  facet normal 0 1 0
    outer loop
      vertex 66.8 21.4 24
      vertex 68.8 21.4 22.5
      vertex 66.8 21.4 22.5
    endloop
  endfacet
  facet normal 0 0.760575 -0.64925
    outer loop
      vertex 68.8 21.6865 24.8817
      vertex 66.8 21.8393 25.0607
      vertex 68.8 21.8393 25.0607
    endloop
  endfacet
  facet normal 0 0.760575 -0.64925
    outer loop
      vertex 66.8 21.8393 25.0607
      vertex 68.8 21.6865 24.8817
      vertex 66.8 21.6865 24.8817
    endloop
  endfacet
  facet normal 0 -0.760575 -0.64925
    outer loop
      vertex 66.8 37.1135 24.8817
      vertex 68.8 36.9607 25.0607
      vertex 66.8 36.9607 25.0607
    endloop
  endfacet
  facet normal 0 -0.760575 -0.64925
    outer loop
      vertex 68.8 36.9607 25.0607
      vertex 66.8 37.1135 24.8817
      vertex 68.8 37.1135 24.8817
    endloop
  endfacet
  facet normal 0 -0.923867 0.382714
    outer loop
      vertex 66.8 37.2365 21.819
      vertex 68.8 37.3266 22.0365
      vertex 66.8 37.3266 22.0365
    endloop
  endfacet
  facet normal 0 -0.923867 0.382714
    outer loop
      vertex 68.8 37.3266 22.0365
      vertex 66.8 37.2365 21.819
      vertex 68.8 37.2365 21.819
    endloop
  endfacet
  facet normal 0 0.85262 0.522532
    outer loop
      vertex 68.8 21.6865 21.6183
      vertex 66.8 21.5635 21.819
      vertex 68.8 21.5635 21.819
    endloop
  endfacet
  facet normal 0 0.85262 0.522532
    outer loop
      vertex 66.8 21.5635 21.819
      vertex 68.8 21.6865 21.6183
      vertex 66.8 21.6865 21.6183
    endloop
  endfacet
  facet normal 0 -1 0
    outer loop
      vertex 66.8 37.4 22.5
      vertex 68.8 37.4 24
      vertex 66.8 37.4 24
    endloop
  endfacet
  facet normal 0 -1 -0
    outer loop
      vertex 68.8 37.4 24
      vertex 66.8 37.4 22.5
      vertex 68.8 37.4 22.5
    endloop
  endfacet
  facet normal 0 0.522532 -0.85262
    outer loop
      vertex 66.8 22.0183 25.2135
      vertex 68.8 22.219 25.3365
      vertex 68.8 22.0183 25.2135
    endloop
  endfacet
  facet normal 0 0.522532 -0.85262
    outer loop
      vertex 68.8 22.219 25.3365
      vertex 66.8 22.0183 25.2135
      vertex 66.8 22.219 25.3365
    endloop
  endfacet
  facet normal 0 -0.85262 0.522532
    outer loop
      vertex 66.8 37.1135 21.6183
      vertex 68.8 37.2365 21.819
      vertex 66.8 37.2365 21.819
    endloop
  endfacet
  facet normal 0 -0.85262 0.522532
    outer loop
      vertex 68.8 37.2365 21.819
      vertex 66.8 37.1135 21.6183
      vertex 68.8 37.1135 21.6183
    endloop
  endfacet
  facet normal 0 0.972399 -0.233325
    outer loop
      vertex 68.8 21.4185 24.2347
      vertex 66.8 21.4734 24.4635
      vertex 68.8 21.4734 24.4635
    endloop
  endfacet
  facet normal 0 0.972399 -0.233325
    outer loop
      vertex 66.8 21.4734 24.4635
      vertex 68.8 21.4185 24.2347
      vertex 66.8 21.4185 24.2347
    endloop
  endfacet
  facet normal 0 0.64925 -0.760575
    outer loop
      vertex 66.8 21.8393 25.0607
      vertex 68.8 22.0183 25.2135
      vertex 68.8 21.8393 25.0607
    endloop
  endfacet
  facet normal 0 0.64925 -0.760575
    outer loop
      vertex 68.8 22.0183 25.2135
      vertex 66.8 21.8393 25.0607
      vertex 66.8 22.0183 25.2135
    endloop
  endfacet
  facet normal 0 -0.64925 -0.760575
    outer loop
      vertex 66.8 36.7817 25.2135
      vertex 68.8 36.9607 25.0607
      vertex 68.8 36.7817 25.2135
    endloop
  endfacet
  facet normal -0 -0.64925 -0.760575
    outer loop
      vertex 68.8 36.9607 25.0607
      vertex 66.8 36.7817 25.2135
      vertex 66.8 36.9607 25.0607
    endloop
  endfacet
  facet normal 0 0.996908 -0.0785803
    outer loop
      vertex 68.8 21.4 24
      vertex 66.8 21.4185 24.2347
      vertex 68.8 21.4185 24.2347
    endloop
  endfacet
  facet normal 0 0.996908 -0.0785803
    outer loop
      vertex 66.8 21.4185 24.2347
      vertex 68.8 21.4 24
      vertex 66.8 21.4 24
    endloop
  endfacet
  facet normal 0 -0.760575 0.64925
    outer loop
      vertex 66.8 36.9607 21.4393
      vertex 68.8 37.1135 21.6183
      vertex 66.8 37.1135 21.6183
    endloop
  endfacet
  facet normal 0 -0.760575 0.64925
    outer loop
      vertex 68.8 37.1135 21.6183
      vertex 66.8 36.9607 21.4393
      vertex 68.8 36.9607 21.4393
    endloop
  endfacet
  facet normal 0 0.382714 -0.923867
    outer loop
      vertex 66.8 22.219 25.3365
      vertex 68.8 22.4365 25.4266
      vertex 68.8 22.219 25.3365
    endloop
  endfacet
  facet normal 0 0.382714 -0.923867
    outer loop
      vertex 68.8 22.4365 25.4266
      vertex 66.8 22.219 25.3365
      vertex 66.8 22.4365 25.4266
    endloop
  endfacet
  facet normal 0 0.85262 -0.522532
    outer loop
      vertex 68.8 21.5635 24.681
      vertex 66.8 21.6865 24.8817
      vertex 68.8 21.6865 24.8817
    endloop
  endfacet
  facet normal 0 0.85262 -0.522532
    outer loop
      vertex 66.8 21.6865 24.8817
      vertex 68.8 21.5635 24.681
      vertex 66.8 21.5635 24.681
    endloop
  endfacet
  facet normal 0 -0.996908 0.0785803
    outer loop
      vertex 66.8 37.3815 22.2653
      vertex 68.8 37.4 22.5
      vertex 66.8 37.4 22.5
    endloop
  endfacet
  facet normal 0 -0.996908 0.0785803
    outer loop
      vertex 68.8 37.4 22.5
      vertex 66.8 37.3815 22.2653
      vertex 68.8 37.3815 22.2653
    endloop
  endfacet
  facet normal 0 -0.85262 -0.522532
    outer loop
      vertex 66.8 37.2365 24.681
      vertex 68.8 37.1135 24.8817
      vertex 66.8 37.1135 24.8817
    endloop
  endfacet
  facet normal 0 -0.85262 -0.522532
    outer loop
      vertex 68.8 37.1135 24.8817
      vertex 66.8 37.2365 24.681
      vertex 68.8 37.2365 24.681
    endloop
  endfacet
  facet normal 0 -0.522532 -0.85262
    outer loop
      vertex 66.8 36.581 25.3365
      vertex 68.8 36.7817 25.2135
      vertex 68.8 36.581 25.3365
    endloop
  endfacet
  facet normal -0 -0.522532 -0.85262
    outer loop
      vertex 68.8 36.7817 25.2135
      vertex 66.8 36.581 25.3365
      vertex 66.8 36.7817 25.2135
    endloop
  endfacet
  facet normal -0.233384 0.972385 0
    outer loop
      vertex 21.7215 12.9741 4.5
      vertex 21.4011 12.8972 6
      vertex 21.7215 12.9741 6
    endloop
  endfacet
  facet normal -0.233384 0.972385 0
    outer loop
      vertex 21.4011 12.8972 6
      vertex 21.7215 12.9741 4.5
      vertex 21.4011 12.8972 4.5
    endloop
  endfacet
  facet normal 0.972385 0.233384 0
    outer loop
      vertex 24.1241 11.2285 6
      vertex 24.0472 11.5489 4.5
      vertex 24.0472 11.5489 6
    endloop
  endfacet
  facet normal 0.972385 0.233384 0
    outer loop
      vertex 24.0472 11.5489 4.5
      vertex 24.1241 11.2285 6
      vertex 24.1241 11.2285 4.5
    endloop
  endfacet
  facet normal 0.996906 0.0785993 0
    outer loop
      vertex 24.15 10.9 6
      vertex 24.1241 11.2285 4.5
      vertex 24.1241 11.2285 6
    endloop
  endfacet
  facet normal 0.996906 0.0785993 0
    outer loop
      vertex 24.1241 11.2285 4.5
      vertex 24.15 10.9 6
      vertex 24.15 10.9 4.5
    endloop
  endfacet
  facet normal -0.852611 -0.522546 0
    outer loop
      vertex 20.3511 9.66565 4.5
      vertex 20.1789 9.94662 6
      vertex 20.1789 9.94662 4.5
    endloop
  endfacet
  facet normal -0.852611 -0.522546 0
    outer loop
      vertex 20.1789 9.94662 6
      vertex 20.3511 9.66565 4.5
      vertex 20.3511 9.66565 6
    endloop
  endfacet
  facet normal -0.522574 -0.852594 0
    outer loop
      vertex 20.8157 9.20106 4.5
      vertex 21.0966 9.02889 6
      vertex 20.8157 9.20106 6
    endloop
  endfacet
  facet normal -0.522574 -0.852594 -0
    outer loop
      vertex 21.0966 9.02889 6
      vertex 20.8157 9.20106 4.5
      vertex 21.0966 9.02889 4.5
    endloop
  endfacet
  facet normal 0.996906 -0.0785993 0
    outer loop
      vertex 24.1241 10.5715 6
      vertex 24.15 10.9 4.5
      vertex 24.15 10.9 6
    endloop
  endfacet
  facet normal 0.996906 -0.0785993 0
    outer loop
      vertex 24.15 10.9 4.5
      vertex 24.1241 10.5715 6
      vertex 24.1241 10.5715 4.5
    endloop
  endfacet
  facet normal 0.0785993 0.996906 -0
    outer loop
      vertex 22.3785 12.9741 4.5
      vertex 22.05 13 6
      vertex 22.3785 12.9741 6
    endloop
  endfacet
  facet normal 0.0785993 0.996906 0
    outer loop
      vertex 22.05 13 6
      vertex 22.3785 12.9741 4.5
      vertex 22.05 13 4.5
    endloop
  endfacet
  facet normal 0.760455 0.649391 0
    outer loop
      vertex 23.7489 12.1343 6
      vertex 23.5349 12.3849 4.5
      vertex 23.5349 12.3849 6
    endloop
  endfacet
  facet normal 0.760455 0.649391 0
    outer loop
      vertex 23.5349 12.3849 4.5
      vertex 23.7489 12.1343 6
      vertex 23.7489 12.1343 4.5
    endloop
  endfacet
  facet normal 0.52264 0.852553 -0
    outer loop
      vertex 23.2843 12.5989 4.5
      vertex 23.0034 12.7711 6
      vertex 23.2843 12.5989 6
    endloop
  endfacet
  facet normal 0.52264 0.852553 0
    outer loop
      vertex 23.0034 12.7711 6
      vertex 23.2843 12.5989 4.5
      vertex 23.0034 12.7711 4.5
    endloop
  endfacet
  facet normal -0.0784485 -0.996918 0
    outer loop
      vertex 21.7215 8.82585 5.5339
      vertex 22.05 8.8 6
      vertex 21.7215 8.82585 6
    endloop
  endfacet
  facet normal -0.0784485 -0.996918 -0
    outer loop
      vertex 22.05 8.8 6
      vertex 21.7215 8.82585 5.5339
      vertex 22.05 8.8 5.52809
    endloop
  endfacet
  facet normal -0.649426 -0.760425 0
    outer loop
      vertex 20.5651 9.41508 4.5
      vertex 20.8157 9.20106 6
      vertex 20.5651 9.41508 6
    endloop
  endfacet
  facet normal -0.649426 -0.760425 -0
    outer loop
      vertex 20.8157 9.20106 6
      vertex 20.5651 9.41508 4.5
      vertex 20.8157 9.20106 4.5
    endloop
  endfacet
  facet normal -0.760455 0.649391 0
    outer loop
      vertex 20.3511 12.1343 4.5
      vertex 20.5651 12.3849 6
      vertex 20.5651 12.3849 4.5
    endloop
  endfacet
  facet normal -0.760455 0.649391 0
    outer loop
      vertex 20.5651 12.3849 6
      vertex 20.3511 12.1343 4.5
      vertex 20.3511 12.1343 6
    endloop
  endfacet
  facet normal -0.0785993 0.996906 0
    outer loop
      vertex 22.05 13 4.5
      vertex 21.7215 12.9741 6
      vertex 22.05 13 6
    endloop
  endfacet
  facet normal -0.0785993 0.996906 0
    outer loop
      vertex 21.7215 12.9741 6
      vertex 22.05 13 4.5
      vertex 21.7215 12.9741 4.5
    endloop
  endfacet
  facet normal 0.852611 -0.522546 0
    outer loop
      vertex 23.7489 9.66565 6
      vertex 23.9211 9.94662 4.5
      vertex 23.9211 9.94662 6
    endloop
  endfacet
  facet normal 0.852611 -0.522546 0
    outer loop
      vertex 23.9211 9.94662 4.5
      vertex 23.7489 9.66565 6
      vertex 23.7489 9.66565 4.5
    endloop
  endfacet
  facet normal 0.972385 -0.233384 0
    outer loop
      vertex 24.0472 10.2511 6
      vertex 24.1241 10.5715 4.5
      vertex 24.1241 10.5715 6
    endloop
  endfacet
  facet normal 0.972385 -0.233384 0
    outer loop
      vertex 24.1241 10.5715 4.5
      vertex 24.0472 10.2511 6
      vertex 24.0472 10.2511 4.5
    endloop
  endfacet
  facet normal 0.852553 0.52264 0
    outer loop
      vertex 23.9211 11.8534 6
      vertex 23.7489 12.1343 4.5
      vertex 23.7489 12.1343 6
    endloop
  endfacet
  facet normal 0.852553 0.52264 0
    outer loop
      vertex 23.7489 12.1343 4.5
      vertex 23.9211 11.8534 6
      vertex 23.9211 11.8534 4.5
    endloop
  endfacet
  facet normal 0.522574 -0.852594 0
    outer loop
      vertex 23.0034 9.02889 4.5
      vertex 23.2843 9.20106 6
      vertex 23.0034 9.02889 6
    endloop
  endfacet
  facet normal 0.522574 -0.852594 0
    outer loop
      vertex 23.2843 9.20106 6
      vertex 23.0034 9.02889 4.5
      vertex 23.2843 9.20106 4.5
    endloop
  endfacet
  facet normal -0.649391 0.760455 0
    outer loop
      vertex 20.8157 12.5989 4.5
      vertex 20.5651 12.3849 6
      vertex 20.8157 12.5989 6
    endloop
  endfacet
  facet normal -0.649391 0.760455 0
    outer loop
      vertex 20.5651 12.3849 6
      vertex 20.8157 12.5989 4.5
      vertex 20.5651 12.3849 4.5
    endloop
  endfacet
  facet normal 0.382637 -0.923899 0
    outer loop
      vertex 22.6989 8.90278 4.5
      vertex 23.0034 9.02889 6
      vertex 22.6989 8.90278 6
    endloop
  endfacet
  facet normal 0.382637 -0.923899 0
    outer loop
      vertex 23.0034 9.02889 6
      vertex 22.6989 8.90278 4.5
      vertex 23.0034 9.02889 4.5
    endloop
  endfacet
  facet normal 0.233384 0.972385 -0
    outer loop
      vertex 22.6989 12.8972 4.5
      vertex 22.3785 12.9741 6
      vertex 22.6989 12.8972 6
    endloop
  endfacet
  facet normal 0.233384 0.972385 0
    outer loop
      vertex 22.3785 12.9741 6
      vertex 22.6989 12.8972 4.5
      vertex 22.3785 12.9741 4.5
    endloop
  endfacet
  facet normal -0.923901 -0.382632 0
    outer loop
      vertex 20.1789 9.94662 4.5
      vertex 20.0528 10.2511 6
      vertex 20.0528 10.2511 4.5
    endloop
  endfacet
  facet normal -0.923901 -0.382632 0
    outer loop
      vertex 20.0528 10.2511 6
      vertex 20.1789 9.94662 4.5
      vertex 20.1789 9.94662 6
    endloop
  endfacet
  facet normal 0.760416 -0.649436 0
    outer loop
      vertex 23.5349 9.41508 6
      vertex 23.7489 9.66565 4.5
      vertex 23.7489 9.66565 6
    endloop
  endfacet
  facet normal 0.760416 -0.649436 0
    outer loop
      vertex 23.7489 9.66565 4.5
      vertex 23.5349 9.41508 6
      vertex 23.5349 9.41508 4.5
    endloop
  endfacet
  facet normal -0.760416 -0.649436 0
    outer loop
      vertex 20.5651 9.41508 4.5
      vertex 20.3511 9.66565 6
      vertex 20.3511 9.66565 4.5
    endloop
  endfacet
  facet normal -0.760416 -0.649436 0
    outer loop
      vertex 20.3511 9.66565 6
      vertex 20.5651 9.41508 4.5
      vertex 20.5651 9.41508 6
    endloop
  endfacet
  facet normal 0.923901 -0.382632 0
    outer loop
      vertex 23.9211 9.94662 6
      vertex 24.0472 10.2511 4.5
      vertex 24.0472 10.2511 6
    endloop
  endfacet
  facet normal 0.923901 -0.382632 0
    outer loop
      vertex 24.0472 10.2511 4.5
      vertex 23.9211 9.94662 6
      vertex 23.9211 9.94662 4.5
    endloop
  endfacet
  facet normal 0.649391 0.760455 -0
    outer loop
      vertex 23.5349 12.3849 4.5
      vertex 23.2843 12.5989 6
      vertex 23.5349 12.3849 6
    endloop
  endfacet
  facet normal 0.649391 0.760455 0
    outer loop
      vertex 23.2843 12.5989 6
      vertex 23.5349 12.3849 4.5
      vertex 23.2843 12.5989 4.5
    endloop
  endfacet
  facet normal 0.382611 0.92391 -0
    outer loop
      vertex 23.0034 12.7711 4.5
      vertex 22.6989 12.8972 6
      vertex 23.0034 12.7711 6
    endloop
  endfacet
  facet normal 0.382611 0.92391 0
    outer loop
      vertex 22.6989 12.8972 6
      vertex 23.0034 12.7711 4.5
      vertex 22.6989 12.8972 4.5
    endloop
  endfacet
  facet normal 0.649426 -0.760425 0
    outer loop
      vertex 23.2843 9.20106 4.5
      vertex 23.5349 9.41508 6
      vertex 23.2843 9.20106 6
    endloop
  endfacet
  facet normal 0.649426 -0.760425 0
    outer loop
      vertex 23.5349 9.41508 6
      vertex 23.2843 9.20106 4.5
      vertex 23.5349 9.41508 4.5
    endloop
  endfacet
  facet normal 0.233471 -0.972364 1.89774e-05
    outer loop
      vertex 22.3785 8.82585 6
      vertex 22.65 8.89103 5.54855
      vertex 22.6989 8.90278 6
    endloop
  endfacet
  facet normal 0.233441 -0.972371 0
    outer loop
      vertex 22.65 8.89103 5.54855
      vertex 22.3785 8.82585 6
      vertex 22.3785 8.82585 5.5339
    endloop
  endfacet
  facet normal 0.233636 -0.972324 0
    outer loop
      vertex 22.6989 8.90278 4.5
      vertex 22.65 8.89103 5.54855
      vertex 22.65 8.89103 4.5
    endloop
  endfacet
  facet normal 0.233636 -0.972324 0
    outer loop
      vertex 22.65 8.89103 5.54855
      vertex 22.6989 8.90278 4.5
      vertex 22.6989 8.90278 6
    endloop
  endfacet
  facet normal -0.382637 -0.923899 0
    outer loop
      vertex 21.0966 9.02889 4.5
      vertex 21.4011 8.90278 6
      vertex 21.0966 9.02889 6
    endloop
  endfacet
  facet normal -0.382637 -0.923899 -0
    outer loop
      vertex 21.4011 8.90278 6
      vertex 21.0966 9.02889 4.5
      vertex 21.4011 8.90278 4.5
    endloop
  endfacet
  facet normal 0.0784485 -0.996918 0
    outer loop
      vertex 22.05 8.8 6
      vertex 22.3785 8.82585 5.5339
      vertex 22.3785 8.82585 6
    endloop
  endfacet
  facet normal 0.0784485 -0.996918 0
    outer loop
      vertex 22.3785 8.82585 5.5339
      vertex 22.05 8.8 6
      vertex 22.05 8.8 5.52809
    endloop
  endfacet
  facet normal 0 0 1
    outer loop
      vertex 20.0528 10.2511 6
      vertex 21.3843 10.6837 6
      vertex 20.0668 10.7776 6
    endloop
  endfacet
  facet normal 0 0 1
    outer loop
      vertex 21.3843 10.6837 6
      vertex 20.0528 10.2511 6
      vertex 20.1789 9.94662 6
    endloop
  endfacet
  facet normal 0 -0 1
    outer loop
      vertex 20.0528 10.2511 6
      vertex 20.0668 10.7776 6
      vertex 19.9966 10.4852 6
    endloop
  endfacet
  facet normal 0 0 1
    outer loop
      vertex 22.75 10.9 6
      vertex 24.15 10.9 6
      vertex 24.1241 11.2285 6
    endloop
  endfacet
  facet normal 0 0 1
    outer loop
      vertex 22.7414 11.0095 6
      vertex 24.1241 11.2285 6
      vertex 24.0472 11.5489 6
    endloop
  endfacet
  facet normal 0 0 1
    outer loop
      vertex 24.15 10.9 6
      vertex 22.75 10.9 6
      vertex 24.1241 10.5715 6
    endloop
  endfacet
  facet normal 0 0 1
    outer loop
      vertex 22.7157 11.1163 6
      vertex 24.0472 11.5489 6
      vertex 23.9211 11.8534 6
    endloop
  endfacet
  facet normal -0 0 1
    outer loop
      vertex 22.7414 10.7905 6
      vertex 24.1241 10.5715 6
      vertex 22.75 10.9 6
    endloop
  endfacet
  facet normal 0 0 1
    outer loop
      vertex 22.6737 11.2178 6
      vertex 23.9211 11.8534 6
      vertex 23.7489 12.1343 6
    endloop
  endfacet
  facet normal 0 0 1
    outer loop
      vertex 24.1241 10.5715 6
      vertex 22.7414 10.7905 6
      vertex 24.0472 10.2511 6
    endloop
  endfacet
  facet normal 0 0 1
    outer loop
      vertex 22.6163 11.3114 6
      vertex 23.7489 12.1343 6
      vertex 23.5349 12.3849 6
    endloop
  endfacet
  facet normal -0 0 1
    outer loop
      vertex 22.7157 10.6837 6
      vertex 24.0472 10.2511 6
      vertex 22.7414 10.7905 6
    endloop
  endfacet
  facet normal 0 0 1
    outer loop
      vertex 22.545 11.395 6
      vertex 23.5349 12.3849 6
      vertex 23.2843 12.5989 6
    endloop
  endfacet
  facet normal 0 0 1
    outer loop
      vertex 24.0472 10.2511 6
      vertex 22.7157 10.6837 6
      vertex 23.9211 9.94662 6
    endloop
  endfacet
  facet normal 0 0 1
    outer loop
      vertex 22.4614 11.4663 6
      vertex 23.2843 12.5989 6
      vertex 23.0034 12.7711 6
    endloop
  endfacet
  facet normal -0 0 1
    outer loop
      vertex 22.6737 10.5822 6
      vertex 23.9211 9.94662 6
      vertex 22.7157 10.6837 6
    endloop
  endfacet
  facet normal 0 0 1
    outer loop
      vertex 23.9211 9.94662 6
      vertex 22.6737 10.5822 6
      vertex 23.7489 9.66565 6
    endloop
  endfacet
  facet normal 0 0 1
    outer loop
      vertex 24.1241 11.2285 6
      vertex 22.7414 11.0095 6
      vertex 22.75 10.9 6
    endloop
  endfacet
  facet normal 0 0 1
    outer loop
      vertex 24.0472 11.5489 6
      vertex 22.7157 11.1163 6
      vertex 22.7414 11.0095 6
    endloop
  endfacet
  facet normal 0 0 1
    outer loop
      vertex 22.3678 11.5237 6
      vertex 23.0034 12.7711 6
      vertex 22.6989 12.8972 6
    endloop
  endfacet
  facet normal 0 0 1
    outer loop
      vertex 23.9211 11.8534 6
      vertex 22.6737 11.2178 6
      vertex 22.7157 11.1163 6
    endloop
  endfacet
  facet normal 0 0 1
    outer loop
      vertex 23.7489 12.1343 6
      vertex 22.6163 11.3114 6
      vertex 22.6737 11.2178 6
    endloop
  endfacet
  facet normal 0 0 1
    outer loop
      vertex 23.5349 12.3849 6
      vertex 22.545 11.395 6
      vertex 22.6163 11.3114 6
    endloop
  endfacet
  facet normal 0 0 1
    outer loop
      vertex 23.2843 12.5989 6
      vertex 22.4614 11.4663 6
      vertex 22.545 11.395 6
    endloop
  endfacet
  facet normal 0 0 1
    outer loop
      vertex 22.2663 11.5657 6
      vertex 22.6989 12.8972 6
      vertex 22.3785 12.9741 6
    endloop
  endfacet
  facet normal 0 0 1
    outer loop
      vertex 23.0034 12.7711 6
      vertex 22.3678 11.5237 6
      vertex 22.4614 11.4663 6
    endloop
  endfacet
  facet normal 0 0 1
    outer loop
      vertex 22.6989 12.8972 6
      vertex 22.2663 11.5657 6
      vertex 22.3678 11.5237 6
    endloop
  endfacet
  facet normal 0 0 1
    outer loop
      vertex 22.3785 12.9741 6
      vertex 22.1595 11.5914 6
      vertex 22.2663 11.5657 6
    endloop
  endfacet
  facet normal 0 0 1
    outer loop
      vertex 22.05 13 6
      vertex 22.1595 11.5914 6
      vertex 22.3785 12.9741 6
    endloop
  endfacet
  facet normal 0 0 1
    outer loop
      vertex 22.05 13 6
      vertex 22.05 11.6 6
      vertex 22.1595 11.5914 6
    endloop
  endfacet
  facet normal 0 0 1
    outer loop
      vertex 22.05 13 6
      vertex 21.9405 11.5914 6
      vertex 22.05 11.6 6
    endloop
  endfacet
  facet normal -0 0 1
    outer loop
      vertex 21.7215 12.9741 6
      vertex 21.9405 11.5914 6
      vertex 22.05 13 6
    endloop
  endfacet
  facet normal 0 0 1
    outer loop
      vertex 21.9405 11.5914 6
      vertex 21.7215 12.9741 6
      vertex 21.8337 11.5657 6
    endloop
  endfacet
  facet normal -0 0 1
    outer loop
      vertex 21.4011 12.8972 6
      vertex 21.8337 11.5657 6
      vertex 21.7215 12.9741 6
    endloop
  endfacet
  facet normal 0 0 1
    outer loop
      vertex 21.8337 11.5657 6
      vertex 21.4011 12.8972 6
      vertex 21.7322 11.5237 6
    endloop
  endfacet
  facet normal -0 0 1
    outer loop
      vertex 21.0966 12.7711 6
      vertex 21.7322 11.5237 6
      vertex 21.4011 12.8972 6
    endloop
  endfacet
  facet normal 0 0 1
    outer loop
      vertex 21.7322 11.5237 6
      vertex 21.0966 12.7711 6
      vertex 21.6385 11.4663 6
    endloop
  endfacet
  facet normal -0 0 1
    outer loop
      vertex 20.8157 12.5989 6
      vertex 21.6385 11.4663 6
      vertex 21.0966 12.7711 6
    endloop
  endfacet
  facet normal 0 0 1
    outer loop
      vertex 21.6385 11.4663 6
      vertex 20.8157 12.5989 6
      vertex 21.555 11.395 6
    endloop
  endfacet
  facet normal -0 0 1
    outer loop
      vertex 20.5651 12.3849 6
      vertex 21.555 11.395 6
      vertex 20.8157 12.5989 6
    endloop
  endfacet
  facet normal 0 0 1
    outer loop
      vertex 21.555 11.395 6
      vertex 20.5651 12.3849 6
      vertex 21.4837 11.3114 6
    endloop
  endfacet
  facet normal -0 0 1
    outer loop
      vertex 20.3511 12.1343 6
      vertex 21.4837 11.3114 6
      vertex 20.5651 12.3849 6
    endloop
  endfacet
  facet normal 0 0 1
    outer loop
      vertex 21.4837 11.3114 6
      vertex 20.3511 12.1343 6
      vertex 21.4263 11.2178 6
    endloop
  endfacet
  facet normal -0 0 1
    outer loop
      vertex 22.6163 10.4886 6
      vertex 23.7489 9.66565 6
      vertex 22.6737 10.5822 6
    endloop
  endfacet
  facet normal 0 0 1
    outer loop
      vertex 23.7489 9.66565 6
      vertex 22.6163 10.4886 6
      vertex 23.5349 9.41508 6
    endloop
  endfacet
  facet normal -0 0 1
    outer loop
      vertex 22.545 10.405 6
      vertex 23.5349 9.41508 6
      vertex 22.6163 10.4886 6
    endloop
  endfacet
  facet normal 0 0 1
    outer loop
      vertex 23.5349 9.41508 6
      vertex 22.545 10.405 6
      vertex 23.2843 9.20106 6
    endloop
  endfacet
  facet normal -0 0 1
    outer loop
      vertex 22.4614 10.3337 6
      vertex 23.2843 9.20106 6
      vertex 22.545 10.405 6
    endloop
  endfacet
  facet normal 0 0 1
    outer loop
      vertex 23.2843 9.20106 6
      vertex 22.4614 10.3337 6
      vertex 23.0034 9.02889 6
    endloop
  endfacet
  facet normal -0 0 1
    outer loop
      vertex 22.3678 10.2763 6
      vertex 23.0034 9.02889 6
      vertex 22.4614 10.3337 6
    endloop
  endfacet
  facet normal 0 0 1
    outer loop
      vertex 23.0034 9.02889 6
      vertex 22.3678 10.2763 6
      vertex 22.6989 8.90278 6
    endloop
  endfacet
  facet normal -0 0 1
    outer loop
      vertex 22.2663 10.2343 6
      vertex 22.6989 8.90278 6
      vertex 22.3678 10.2763 6
    endloop
  endfacet
  facet normal 0 0 1
    outer loop
      vertex 22.6989 8.90278 6
      vertex 22.2663 10.2343 6
      vertex 22.3785 8.82585 6
    endloop
  endfacet
  facet normal -0 0 1
    outer loop
      vertex 22.1595 10.2086 6
      vertex 22.3785 8.82585 6
      vertex 22.2663 10.2343 6
    endloop
  endfacet
  facet normal -0 0 1
    outer loop
      vertex 22.05 10.2 6
      vertex 22.3785 8.82585 6
      vertex 22.1595 10.2086 6
    endloop
  endfacet
  facet normal 0 0 1
    outer loop
      vertex 22.05 10.2 6
      vertex 22.05 8.8 6
      vertex 22.3785 8.82585 6
    endloop
  endfacet
  facet normal 0 0 1
    outer loop
      vertex 21.9405 10.2086 6
      vertex 22.05 8.8 6
      vertex 22.05 10.2 6
    endloop
  endfacet
  facet normal 0 0 1
    outer loop
      vertex 21.7215 8.82585 6
      vertex 21.9405 10.2086 6
      vertex 21.8337 10.2343 6
    endloop
  endfacet
  facet normal 0 0 1
    outer loop
      vertex 21.4011 8.90278 6
      vertex 21.8337 10.2343 6
      vertex 21.7322 10.2763 6
    endloop
  endfacet
  facet normal 0 0 1
    outer loop
      vertex 21.9405 10.2086 6
      vertex 21.7215 8.82585 6
      vertex 22.05 8.8 6
    endloop
  endfacet
  facet normal 0 0 1
    outer loop
      vertex 21.0966 9.02889 6
      vertex 21.7322 10.2763 6
      vertex 21.6385 10.3337 6
    endloop
  endfacet
  facet normal 0 0 1
    outer loop
      vertex 20.8157 9.20106 6
      vertex 21.6385 10.3337 6
      vertex 21.555 10.405 6
    endloop
  endfacet
  facet normal 0 0 1
    outer loop
      vertex 20.5651 9.41508 6
      vertex 21.555 10.405 6
      vertex 21.4837 10.4886 6
    endloop
  endfacet
  facet normal 0 0 1
    outer loop
      vertex 20.3511 9.66565 6
      vertex 21.4837 10.4886 6
      vertex 21.4263 10.5822 6
    endloop
  endfacet
  facet normal 0 0 1
    outer loop
      vertex 21.8337 10.2343 6
      vertex 21.4011 8.90278 6
      vertex 21.7215 8.82585 6
    endloop
  endfacet
  facet normal 0 0 1
    outer loop
      vertex 20.1789 9.94662 6
      vertex 21.4263 10.5822 6
      vertex 21.3843 10.6837 6
    endloop
  endfacet
  facet normal -0 0 1
    outer loop
      vertex 20.0668 10.7776 6
      vertex 21.3843 10.6837 6
      vertex 21.3586 10.7905 6
    endloop
  endfacet
  facet normal 0 0 1
    outer loop
      vertex 20.0668 10.7776 6
      vertex 21.35 10.9 6
      vertex 20.1 11.2 6
    endloop
  endfacet
  facet normal -0 0 1
    outer loop
      vertex 20.1789 11.8534 6
      vertex 21.4263 11.2178 6
      vertex 20.3511 12.1343 6
    endloop
  endfacet
  facet normal 0 0 1
    outer loop
      vertex 21.35 10.9 6
      vertex 20.0668 10.7776 6
      vertex 21.3586 10.7905 6
    endloop
  endfacet
  facet normal -0 0 1
    outer loop
      vertex 20.0694 11.589 6
      vertex 21.4263 11.2178 6
      vertex 20.1789 11.8534 6
    endloop
  endfacet
  facet normal 0 0 1
    outer loop
      vertex 21.7322 10.2763 6
      vertex 21.0966 9.02889 6
      vertex 21.4011 8.90278 6
    endloop
  endfacet
  facet normal 0 -0 1
    outer loop
      vertex 20.1 11.2 6
      vertex 21.4263 11.2178 6
      vertex 20.0694 11.589 6
    endloop
  endfacet
  facet normal 0 0 1
    outer loop
      vertex 21.6385 10.3337 6
      vertex 20.8157 9.20106 6
      vertex 21.0966 9.02889 6
    endloop
  endfacet
  facet normal 0 0 1
    outer loop
      vertex 21.3843 11.1163 6
      vertex 20.1 11.2 6
      vertex 21.3586 11.0095 6
    endloop
  endfacet
  facet normal 0 0 1
    outer loop
      vertex 21.555 10.405 6
      vertex 20.5651 9.41508 6
      vertex 20.8157 9.20106 6
    endloop
  endfacet
  facet normal 0 0 1
    outer loop
      vertex 21.3586 11.0095 6
      vertex 20.1 11.2 6
      vertex 21.35 10.9 6
    endloop
  endfacet
  facet normal 0 0 1
    outer loop
      vertex 21.4837 10.4886 6
      vertex 20.3511 9.66565 6
      vertex 20.5651 9.41508 6
    endloop
  endfacet
  facet normal 0 0 1
    outer loop
      vertex 21.4263 10.5822 6
      vertex 20.1789 9.94662 6
      vertex 20.3511 9.66565 6
    endloop
  endfacet
  facet normal 0 0 1
    outer loop
      vertex 21.4263 11.2178 6
      vertex 20.1 11.2 6
      vertex 21.3843 11.1163 6
    endloop
  endfacet
  facet normal -0.52264 0.852553 0
    outer loop
      vertex 21.0966 12.7711 4.5
      vertex 20.8157 12.5989 6
      vertex 21.0966 12.7711 6
    endloop
  endfacet
  facet normal -0.52264 0.852553 0
    outer loop
      vertex 20.8157 12.5989 6
      vertex 21.0966 12.7711 4.5
      vertex 20.8157 12.5989 4.5
    endloop
  endfacet
  facet normal -0.923902 0.38263 0
    outer loop
      vertex 20.0694 11.589 4.5
      vertex 20.1789 11.8534 6
      vertex 20.1789 11.8534 4.5
    endloop
  endfacet
  facet normal -0.923902 0.38263 0
    outer loop
      vertex 20.1789 11.8534 6
      vertex 20.0694 11.589 4.5
      vertex 20.0694 11.589 6
    endloop
  endfacet
  facet normal -0.972372 -0.233436 0
    outer loop
      vertex 20.0528 10.2511 4.5
      vertex 19.9966 10.4852 6
      vertex 19.9966 10.4852 4.5
    endloop
  endfacet
  facet normal -0.972372 -0.233436 0
    outer loop
      vertex 19.9966 10.4852 6
      vertex 20.0528 10.2511 4.5
      vertex 20.0528 10.2511 6
    endloop
  endfacet
  facet normal -0.382611 0.92391 0
    outer loop
      vertex 21.4011 12.8972 4.5
      vertex 21.0966 12.7711 6
      vertex 21.4011 12.8972 6
    endloop
  endfacet
  facet normal -0.382611 0.92391 0
    outer loop
      vertex 21.0966 12.7711 6
      vertex 21.4011 12.8972 4.5
      vertex 21.0966 12.7711 4.5
    endloop
  endfacet
  facet normal 0.92391 0.382611 0
    outer loop
      vertex 24.0472 11.5489 6
      vertex 23.9211 11.8534 4.5
      vertex 23.9211 11.8534 6
    endloop
  endfacet
  facet normal 0.92391 0.382611 0
    outer loop
      vertex 23.9211 11.8534 4.5
      vertex 24.0472 11.5489 6
      vertex 24.0472 11.5489 4.5
    endloop
  endfacet
  facet normal -0.233471 -0.972364 1.89774e-05
    outer loop
      vertex 21.4011 8.90278 6
      vertex 21.45 8.89103 5.54855
      vertex 21.7215 8.82585 6
    endloop
  endfacet
  facet normal -0.233636 -0.972324 0
    outer loop
      vertex 21.4011 8.90278 4.5
      vertex 21.45 8.89103 5.54855
      vertex 21.4011 8.90278 6
    endloop
  endfacet
  facet normal -0.233636 -0.972324 -0
    outer loop
      vertex 21.45 8.89103 5.54855
      vertex 21.4011 8.90278 4.5
      vertex 21.45 8.89103 4.5
    endloop
  endfacet
  facet normal -0.233441 -0.972371 -0
    outer loop
      vertex 21.7215 8.82585 6
      vertex 21.45 8.89103 5.54855
      vertex 21.7215 8.82585 5.5339
    endloop
  endfacet
  facet normal -0.852553 0.52264 0
    outer loop
      vertex 20.1789 11.8534 4.5
      vertex 20.3511 12.1343 6
      vertex 20.3511 12.1343 4.5
    endloop
  endfacet
  facet normal -0.852553 0.52264 0
    outer loop
      vertex 20.3511 12.1343 6
      vertex 20.1789 11.8534 4.5
      vertex 20.1789 11.8534 6
    endloop
  endfacet
  facet normal -0.791943 -0.485364 0.37047
    outer loop
      vertex 19.9838 9.84724 3.95274
      vertex 20.3511 9.66565 4.5
      vertex 20.1789 9.94662 4.5
    endloop
  endfacet
  facet normal -0.791934 -0.48539 0.370455
    outer loop
      vertex 20.3511 9.66565 4.5
      vertex 19.9838 9.84724 3.95274
      vertex 19.9838 9.60589 3.63651
    endloop
  endfacet
  facet normal 0.791914 0.485466 0.370399
    outer loop
      vertex 24.8121 12.3074 2
      vertex 23.7489 12.1343 4.5
      vertex 23.9211 11.8534 4.5
    endloop
  endfacet
  facet normal 0.925999 0.0730087 0.3704
    outer loop
      vertex 25.15 10.9 2
      vertex 24.1241 11.2285 4.5
      vertex 24.15 10.9 4.5
    endloop
  endfacet
  facet normal 0.926 0.0729495 0.370408
    outer loop
      vertex 25.1118 11.3849 2
      vertex 24.1241 11.2285 4.5
      vertex 25.15 10.9 2
    endloop
  endfacet
  facet normal 0.485391 -0.791957 0.370405
    outer loop
      vertex 23.8721 8.39205 2
      vertex 23.2843 9.20106 4.5
      vertex 23.4574 8.13788 2
    endloop
  endfacet
  facet normal 0.21702 -0.903171 0.370385
    outer loop
      vertex 22.65 8.44883 3.42171
      vertex 22.6989 8.90278 4.5
      vertex 22.65 8.89103 4.5
    endloop
  endfacet
  facet normal 0.216839 -0.903205 0.370407
    outer loop
      vertex 22.6989 8.90278 4.5
      vertex 22.65 8.44883 3.42171
      vertex 23.008 7.95173 2
    endloop
  endfacet
  facet normal -0.485466 0.791914 0.370399
    outer loop
      vertex 21.0966 12.7711 4.5
      vertex 20.6426 13.6621 2
      vertex 20.8157 12.5989 4.5
    endloop
  endfacet
  facet normal 0.603202 0.706366 0.370398
    outer loop
      vertex 24.242 13.092 2
      vertex 23.2843 12.5989 4.5
      vertex 23.5349 12.3849 4.5
    endloop
  endfacet
  facet normal -0.85833 0.355156 0.370315
    outer loop
      vertex 20.0963 11.8955 4.26817
      vertex 20.093 11.8537 4.30061
      vertex 20.1789 11.8534 4.5
    endloop
  endfacet
  facet normal -0.903241 -0.21684 0.370318
    outer loop
      vertex 19.9966 10.3724 4.43395
      vertex 20.0528 10.2511 4.5
      vertex 19.9966 10.4852 4.5
    endloop
  endfacet
  facet normal -0.903207 -0.21675 0.370454
    outer loop
      vertex 19.9966 10.3563 4.42453
      vertex 20.0528 10.2511 4.5
      vertex 19.9966 10.3724 4.43395
    endloop
  endfacet
  facet normal -0.902916 -0.215609 0.371827
    outer loop
      vertex 19.9948 10.3344 4.40746
      vertex 20.0528 10.2511 4.5
      vertex 19.9966 10.3563 4.42453
    endloop
  endfacet
  facet normal -0.903091 -0.217296 0.370418
    outer loop
      vertex 20.0528 10.2511 4.5
      vertex 19.9948 10.3344 4.40746
      vertex 19.9866 10.2296 4.32599
    endloop
  endfacet
  facet normal 0.355392 0.858184 0.370428
    outer loop
      vertex 23.008 13.8483 2
      vertex 22.6989 12.8972 4.5
      vertex 23.0034 12.7711 4.5
    endloop
  endfacet
  facet normal 0.485466 0.791914 0.370399
    outer loop
      vertex 23.4574 13.6621 2
      vertex 23.0034 12.7711 4.5
      vertex 23.2843 12.5989 4.5
    endloop
  endfacet
  facet normal 0.903213 0.216782 0.370421
    outer loop
      vertex 24.9983 11.858 2
      vertex 24.0472 11.5489 4.5
      vertex 24.1241 11.2285 4.5
    endloop
  endfacet
  facet normal -0.858218 0.355477 0.370267
    outer loop
      vertex 20.0749 11.6237 4.47947
      vertex 20.1789 11.8534 4.5
      vertex 20.093 11.8537 4.30061
    endloop
  endfacet
  facet normal -0.858055 0.355359 0.370758
    outer loop
      vertex 20.1789 11.8534 4.5
      vertex 20.0749 11.6237 4.47947
      vertex 20.0694 11.589 4.5
    endloop
  endfacet
  facet normal -0.21702 -0.903171 0.370385
    outer loop
      vertex 21.4011 8.90278 4.5
      vertex 21.45 8.44883 3.42171
      vertex 21.45 8.89103 4.5
    endloop
  endfacet
  facet normal -0.216839 -0.903205 0.370407
    outer loop
      vertex 21.45 8.44883 3.42171
      vertex 21.4011 8.90278 4.5
      vertex 21.092 7.95173 2
    endloop
  endfacet
  facet normal 0.216693 0.90324 0.370408
    outer loop
      vertex 22.5349 13.9618 2
      vertex 22.3785 12.9741 4.5
      vertex 23.008 13.8483 2
    endloop
  endfacet
  facet normal 0.355467 -0.858163 0.370405
    outer loop
      vertex 23.4574 8.13788 2
      vertex 23.0034 9.02889 4.5
      vertex 23.008 7.95173 2
    endloop
  endfacet
  facet normal 0.355549 0.858129 0.370405
    outer loop
      vertex 23.008 13.8483 2
      vertex 23.0034 12.7711 4.5
      vertex 23.4574 13.6621 2
    endloop
  endfacet
  facet normal 0.791967 -0.485378 0.3704
    outer loop
      vertex 23.9211 9.94662 4.5
      vertex 23.7489 9.66565 4.5
      vertex 24.8121 9.49263 2
    endloop
  endfacet
  facet normal 0.0730087 0.925999 0.3704
    outer loop
      vertex 22.05 14 2
      vertex 22.05 13 4.5
      vertex 22.3785 12.9741 4.5
    endloop
  endfacet
  facet normal 0.485404 -0.79195 0.370403
    outer loop
      vertex 23.2843 9.20106 4.5
      vertex 23.0034 9.02889 4.5
      vertex 23.4574 8.13788 2
    endloop
  endfacet
  facet normal 0.706242 0.603332 0.370423
    outer loop
      vertex 24.242 13.092 2
      vertex 23.7489 12.1343 4.5
      vertex 24.558 12.7221 2
    endloop
  endfacet
  facet normal -0.603209 -0.706325 0.370466
    outer loop
      vertex 20.2279 8.39205 2
      vertex 19.9951 8.77855 2.35784
      vertex 20.0099 8.59012 2.02268
    endloop
  endfacet
  facet normal -0.603259 -0.706362 0.370311
    outer loop
      vertex 20.2279 8.39205 2
      vertex 20.0099 8.59012 2.02268
      vertex 20.0099 8.57823 2
    endloop
  endfacet
  facet normal -0.60327 -0.706304 0.370404
    outer loop
      vertex 19.9951 8.77855 2.35784
      vertex 20.2279 8.39205 2
      vertex 20.8157 9.20106 4.5
    endloop
  endfacet
  facet normal 0.858178 -0.355413 0.370421
    outer loop
      vertex 24.0472 10.2511 4.5
      vertex 23.9211 9.94662 4.5
      vertex 24.9983 9.94205 2
    endloop
  endfacet
  facet normal 0.90324 0.216693 0.370408
    outer loop
      vertex 24.9983 11.858 2
      vertex 24.1241 11.2285 4.5
      vertex 25.1118 11.3849 2
    endloop
  endfacet
  facet normal -0.485231 0.79204 0.370436
    outer loop
      vertex 20.6426 13.6621 2
      vertex 20.2946 13.3161 2.28395
      vertex 20.8157 12.5989 4.5
    endloop
  endfacet
  facet normal -0.485726 0.792027 0.369815
    outer loop
      vertex 20.2946 13.3161 2.28395
      vertex 20.6426 13.6621 2
      vertex 20.3003 13.352 2.21455
    endloop
  endfacet
  facet normal -0.485397 0.792001 0.370302
    outer loop
      vertex 20.3003 13.352 2.21455
      vertex 20.6426 13.6621 2
      vertex 20.3179 13.4631 2
    endloop
  endfacet
  facet normal 0.603248 -0.706323 0.370405
    outer loop
      vertex 24.242 8.70797 2
      vertex 23.2843 9.20106 4.5
      vertex 23.8721 8.39205 2
    endloop
  endfacet
  facet normal 0.0729495 0.926 0.370408
    outer loop
      vertex 22.5349 13.9618 2
      vertex 22.05 14 2
      vertex 22.3785 12.9741 4.5
    endloop
  endfacet
  facet normal 0.216821 -0.90321 0.370405
    outer loop
      vertex 22.65 8.44883 3.42171
      vertex 22.65 7.86579 2
      vertex 23.008 7.95173 2
    endloop
  endfacet
  facet normal 0.355419 -0.858179 0.370413
    outer loop
      vertex 23.0034 9.02889 4.5
      vertex 22.6989 8.90278 4.5
      vertex 23.008 7.95173 2
    endloop
  endfacet
  facet normal 0.485289 0.792009 0.370427
    outer loop
      vertex 23.4574 13.6621 2
      vertex 23.2843 12.5989 4.5
      vertex 23.8721 13.408 2
    endloop
  endfacet
  facet normal 0.903235 -0.216715 0.370408
    outer loop
      vertex 25.1118 10.4151 2
      vertex 24.1241 10.5715 4.5
      vertex 24.9983 9.94205 2
    endloop
  endfacet
  facet normal -0.706779 0.602693 0.370438
    outer loop
      vertex 20.1958 12.6245 3.40557
      vertex 20.5651 12.3849 4.5
      vertex 20.2052 12.7448 3.22778
    endloop
  endfacet
  facet normal -0.706092 0.603528 0.370389
    outer loop
      vertex 20.1729 12.4803 3.59688
      vertex 20.5651 12.3849 4.5
      vertex 20.1958 12.6245 3.40557
    endloop
  endfacet
  facet normal -0.706346 0.603185 0.370463
    outer loop
      vertex 20.5651 12.3849 4.5
      vertex 20.1729 12.4803 3.59688
      vertex 20.3511 12.1343 4.5
    endloop
  endfacet
  facet normal -0.216693 0.90324 0.370408
    outer loop
      vertex 21.5651 13.9618 2
      vertex 21.092 13.8483 2
      vertex 21.7215 12.9741 4.5
    endloop
  endfacet
  facet normal 0.792009 0.485289 0.370427
    outer loop
      vertex 24.558 12.7221 2
      vertex 23.7489 12.1343 4.5
      vertex 24.8121 12.3074 2
    endloop
  endfacet
  facet normal -0.485391 -0.791957 0.370405
    outer loop
      vertex 20.8157 9.20106 4.5
      vertex 20.2279 8.39205 2
      vertex 20.6426 8.13788 2
    endloop
  endfacet
  facet normal 0.603332 0.706242 0.370423
    outer loop
      vertex 23.8721 13.408 2
      vertex 23.2843 12.5989 4.5
      vertex 24.242 13.092 2
    endloop
  endfacet
  facet normal 0.926 -0.0729495 0.370408
    outer loop
      vertex 25.15 10.9 2
      vertex 24.1241 10.5715 4.5
      vertex 25.1118 10.4151 2
    endloop
  endfacet
  facet normal 0.925999 -0.0730087 0.3704
    outer loop
      vertex 24.15 10.9 4.5
      vertex 24.1241 10.5715 4.5
      vertex 25.15 10.9 2
    endloop
  endfacet
  facet normal -0.706326 -0.60324 0.370412
    outer loop
      vertex 19.9902 8.96478 2.6704
      vertex 20.5651 9.41508 4.5
      vertex 20.3511 9.66565 4.5
    endloop
  endfacet
  facet normal -0.706293 -0.603279 0.370411
    outer loop
      vertex 20.5651 9.41508 4.5
      vertex 19.9902 8.96478 2.6704
      vertex 19.9902 8.8402 2.4675
    endloop
  endfacet
  facet normal -0.705989 -0.603623 0.37043
    outer loop
      vertex 19.9902 9.31811 3.24585
      vertex 20.3511 9.66565 4.5
      vertex 19.9838 9.39885 3.36522
    endloop
  endfacet
  facet normal -0.706276 -0.603294 0.370421
    outer loop
      vertex 19.9902 9.12397 2.92966
      vertex 20.3511 9.66565 4.5
      vertex 19.9902 9.31811 3.24585
    endloop
  endfacet
  facet normal -0.706297 -0.60327 0.370418
    outer loop
      vertex 20.3511 9.66565 4.5
      vertex 19.9902 9.12397 2.92966
      vertex 19.9902 8.96478 2.6704
    endloop
  endfacet
  facet normal -0.603303 0.706258 0.370438
    outer loop
      vertex 20.8157 12.5989 4.5
      vertex 20.2935 13.3023 2.30847
      vertex 20.2299 12.9005 2.97094
    endloop
  endfacet
  facet normal -0.603268 0.706288 0.37044
    outer loop
      vertex 20.2935 13.3023 2.30847
      vertex 20.8157 12.5989 4.5
      vertex 20.2946 13.3161 2.28395
    endloop
  endfacet
  facet normal -0.858167 -0.355463 0.3704
    outer loop
      vertex 19.9866 9.88207 3.99252
      vertex 20.1789 9.94662 4.5
      vertex 19.9866 9.9458 4.05368
    endloop
  endfacet
  facet normal -0.858736 -0.354047 0.370436
    outer loop
      vertex 20.1789 9.94662 4.5
      vertex 19.9866 9.88207 3.99252
      vertex 19.9838 9.84724 3.95274
    endloop
  endfacet
  facet normal -0.603187 0.706348 0.370456
    outer loop
      vertex 20.8157 12.5989 4.5
      vertex 20.2052 12.7448 3.22778
      vertex 20.5651 12.3849 4.5
    endloop
  endfacet
  facet normal -0.602778 0.706774 0.370309
    outer loop
      vertex 20.8157 12.5989 4.5
      vertex 20.2203 12.84 3.07066
      vertex 20.2052 12.7448 3.22778
    endloop
  endfacet
  facet normal -0.603266 0.706293 0.370431
    outer loop
      vertex 20.2203 12.84 3.07066
      vertex 20.8157 12.5989 4.5
      vertex 20.2299 12.9005 2.97094
    endloop
  endfacet
  facet normal -0.0729495 0.926 0.370408
    outer loop
      vertex 22.05 14 2
      vertex 21.5651 13.9618 2
      vertex 21.7215 12.9741 4.5
    endloop
  endfacet
  facet normal -0.216821 -0.90321 0.370405
    outer loop
      vertex 21.45 8.44883 3.42171
      vertex 21.092 7.95173 2
      vertex 21.45 7.86579 2
    endloop
  endfacet
  facet normal -0.355419 -0.858179 0.370413
    outer loop
      vertex 21.0966 9.02889 4.5
      vertex 21.092 7.95173 2
      vertex 21.4011 8.90278 4.5
    endloop
  endfacet
  facet normal -0.216782 0.903213 0.370421
    outer loop
      vertex 21.7215 12.9741 4.5
      vertex 21.092 13.8483 2
      vertex 21.4011 12.8972 4.5
    endloop
  endfacet
  facet normal -0.858186 -0.355417 0.3704
    outer loop
      vertex 19.9866 10.2296 4.32599
      vertex 20.1789 9.94662 4.5
      vertex 20.0528 10.2511 4.5
    endloop
  endfacet
  facet normal -0.858185 -0.355411 0.370408
    outer loop
      vertex 20.1789 9.94662 4.5
      vertex 19.9866 10.2296 4.32599
      vertex 19.9866 9.9458 4.05368
    endloop
  endfacet
  facet normal -0.7916 0.485933 0.370457
    outer loop
      vertex 20.1379 12.2316 3.9168
      vertex 20.3511 12.1343 4.5
      vertex 20.1422 12.2861 3.8545
    endloop
  endfacet
  facet normal -0.7919 0.485425 0.370482
    outer loop
      vertex 20.3511 12.1343 4.5
      vertex 20.1379 12.2316 3.9168
      vertex 20.133 12.1698 3.9873
    endloop
  endfacet
  facet normal 0.858135 -0.355536 0.370403
    outer loop
      vertex 24.9983 9.94205 2
      vertex 23.9211 9.94662 4.5
      vertex 24.8121 9.49263 2
    endloop
  endfacet
  facet normal 0.216782 0.903213 0.370421
    outer loop
      vertex 23.008 13.8483 2
      vertex 22.3785 12.9741 4.5
      vertex 22.6989 12.8972 4.5
    endloop
  endfacet
  facet normal 0.858184 0.355392 0.370428
    outer loop
      vertex 24.9983 11.858 2
      vertex 23.9211 11.8534 4.5
      vertex 24.0472 11.5489 4.5
    endloop
  endfacet
  facet normal 0.858129 0.355549 0.370405
    outer loop
      vertex 24.8121 12.3074 2
      vertex 23.9211 11.8534 4.5
      vertex 24.9983 11.858 2
    endloop
  endfacet
  facet normal 0.792042 -0.485239 0.370422
    outer loop
      vertex 24.8121 9.49263 2
      vertex 23.7489 9.66565 4.5
      vertex 24.558 9.07787 2
    endloop
  endfacet
  facet normal 0.706366 0.603202 0.370398
    outer loop
      vertex 24.242 13.092 2
      vertex 23.5349 12.3849 4.5
      vertex 23.7489 12.1343 4.5
    endloop
  endfacet
  facet normal 0.706243 -0.603333 0.370419
    outer loop
      vertex 24.558 9.07787 2
      vertex 23.7489 9.66565 4.5
      vertex 24.242 8.70797 2
    endloop
  endfacet
  facet normal 0.706329 -0.603242 0.370402
    outer loop
      vertex 23.7489 9.66565 4.5
      vertex 23.5349 9.41508 4.5
      vertex 24.242 8.70797 2
    endloop
  endfacet
  facet normal 0.603233 -0.706337 0.370402
    outer loop
      vertex 23.5349 9.41508 4.5
      vertex 23.2843 9.20106 4.5
      vertex 24.242 8.70797 2
    endloop
  endfacet
  facet normal -0.79177 0.485667 0.370443
    outer loop
      vertex 20.1264 12.0859 4.08319
      vertex 20.3511 12.1343 4.5
      vertex 20.133 12.1698 3.9873
    endloop
  endfacet
  facet normal -0.792194 0.484715 0.370783
    outer loop
      vertex 20.1129 12.0002 4.16638
      vertex 20.3511 12.1343 4.5
      vertex 20.1264 12.0859 4.08319
    endloop
  endfacet
  facet normal -0.791933 0.485535 0.370266
    outer loop
      vertex 20.0963 11.8955 4.26817
      vertex 20.3511 12.1343 4.5
      vertex 20.1129 12.0002 4.16638
    endloop
  endfacet
  facet normal -0.791938 0.485481 0.370327
    outer loop
      vertex 20.3511 12.1343 4.5
      vertex 20.0963 11.8955 4.26817
      vertex 20.1789 11.8534 4.5
    endloop
  endfacet
  facet normal -0.0730087 0.925999 0.3704
    outer loop
      vertex 22.05 14 2
      vertex 21.7215 12.9741 4.5
      vertex 22.05 13 4.5
    endloop
  endfacet
  facet normal -0.355549 0.858129 0.370405
    outer loop
      vertex 21.092 13.8483 2
      vertex 20.6426 13.6621 2
      vertex 21.0966 12.7711 4.5
    endloop
  endfacet
  facet normal -0.791902 -0.48545 0.370445
    outer loop
      vertex 19.9838 9.57967 3.60215
      vertex 20.3511 9.66565 4.5
      vertex 19.9838 9.60589 3.63651
    endloop
  endfacet
  facet normal -0.791926 -0.485406 0.370451
    outer loop
      vertex 20.3511 9.66565 4.5
      vertex 19.9838 9.57967 3.60215
      vertex 19.9838 9.39885 3.36522
    endloop
  endfacet
  facet normal -0.706428 0.603099 0.370447
    outer loop
      vertex 20.1729 12.4803 3.59688
      vertex 20.1422 12.2861 3.8545
      vertex 20.3511 12.1343 4.5
    endloop
  endfacet
  facet normal -0.355392 0.858184 0.370428
    outer loop
      vertex 21.4011 12.8972 4.5
      vertex 21.092 13.8483 2
      vertex 21.0966 12.7711 4.5
    endloop
  endfacet
  facet normal 0.903214 -0.216783 0.370418
    outer loop
      vertex 24.1241 10.5715 4.5
      vertex 24.0472 10.2511 4.5
      vertex 24.9983 9.94205 2
    endloop
  endfacet
  facet normal -0.355467 -0.858163 0.370405
    outer loop
      vertex 21.0966 9.02889 4.5
      vertex 20.6426 8.13788 2
      vertex 21.092 7.95173 2
    endloop
  endfacet
  facet normal -0.485404 -0.79195 0.370403
    outer loop
      vertex 20.8157 9.20106 4.5
      vertex 20.6426 8.13788 2
      vertex 21.0966 9.02889 4.5
    endloop
  endfacet
  facet normal -0.603232 -0.706335 0.370409
    outer loop
      vertex 19.9902 8.8402 2.4675
      vertex 20.8157 9.20106 4.5
      vertex 20.5651 9.41508 4.5
    endloop
  endfacet
  facet normal -0.602908 -0.706651 0.370333
    outer loop
      vertex 20.8157 9.20106 4.5
      vertex 19.9902 8.8402 2.4675
      vertex 19.9951 8.77855 2.35784
    endloop
  endfacet
  facet normal -1 0 0
    outer loop
      vertex 21.45 8.44883 3.42171
      vertex 21.45 8.89103 5.54855
      vertex 21.45 8.89103 4.5
    endloop
  endfacet
  facet normal -1 0 0
    outer loop
      vertex 21.45 2 4
      vertex 21.45 8.44883 3.42171
      vertex 21.45 7.86579 2
    endloop
  endfacet
  facet normal -1 0 0
    outer loop
      vertex 21.45 2 4
      vertex 21.45 7.86579 2
      vertex 21.45 2 2
    endloop
  endfacet
  facet normal -1 0 0
    outer loop
      vertex 21.45 8.44883 3.42171
      vertex 21.45 2 4
      vertex 21.45 8.89103 5.54855
    endloop
  endfacet
  facet normal -9.96077e-06 -0.219252 0.975668
    outer loop
      vertex 22.3785 8.82585 5.5339
      vertex 22.65 2 4
      vertex 22.65 8.89103 5.54855
    endloop
  endfacet
  facet normal -2.98147e-06 -0.219252 0.975668
    outer loop
      vertex 22.05 8.8 5.52809
      vertex 22.65 2 4
      vertex 22.3785 8.82585 5.5339
    endloop
  endfacet
  facet normal 2.98147e-06 -0.219252 0.975668
    outer loop
      vertex 21.45 2 4
      vertex 22.05 8.8 5.52809
      vertex 21.7215 8.82585 5.5339
    endloop
  endfacet
  facet normal 9.96077e-06 -0.219252 0.975668
    outer loop
      vertex 21.45 2 4
      vertex 21.7215 8.82585 5.5339
      vertex 21.45 8.89103 5.54855
    endloop
  endfacet
  facet normal 0 -0.219251 0.975668
    outer loop
      vertex 22.05 8.8 5.52809
      vertex 21.45 2 4
      vertex 22.65 2 4
    endloop
  endfacet
  facet normal 0 -1 0
    outer loop
      vertex 21.45 2 2
      vertex 22.65 2 4
      vertex 21.45 2 4
    endloop
  endfacet
  facet normal 0 -1 -0
    outer loop
      vertex 22.65 2 4
      vertex 21.45 2 2
      vertex 22.65 2 2
    endloop
  endfacet
  facet normal 1 0 0
    outer loop
      vertex 22.65 8.89103 5.54855
      vertex 22.65 8.44883 3.42171
      vertex 22.65 8.89103 4.5
    endloop
  endfacet
  facet normal 1 -0 0
    outer loop
      vertex 22.65 2 4
      vertex 22.65 8.44883 3.42171
      vertex 22.65 8.89103 5.54855
    endloop
  endfacet
  facet normal 1 0 0
    outer loop
      vertex 22.65 8.44883 3.42171
      vertex 22.65 2 4
      vertex 22.65 7.86579 2
    endloop
  endfacet
  facet normal 1 0 0
    outer loop
      vertex 22.65 7.86579 2
      vertex 22.65 2 4
      vertex 22.65 2 2
    endloop
  endfacet
  facet normal -0.972247 -0.233958 0
    outer loop
      vertex 22.7414 11.0095 2
      vertex 22.7157 11.1163 6
      vertex 22.7157 11.1163 2
    endloop
  endfacet
  facet normal -0.972247 -0.233958 0
    outer loop
      vertex 22.7157 11.1163 6
      vertex 22.7414 11.0095 2
      vertex 22.7414 11.0095 6
    endloop
  endfacet
  facet normal -0.99693 -0.0782977 0
    outer loop
      vertex 22.75 10.9 2
      vertex 22.7414 11.0095 6
      vertex 22.7414 11.0095 2
    endloop
  endfacet
  facet normal -0.99693 -0.0782977 0
    outer loop
      vertex 22.7414 11.0095 6
      vertex 22.75 10.9 2
      vertex 22.75 10.9 6
    endloop
  endfacet
  facet normal -0.382352 0.924017 0
    outer loop
      vertex 22.3678 10.2763 2
      vertex 22.2663 10.2343 6
      vertex 22.3678 10.2763 6
    endloop
  endfacet
  facet normal -0.382352 0.924017 0
    outer loop
      vertex 22.2663 10.2343 6
      vertex 22.3678 10.2763 2
      vertex 22.2663 10.2343 2
    endloop
  endfacet
  facet normal 0.924017 0.382352 0
    outer loop
      vertex 21.4263 10.5822 6
      vertex 21.3843 10.6837 2
      vertex 21.3843 10.6837 6
    endloop
  endfacet
  facet normal 0.924017 0.382352 0
    outer loop
      vertex 21.3843 10.6837 2
      vertex 21.4263 10.5822 6
      vertex 21.4263 10.5822 2
    endloop
  endfacet
  facet normal 0.52237 -0.852719 0
    outer loop
      vertex 21.6385 11.4663 2
      vertex 21.7322 11.5237 6
      vertex 21.6385 11.4663 6
    endloop
  endfacet
  facet normal 0.52237 -0.852719 0
    outer loop
      vertex 21.7322 11.5237 6
      vertex 21.6385 11.4663 2
      vertex 21.7322 11.5237 2
    endloop
  endfacet
  facet normal -0.972247 0.233958 0
    outer loop
      vertex 22.7157 10.6837 2
      vertex 22.7414 10.7905 6
      vertex 22.7414 10.7905 2
    endloop
  endfacet
  facet normal -0.972247 0.233958 0
    outer loop
      vertex 22.7414 10.7905 6
      vertex 22.7157 10.6837 2
      vertex 22.7157 10.6837 6
    endloop
  endfacet
  facet normal -0.648916 -0.76086 0
    outer loop
      vertex 22.4614 11.4663 2
      vertex 22.545 11.395 6
      vertex 22.4614 11.4663 6
    endloop
  endfacet
  facet normal -0.648916 -0.76086 -0
    outer loop
      vertex 22.545 11.395 6
      vertex 22.4614 11.4663 2
      vertex 22.545 11.395 2
    endloop
  endfacet
  facet normal 0.99693 -0.0782977 0
    outer loop
      vertex 21.35 10.9 6
      vertex 21.3586 11.0095 2
      vertex 21.3586 11.0095 6
    endloop
  endfacet
  facet normal 0.99693 -0.0782977 0
    outer loop
      vertex 21.3586 11.0095 2
      vertex 21.35 10.9 6
      vertex 21.35 10.9 2
    endloop
  endfacet
  facet normal 0.972247 0.233958 0
    outer loop
      vertex 21.3843 10.6837 6
      vertex 21.3586 10.7905 2
      vertex 21.3586 10.7905 6
    endloop
  endfacet
  facet normal 0.972247 0.233958 0
    outer loop
      vertex 21.3586 10.7905 2
      vertex 21.3843 10.6837 6
      vertex 21.3843 10.6837 2
    endloop
  endfacet
  facet normal 0.972247 -0.233958 0
    outer loop
      vertex 21.3586 11.0095 6
      vertex 21.3843 11.1163 2
      vertex 21.3843 11.1163 6
    endloop
  endfacet
  facet normal 0.972247 -0.233958 0
    outer loop
      vertex 21.3843 11.1163 2
      vertex 21.3586 11.0095 6
      vertex 21.3586 11.0095 2
    endloop
  endfacet
  facet normal 0.649365 0.760477 -0
    outer loop
      vertex 21.6385 10.3337 2
      vertex 21.555 10.405 6
      vertex 21.6385 10.3337 6
    endloop
  endfacet
  facet normal 0.649365 0.760477 0
    outer loop
      vertex 21.555 10.405 6
      vertex 21.6385 10.3337 2
      vertex 21.555 10.405 2
    endloop
  endfacet
  facet normal -0.233958 0.972247 0
    outer loop
      vertex 22.2663 10.2343 2
      vertex 22.1595 10.2086 6
      vertex 22.2663 10.2343 6
    endloop
  endfacet
  facet normal -0.233958 0.972247 0
    outer loop
      vertex 22.1595 10.2086 6
      vertex 22.2663 10.2343 2
      vertex 22.1595 10.2086 2
    endloop
  endfacet
  facet normal 0.649365 -0.760477 0
    outer loop
      vertex 21.555 11.395 2
      vertex 21.6385 11.4663 6
      vertex 21.555 11.395 6
    endloop
  endfacet
  facet normal 0.649365 -0.760477 0
    outer loop
      vertex 21.6385 11.4663 6
      vertex 21.555 11.395 2
      vertex 21.6385 11.4663 2
    endloop
  endfacet
  facet normal 0.924017 -0.382352 0
    outer loop
      vertex 21.3843 11.1163 6
      vertex 21.4263 11.2178 2
      vertex 21.4263 11.2178 6
    endloop
  endfacet
  facet normal 0.924017 -0.382352 0
    outer loop
      vertex 21.4263 11.2178 2
      vertex 21.3843 11.1163 6
      vertex 21.3843 11.1163 2
    endloop
  endfacet
  facet normal -0.76086 -0.648916 0
    outer loop
      vertex 22.6163 11.3114 2
      vertex 22.545 11.395 6
      vertex 22.545 11.395 2
    endloop
  endfacet
  facet normal -0.76086 -0.648916 0
    outer loop
      vertex 22.545 11.395 6
      vertex 22.6163 11.3114 2
      vertex 22.6163 11.3114 6
    endloop
  endfacet
  facet normal -0.382352 -0.924017 0
    outer loop
      vertex 22.2663 11.5657 2
      vertex 22.3678 11.5237 6
      vertex 22.2663 11.5657 6
    endloop
  endfacet
  facet normal -0.382352 -0.924017 -0
    outer loop
      vertex 22.3678 11.5237 6
      vertex 22.2663 11.5657 2
      vertex 22.3678 11.5237 2
    endloop
  endfacet
  facet normal 0.382352 0.924017 -0
    outer loop
      vertex 21.8337 10.2343 2
      vertex 21.7322 10.2763 6
      vertex 21.8337 10.2343 6
    endloop
  endfacet
  facet normal 0.382352 0.924017 0
    outer loop
      vertex 21.7322 10.2763 6
      vertex 21.8337 10.2343 2
      vertex 21.7322 10.2763 2
    endloop
  endfacet
  facet normal 0.233958 -0.972247 0
    outer loop
      vertex 21.8337 11.5657 2
      vertex 21.9405 11.5914 6
      vertex 21.8337 11.5657 6
    endloop
  endfacet
  facet normal 0.233958 -0.972247 0
    outer loop
      vertex 21.9405 11.5914 6
      vertex 21.8337 11.5657 2
      vertex 21.9405 11.5914 2
    endloop
  endfacet
  facet normal 0.52237 0.852719 -0
    outer loop
      vertex 21.7322 10.2763 2
      vertex 21.6385 10.3337 6
      vertex 21.7322 10.2763 6
    endloop
  endfacet
  facet normal 0.52237 0.852719 0
    outer loop
      vertex 21.6385 10.3337 6
      vertex 21.7322 10.2763 2
      vertex 21.6385 10.3337 2
    endloop
  endfacet
  facet normal -0.522776 0.85247 0
    outer loop
      vertex 22.4614 10.3337 2
      vertex 22.3678 10.2763 6
      vertex 22.4614 10.3337 6
    endloop
  endfacet
  facet normal -0.522776 0.85247 0
    outer loop
      vertex 22.3678 10.2763 6
      vertex 22.4614 10.3337 2
      vertex 22.3678 10.2763 2
    endloop
  endfacet
  facet normal -0.99693 0.0782977 0
    outer loop
      vertex 22.7414 10.7905 2
      vertex 22.75 10.9 6
      vertex 22.75 10.9 2
    endloop
  endfacet
  facet normal -0.99693 0.0782977 0
    outer loop
      vertex 22.75 10.9 6
      vertex 22.7414 10.7905 2
      vertex 22.7414 10.7905 6
    endloop
  endfacet
  facet normal -0.85247 0.522776 0
    outer loop
      vertex 22.6163 10.4886 2
      vertex 22.6737 10.5822 6
      vertex 22.6737 10.5822 2
    endloop
  endfacet
  facet normal -0.85247 0.522776 0
    outer loop
      vertex 22.6737 10.5822 6
      vertex 22.6163 10.4886 2
      vertex 22.6163 10.4886 6
    endloop
  endfacet
  facet normal -0.522776 -0.85247 0
    outer loop
      vertex 22.3678 11.5237 2
      vertex 22.4614 11.4663 6
      vertex 22.3678 11.5237 6
    endloop
  endfacet
  facet normal -0.522776 -0.85247 -0
    outer loop
      vertex 22.4614 11.4663 6
      vertex 22.3678 11.5237 2
      vertex 22.4614 11.4663 2
    endloop
  endfacet
  facet normal 0.0782977 0.99693 -0
    outer loop
      vertex 22.05 10.2 2
      vertex 21.9405 10.2086 6
      vertex 22.05 10.2 6
    endloop
  endfacet
  facet normal 0.0782977 0.99693 0
    outer loop
      vertex 21.9405 10.2086 6
      vertex 22.05 10.2 2
      vertex 21.9405 10.2086 2
    endloop
  endfacet
  facet normal 0.0782977 -0.99693 0
    outer loop
      vertex 21.9405 11.5914 2
      vertex 22.05 11.6 6
      vertex 21.9405 11.5914 6
    endloop
  endfacet
  facet normal 0.0782977 -0.99693 0
    outer loop
      vertex 22.05 11.6 6
      vertex 21.9405 11.5914 2
      vertex 22.05 11.6 2
    endloop
  endfacet
  facet normal 0.382352 -0.924017 0
    outer loop
      vertex 21.7322 11.5237 2
      vertex 21.8337 11.5657 6
      vertex 21.7322 11.5237 6
    endloop
  endfacet
  facet normal 0.382352 -0.924017 0
    outer loop
      vertex 21.8337 11.5657 6
      vertex 21.7322 11.5237 2
      vertex 21.8337 11.5657 2
    endloop
  endfacet
  facet normal 0.99693 0.0782977 0
    outer loop
      vertex 21.3586 10.7905 6
      vertex 21.35 10.9 2
      vertex 21.35 10.9 6
    endloop
  endfacet
  facet normal 0.99693 0.0782977 0
    outer loop
      vertex 21.35 10.9 2
      vertex 21.3586 10.7905 6
      vertex 21.3586 10.7905 2
    endloop
  endfacet
  facet normal 0.85247 0.522776 0
    outer loop
      vertex 21.4837 10.4886 6
      vertex 21.4263 10.5822 2
      vertex 21.4263 10.5822 6
    endloop
  endfacet
  facet normal 0.85247 0.522776 0
    outer loop
      vertex 21.4263 10.5822 2
      vertex 21.4837 10.4886 6
      vertex 21.4837 10.4886 2
    endloop
  endfacet
  facet normal 0.76086 0.648916 0
    outer loop
      vertex 21.555 10.405 6
      vertex 21.4837 10.4886 2
      vertex 21.4837 10.4886 6
    endloop
  endfacet
  facet normal 0.76086 0.648916 0
    outer loop
      vertex 21.4837 10.4886 2
      vertex 21.555 10.405 6
      vertex 21.555 10.405 2
    endloop
  endfacet
  facet normal -0.0782977 0.99693 0
    outer loop
      vertex 22.1595 10.2086 2
      vertex 22.05 10.2 6
      vertex 22.1595 10.2086 6
    endloop
  endfacet
  facet normal -0.0782977 0.99693 0
    outer loop
      vertex 22.05 10.2 6
      vertex 22.1595 10.2086 2
      vertex 22.05 10.2 2
    endloop
  endfacet
  facet normal -0.924017 -0.382352 0
    outer loop
      vertex 22.7157 11.1163 2
      vertex 22.6737 11.2178 6
      vertex 22.6737 11.2178 2
    endloop
  endfacet
  facet normal -0.924017 -0.382352 0
    outer loop
      vertex 22.6737 11.2178 6
      vertex 22.7157 11.1163 2
      vertex 22.7157 11.1163 6
    endloop
  endfacet
  facet normal -0.85247 -0.522776 0
    outer loop
      vertex 22.6737 11.2178 2
      vertex 22.6163 11.3114 6
      vertex 22.6163 11.3114 2
    endloop
  endfacet
  facet normal -0.85247 -0.522776 0
    outer loop
      vertex 22.6163 11.3114 6
      vertex 22.6737 11.2178 2
      vertex 22.6737 11.2178 6
    endloop
  endfacet
  facet normal -0.924017 0.382352 0
    outer loop
      vertex 22.6737 10.5822 2
      vertex 22.7157 10.6837 6
      vertex 22.7157 10.6837 2
    endloop
  endfacet
  facet normal -0.924017 0.382352 0
    outer loop
      vertex 22.7157 10.6837 6
      vertex 22.6737 10.5822 2
      vertex 22.6737 10.5822 6
    endloop
  endfacet
  facet normal -0.233958 -0.972247 0
    outer loop
      vertex 22.1595 11.5914 2
      vertex 22.2663 11.5657 6
      vertex 22.1595 11.5914 6
    endloop
  endfacet
  facet normal -0.233958 -0.972247 -0
    outer loop
      vertex 22.2663 11.5657 6
      vertex 22.1595 11.5914 2
      vertex 22.2663 11.5657 2
    endloop
  endfacet
  facet normal 0.233958 0.972247 -0
    outer loop
      vertex 21.9405 10.2086 2
      vertex 21.8337 10.2343 6
      vertex 21.9405 10.2086 6
    endloop
  endfacet
  facet normal 0.233958 0.972247 0
    outer loop
      vertex 21.8337 10.2343 6
      vertex 21.9405 10.2086 2
      vertex 21.8337 10.2343 2
    endloop
  endfacet
  facet normal -0.0782977 -0.99693 0
    outer loop
      vertex 22.05 11.6 2
      vertex 22.1595 11.5914 6
      vertex 22.05 11.6 6
    endloop
  endfacet
  facet normal -0.0782977 -0.99693 -0
    outer loop
      vertex 22.1595 11.5914 6
      vertex 22.05 11.6 2
      vertex 22.1595 11.5914 2
    endloop
  endfacet
  facet normal 0.76086 -0.648916 0
    outer loop
      vertex 21.4837 11.3114 6
      vertex 21.555 11.395 2
      vertex 21.555 11.395 6
    endloop
  endfacet
  facet normal 0.76086 -0.648916 0
    outer loop
      vertex 21.555 11.395 2
      vertex 21.4837 11.3114 6
      vertex 21.4837 11.3114 2
    endloop
  endfacet
  facet normal -0.76086 0.648916 0
    outer loop
      vertex 22.545 10.405 2
      vertex 22.6163 10.4886 6
      vertex 22.6163 10.4886 2
    endloop
  endfacet
  facet normal -0.76086 0.648916 0
    outer loop
      vertex 22.6163 10.4886 6
      vertex 22.545 10.405 2
      vertex 22.545 10.405 6
    endloop
  endfacet
  facet normal 0.85247 -0.522776 0
    outer loop
      vertex 21.4263 11.2178 6
      vertex 21.4837 11.3114 2
      vertex 21.4837 11.3114 6
    endloop
  endfacet
  facet normal 0.85247 -0.522776 0
    outer loop
      vertex 21.4837 11.3114 2
      vertex 21.4263 11.2178 6
      vertex 21.4263 11.2178 2
    endloop
  endfacet
  facet normal -0.648916 0.76086 0
    outer loop
      vertex 22.545 10.405 2
      vertex 22.4614 10.3337 6
      vertex 22.545 10.405 6
    endloop
  endfacet
  facet normal -0.648916 0.76086 0
    outer loop
      vertex 22.4614 10.3337 6
      vertex 22.545 10.405 2
      vertex 22.4614 10.3337 2
    endloop
  endfacet
  facet normal -0.233384 0.972385 0
    outer loop
      vertex 46.4215 12.9741 4.5
      vertex 46.1011 12.8972 6
      vertex 46.4215 12.9741 6
    endloop
  endfacet
  facet normal -0.233384 0.972385 0
    outer loop
      vertex 46.1011 12.8972 6
      vertex 46.4215 12.9741 4.5
      vertex 46.1011 12.8972 4.5
    endloop
  endfacet
  facet normal -0.852611 -0.522546 0
    outer loop
      vertex 45.0511 9.66565 4.5
      vertex 44.8789 9.94662 6
      vertex 44.8789 9.94662 4.5
    endloop
  endfacet
  facet normal -0.852611 -0.522546 0
    outer loop
      vertex 44.8789 9.94662 6
      vertex 45.0511 9.66565 4.5
      vertex 45.0511 9.66565 6
    endloop
  endfacet
  facet normal -0.522574 -0.852594 0
    outer loop
      vertex 45.5157 9.20106 4.5
      vertex 45.7966 9.02889 6
      vertex 45.5157 9.20106 6
    endloop
  endfacet
  facet normal -0.522574 -0.852594 -0
    outer loop
      vertex 45.7966 9.02889 6
      vertex 45.5157 9.20106 4.5
      vertex 45.7966 9.02889 4.5
    endloop
  endfacet
  facet normal 0.0785993 0.996906 -0
    outer loop
      vertex 47.0785 12.9741 4.5
      vertex 46.75 13 6
      vertex 47.0785 12.9741 6
    endloop
  endfacet
  facet normal 0.0785993 0.996906 0
    outer loop
      vertex 46.75 13 6
      vertex 47.0785 12.9741 4.5
      vertex 46.75 13 4.5
    endloop
  endfacet
  facet normal 0.760455 0.649391 0
    outer loop
      vertex 48.4489 12.1343 6
      vertex 48.2349 12.3849 4.5
      vertex 48.2349 12.3849 6
    endloop
  endfacet
  facet normal 0.760455 0.649391 0
    outer loop
      vertex 48.2349 12.3849 4.5
      vertex 48.4489 12.1343 6
      vertex 48.4489 12.1343 4.5
    endloop
  endfacet
  facet normal 0.52264 0.852553 -0
    outer loop
      vertex 47.9843 12.5989 4.5
      vertex 47.7034 12.7711 6
      vertex 47.9843 12.5989 6
    endloop
  endfacet
  facet normal 0.52264 0.852553 0
    outer loop
      vertex 47.7034 12.7711 6
      vertex 47.9843 12.5989 4.5
      vertex 47.7034 12.7711 4.5
    endloop
  endfacet
  facet normal -0.0784485 -0.996918 0
    outer loop
      vertex 46.4215 8.82585 5.5339
      vertex 46.75 8.8 6
      vertex 46.4215 8.82585 6
    endloop
  endfacet
  facet normal -0.0784485 -0.996918 -0
    outer loop
      vertex 46.75 8.8 6
      vertex 46.4215 8.82585 5.5339
      vertex 46.75 8.8 5.52809
    endloop
  endfacet
  facet normal -0.649426 -0.760425 0
    outer loop
      vertex 45.2651 9.41508 4.5
      vertex 45.5157 9.20106 6
      vertex 45.2651 9.41508 6
    endloop
  endfacet
  facet normal -0.649426 -0.760425 -0
    outer loop
      vertex 45.5157 9.20106 6
      vertex 45.2651 9.41508 4.5
      vertex 45.5157 9.20106 4.5
    endloop
  endfacet
  facet normal -0.760455 0.649391 0
    outer loop
      vertex 45.0511 12.1343 4.5
      vertex 45.2651 12.3849 6
      vertex 45.2651 12.3849 4.5
    endloop
  endfacet
  facet normal -0.760455 0.649391 0
    outer loop
      vertex 45.2651 12.3849 6
      vertex 45.0511 12.1343 4.5
      vertex 45.0511 12.1343 6
    endloop
  endfacet
  facet normal -0.0785993 0.996906 0
    outer loop
      vertex 46.75 13 4.5
      vertex 46.4215 12.9741 6
      vertex 46.75 13 6
    endloop
  endfacet
  facet normal -0.0785993 0.996906 0
    outer loop
      vertex 46.4215 12.9741 6
      vertex 46.75 13 4.5
      vertex 46.4215 12.9741 4.5
    endloop
  endfacet
  facet normal 0.852611 -0.522546 0
    outer loop
      vertex 48.4489 9.66565 6
      vertex 48.6211 9.94662 4.5
      vertex 48.6211 9.94662 6
    endloop
  endfacet
  facet normal 0.852611 -0.522546 0
    outer loop
      vertex 48.6211 9.94662 4.5
      vertex 48.4489 9.66565 6
      vertex 48.4489 9.66565 4.5
    endloop
  endfacet
  facet normal 0.972372 -0.233436 0
    outer loop
      vertex 48.7472 10.2511 6
      vertex 48.8034 10.4852 4.5
      vertex 48.8034 10.4852 6
    endloop
  endfacet
  facet normal 0.972372 -0.233436 0
    outer loop
      vertex 48.8034 10.4852 4.5
      vertex 48.7472 10.2511 6
      vertex 48.7472 10.2511 4.5
    endloop
  endfacet
  facet normal 0.852553 0.52264 0
    outer loop
      vertex 48.6211 11.8534 6
      vertex 48.4489 12.1343 4.5
      vertex 48.4489 12.1343 6
    endloop
  endfacet
  facet normal 0.852553 0.52264 0
    outer loop
      vertex 48.4489 12.1343 4.5
      vertex 48.6211 11.8534 6
      vertex 48.6211 11.8534 4.5
    endloop
  endfacet
  facet normal -0.996906 -0.0785993 0
    outer loop
      vertex 44.6759 10.5715 4.5
      vertex 44.65 10.9 6
      vertex 44.65 10.9 4.5
    endloop
  endfacet
  facet normal -0.996906 -0.0785993 0
    outer loop
      vertex 44.65 10.9 6
      vertex 44.6759 10.5715 4.5
      vertex 44.6759 10.5715 6
    endloop
  endfacet
  facet normal 0.522574 -0.852594 0
    outer loop
      vertex 47.7034 9.02889 4.5
      vertex 47.9843 9.20106 6
      vertex 47.7034 9.02889 6
    endloop
  endfacet
  facet normal 0.522574 -0.852594 0
    outer loop
      vertex 47.9843 9.20106 6
      vertex 47.7034 9.02889 4.5
      vertex 47.9843 9.20106 4.5
    endloop
  endfacet
  facet normal -0.649391 0.760455 0
    outer loop
      vertex 45.5157 12.5989 4.5
      vertex 45.2651 12.3849 6
      vertex 45.5157 12.5989 6
    endloop
  endfacet
  facet normal -0.649391 0.760455 0
    outer loop
      vertex 45.2651 12.3849 6
      vertex 45.5157 12.5989 4.5
      vertex 45.2651 12.3849 4.5
    endloop
  endfacet
  facet normal 0.382637 -0.923899 0
    outer loop
      vertex 47.3989 8.90278 4.5
      vertex 47.7034 9.02889 6
      vertex 47.3989 8.90278 6
    endloop
  endfacet
  facet normal 0.382637 -0.923899 0
    outer loop
      vertex 47.7034 9.02889 6
      vertex 47.3989 8.90278 4.5
      vertex 47.7034 9.02889 4.5
    endloop
  endfacet
  facet normal 0.233384 0.972385 -0
    outer loop
      vertex 47.3989 12.8972 4.5
      vertex 47.0785 12.9741 6
      vertex 47.3989 12.8972 6
    endloop
  endfacet
  facet normal 0.233384 0.972385 0
    outer loop
      vertex 47.0785 12.9741 6
      vertex 47.3989 12.8972 4.5
      vertex 47.0785 12.9741 4.5
    endloop
  endfacet
  facet normal -0.923901 -0.382632 0
    outer loop
      vertex 44.8789 9.94662 4.5
      vertex 44.7528 10.2511 6
      vertex 44.7528 10.2511 4.5
    endloop
  endfacet
  facet normal -0.923901 -0.382632 0
    outer loop
      vertex 44.7528 10.2511 6
      vertex 44.8789 9.94662 4.5
      vertex 44.8789 9.94662 6
    endloop
  endfacet
  facet normal 0.760416 -0.649436 0
    outer loop
      vertex 48.2349 9.41508 6
      vertex 48.4489 9.66565 4.5
      vertex 48.4489 9.66565 6
    endloop
  endfacet
  facet normal 0.760416 -0.649436 0
    outer loop
      vertex 48.4489 9.66565 4.5
      vertex 48.2349 9.41508 6
      vertex 48.2349 9.41508 4.5
    endloop
  endfacet
  facet normal -0.760416 -0.649436 0
    outer loop
      vertex 45.2651 9.41508 4.5
      vertex 45.0511 9.66565 6
      vertex 45.0511 9.66565 4.5
    endloop
  endfacet
  facet normal -0.760416 -0.649436 0
    outer loop
      vertex 45.0511 9.66565 6
      vertex 45.2651 9.41508 4.5
      vertex 45.2651 9.41508 6
    endloop
  endfacet
  facet normal 0.923901 -0.382632 0
    outer loop
      vertex 48.6211 9.94662 6
      vertex 48.7472 10.2511 4.5
      vertex 48.7472 10.2511 6
    endloop
  endfacet
  facet normal 0.923901 -0.382632 0
    outer loop
      vertex 48.7472 10.2511 4.5
      vertex 48.6211 9.94662 6
      vertex 48.6211 9.94662 4.5
    endloop
  endfacet
  facet normal 0.649391 0.760455 -0
    outer loop
      vertex 48.2349 12.3849 4.5
      vertex 47.9843 12.5989 6
      vertex 48.2349 12.3849 6
    endloop
  endfacet
  facet normal 0.649391 0.760455 0
    outer loop
      vertex 47.9843 12.5989 6
      vertex 48.2349 12.3849 4.5
      vertex 47.9843 12.5989 4.5
    endloop
  endfacet
  facet normal -0.996906 0.0785993 0
    outer loop
      vertex 44.65 10.9 4.5
      vertex 44.6759 11.2285 6
      vertex 44.6759 11.2285 4.5
    endloop
  endfacet
  facet normal -0.996906 0.0785993 0
    outer loop
      vertex 44.6759 11.2285 6
      vertex 44.65 10.9 4.5
      vertex 44.65 10.9 6
    endloop
  endfacet
  facet normal 0.382611 0.92391 -0
    outer loop
      vertex 47.7034 12.7711 4.5
      vertex 47.3989 12.8972 6
      vertex 47.7034 12.7711 6
    endloop
  endfacet
  facet normal 0.382611 0.92391 0
    outer loop
      vertex 47.3989 12.8972 6
      vertex 47.7034 12.7711 4.5
      vertex 47.3989 12.8972 4.5
    endloop
  endfacet
  facet normal 0.649426 -0.760425 0
    outer loop
      vertex 47.9843 9.20106 4.5
      vertex 48.2349 9.41508 6
      vertex 47.9843 9.20106 6
    endloop
  endfacet
  facet normal 0.649426 -0.760425 0
    outer loop
      vertex 48.2349 9.41508 6
      vertex 47.9843 9.20106 4.5
      vertex 48.2349 9.41508 4.5
    endloop
  endfacet
  facet normal 0.233471 -0.972364 1.89774e-05
    outer loop
      vertex 47.0785 8.82585 6
      vertex 47.35 8.89103 5.54855
      vertex 47.3989 8.90278 6
    endloop
  endfacet
  facet normal 0.233441 -0.972371 0
    outer loop
      vertex 47.35 8.89103 5.54855
      vertex 47.0785 8.82585 6
      vertex 47.0785 8.82585 5.5339
    endloop
  endfacet
  facet normal 0.233636 -0.972324 0
    outer loop
      vertex 47.3989 8.90278 4.5
      vertex 47.35 8.89103 5.54855
      vertex 47.35 8.89103 4.5
    endloop
  endfacet
  facet normal 0.233636 -0.972324 0
    outer loop
      vertex 47.35 8.89103 5.54855
      vertex 47.3989 8.90278 4.5
      vertex 47.3989 8.90278 6
    endloop
  endfacet
  facet normal -0.382637 -0.923899 0
    outer loop
      vertex 45.7966 9.02889 4.5
      vertex 46.1011 8.90278 6
      vertex 45.7966 9.02889 6
    endloop
  endfacet
  facet normal -0.382637 -0.923899 -0
    outer loop
      vertex 46.1011 8.90278 6
      vertex 45.7966 9.02889 4.5
      vertex 46.1011 8.90278 4.5
    endloop
  endfacet
  facet normal 0.0784485 -0.996918 0
    outer loop
      vertex 46.75 8.8 6
      vertex 47.0785 8.82585 5.5339
      vertex 47.0785 8.82585 6
    endloop
  endfacet
  facet normal 0.0784485 -0.996918 0
    outer loop
      vertex 47.0785 8.82585 5.5339
      vertex 46.75 8.8 6
      vertex 46.75 8.8 5.52809
    endloop
  endfacet
  facet normal 0 0 1
    outer loop
      vertex 47.3737 11.2178 6
      vertex 48.7306 11.589 6
      vertex 48.6211 11.8534 6
    endloop
  endfacet
  facet normal 0 0 1
    outer loop
      vertex 48.7332 10.7776 6
      vertex 48.7472 10.2511 6
      vertex 48.8034 10.4852 6
    endloop
  endfacet
  facet normal -0 0 1
    outer loop
      vertex 47.45 10.9 6
      vertex 48.7332 10.7776 6
      vertex 48.7 11.2 6
    endloop
  endfacet
  facet normal 0 0 1
    outer loop
      vertex 48.7306 11.589 6
      vertex 47.3737 11.2178 6
      vertex 48.7 11.2 6
    endloop
  endfacet
  facet normal 0 0 1
    outer loop
      vertex 48.7332 10.7776 6
      vertex 47.45 10.9 6
      vertex 47.4414 10.7905 6
    endloop
  endfacet
  facet normal 0 0 1
    outer loop
      vertex 47.3737 11.2178 6
      vertex 48.6211 11.8534 6
      vertex 48.4489 12.1343 6
    endloop
  endfacet
  facet normal 0 0 1
    outer loop
      vertex 47.4157 10.6837 6
      vertex 48.7332 10.7776 6
      vertex 47.4414 10.7905 6
    endloop
  endfacet
  facet normal 0 0 1
    outer loop
      vertex 47.3163 11.3114 6
      vertex 48.4489 12.1343 6
      vertex 48.2349 12.3849 6
    endloop
  endfacet
  facet normal 0 0 1
    outer loop
      vertex 48.7332 10.7776 6
      vertex 47.4157 10.6837 6
      vertex 48.7472 10.2511 6
    endloop
  endfacet
  facet normal 0 0 1
    outer loop
      vertex 47.245 11.395 6
      vertex 48.2349 12.3849 6
      vertex 47.9843 12.5989 6
    endloop
  endfacet
  facet normal 0 0 1
    outer loop
      vertex 48.7472 10.2511 6
      vertex 47.4157 10.6837 6
      vertex 48.6211 9.94662 6
    endloop
  endfacet
  facet normal 0 0 1
    outer loop
      vertex 47.1614 11.4663 6
      vertex 47.9843 12.5989 6
      vertex 47.7034 12.7711 6
    endloop
  endfacet
  facet normal -0 0 1
    outer loop
      vertex 47.3737 10.5822 6
      vertex 48.6211 9.94662 6
      vertex 47.4157 10.6837 6
    endloop
  endfacet
  facet normal 0 0 1
    outer loop
      vertex 48.6211 9.94662 6
      vertex 47.3737 10.5822 6
      vertex 48.4489 9.66565 6
    endloop
  endfacet
  facet normal 0 0 1
    outer loop
      vertex 48.7 11.2 6
      vertex 47.4414 11.0095 6
      vertex 47.45 10.9 6
    endloop
  endfacet
  facet normal 0 0 1
    outer loop
      vertex 48.7 11.2 6
      vertex 47.4157 11.1163 6
      vertex 47.4414 11.0095 6
    endloop
  endfacet
  facet normal 0 0 1
    outer loop
      vertex 47.0678 11.5237 6
      vertex 47.7034 12.7711 6
      vertex 47.3989 12.8972 6
    endloop
  endfacet
  facet normal 0 0 1
    outer loop
      vertex 48.7 11.2 6
      vertex 47.3737 11.2178 6
      vertex 47.4157 11.1163 6
    endloop
  endfacet
  facet normal 0 0 1
    outer loop
      vertex 48.4489 12.1343 6
      vertex 47.3163 11.3114 6
      vertex 47.3737 11.2178 6
    endloop
  endfacet
  facet normal 0 0 1
    outer loop
      vertex 48.2349 12.3849 6
      vertex 47.245 11.395 6
      vertex 47.3163 11.3114 6
    endloop
  endfacet
  facet normal 0 0 1
    outer loop
      vertex 47.9843 12.5989 6
      vertex 47.1614 11.4663 6
      vertex 47.245 11.395 6
    endloop
  endfacet
  facet normal 0 0 1
    outer loop
      vertex 46.9663 11.5657 6
      vertex 47.3989 12.8972 6
      vertex 47.0785 12.9741 6
    endloop
  endfacet
  facet normal 0 0 1
    outer loop
      vertex 47.7034 12.7711 6
      vertex 47.0678 11.5237 6
      vertex 47.1614 11.4663 6
    endloop
  endfacet
  facet normal 0 0 1
    outer loop
      vertex 47.3989 12.8972 6
      vertex 46.9663 11.5657 6
      vertex 47.0678 11.5237 6
    endloop
  endfacet
  facet normal 0 0 1
    outer loop
      vertex 47.0785 12.9741 6
      vertex 46.8595 11.5914 6
      vertex 46.9663 11.5657 6
    endloop
  endfacet
  facet normal 0 0 1
    outer loop
      vertex 46.75 13 6
      vertex 46.8595 11.5914 6
      vertex 47.0785 12.9741 6
    endloop
  endfacet
  facet normal 0 0 1
    outer loop
      vertex 46.75 13 6
      vertex 46.75 11.6 6
      vertex 46.8595 11.5914 6
    endloop
  endfacet
  facet normal 0 0 1
    outer loop
      vertex 46.75 13 6
      vertex 46.6405 11.5914 6
      vertex 46.75 11.6 6
    endloop
  endfacet
  facet normal -0 0 1
    outer loop
      vertex 46.4215 12.9741 6
      vertex 46.6405 11.5914 6
      vertex 46.75 13 6
    endloop
  endfacet
  facet normal 0 0 1
    outer loop
      vertex 46.6405 11.5914 6
      vertex 46.4215 12.9741 6
      vertex 46.5337 11.5657 6
    endloop
  endfacet
  facet normal -0 0 1
    outer loop
      vertex 46.1011 12.8972 6
      vertex 46.5337 11.5657 6
      vertex 46.4215 12.9741 6
    endloop
  endfacet
  facet normal 0 0 1
    outer loop
      vertex 46.5337 11.5657 6
      vertex 46.1011 12.8972 6
      vertex 46.4322 11.5237 6
    endloop
  endfacet
  facet normal -0 0 1
    outer loop
      vertex 45.7966 12.7711 6
      vertex 46.4322 11.5237 6
      vertex 46.1011 12.8972 6
    endloop
  endfacet
  facet normal 0 0 1
    outer loop
      vertex 46.4322 11.5237 6
      vertex 45.7966 12.7711 6
      vertex 46.3386 11.4663 6
    endloop
  endfacet
  facet normal -0 0 1
    outer loop
      vertex 45.5157 12.5989 6
      vertex 46.3386 11.4663 6
      vertex 45.7966 12.7711 6
    endloop
  endfacet
  facet normal 0 0 1
    outer loop
      vertex 46.3386 11.4663 6
      vertex 45.5157 12.5989 6
      vertex 46.255 11.395 6
    endloop
  endfacet
  facet normal -0 0 1
    outer loop
      vertex 45.2651 12.3849 6
      vertex 46.255 11.395 6
      vertex 45.5157 12.5989 6
    endloop
  endfacet
  facet normal 0 0 1
    outer loop
      vertex 46.255 11.395 6
      vertex 45.2651 12.3849 6
      vertex 46.1837 11.3114 6
    endloop
  endfacet
  facet normal -0 0 1
    outer loop
      vertex 45.0511 12.1343 6
      vertex 46.1837 11.3114 6
      vertex 45.2651 12.3849 6
    endloop
  endfacet
  facet normal 0 0 1
    outer loop
      vertex 46.1837 11.3114 6
      vertex 45.0511 12.1343 6
      vertex 46.1263 11.2178 6
    endloop
  endfacet
  facet normal -0 0 1
    outer loop
      vertex 47.3163 10.4886 6
      vertex 48.4489 9.66565 6
      vertex 47.3737 10.5822 6
    endloop
  endfacet
  facet normal 0 0 1
    outer loop
      vertex 48.4489 9.66565 6
      vertex 47.3163 10.4886 6
      vertex 48.2349 9.41508 6
    endloop
  endfacet
  facet normal -0 0 1
    outer loop
      vertex 47.245 10.405 6
      vertex 48.2349 9.41508 6
      vertex 47.3163 10.4886 6
    endloop
  endfacet
  facet normal 0 0 1
    outer loop
      vertex 48.2349 9.41508 6
      vertex 47.245 10.405 6
      vertex 47.9843 9.20106 6
    endloop
  endfacet
  facet normal -0 0 1
    outer loop
      vertex 47.1614 10.3337 6
      vertex 47.9843 9.20106 6
      vertex 47.245 10.405 6
    endloop
  endfacet
  facet normal 0 0 1
    outer loop
      vertex 47.9843 9.20106 6
      vertex 47.1614 10.3337 6
      vertex 47.7034 9.02889 6
    endloop
  endfacet
  facet normal -0 0 1
    outer loop
      vertex 47.0678 10.2763 6
      vertex 47.7034 9.02889 6
      vertex 47.1614 10.3337 6
    endloop
  endfacet
  facet normal 0 0 1
    outer loop
      vertex 47.7034 9.02889 6
      vertex 47.0678 10.2763 6
      vertex 47.3989 8.90278 6
    endloop
  endfacet
  facet normal -0 0 1
    outer loop
      vertex 46.9663 10.2343 6
      vertex 47.3989 8.90278 6
      vertex 47.0678 10.2763 6
    endloop
  endfacet
  facet normal 0 0 1
    outer loop
      vertex 47.3989 8.90278 6
      vertex 46.9663 10.2343 6
      vertex 47.0785 8.82585 6
    endloop
  endfacet
  facet normal -0 0 1
    outer loop
      vertex 46.8595 10.2086 6
      vertex 47.0785 8.82585 6
      vertex 46.9663 10.2343 6
    endloop
  endfacet
  facet normal -0 0 1
    outer loop
      vertex 46.75 10.2 6
      vertex 47.0785 8.82585 6
      vertex 46.8595 10.2086 6
    endloop
  endfacet
  facet normal 0 0 1
    outer loop
      vertex 46.75 10.2 6
      vertex 46.75 8.8 6
      vertex 47.0785 8.82585 6
    endloop
  endfacet
  facet normal 0 0 1
    outer loop
      vertex 46.6405 10.2086 6
      vertex 46.75 8.8 6
      vertex 46.75 10.2 6
    endloop
  endfacet
  facet normal 0 0 1
    outer loop
      vertex 46.4215 8.82585 6
      vertex 46.6405 10.2086 6
      vertex 46.5337 10.2343 6
    endloop
  endfacet
  facet normal 0 0 1
    outer loop
      vertex 46.1011 8.90278 6
      vertex 46.5337 10.2343 6
      vertex 46.4322 10.2763 6
    endloop
  endfacet
  facet normal 0 0 1
    outer loop
      vertex 46.6405 10.2086 6
      vertex 46.4215 8.82585 6
      vertex 46.75 8.8 6
    endloop
  endfacet
  facet normal 0 0 1
    outer loop
      vertex 45.7966 9.02889 6
      vertex 46.4322 10.2763 6
      vertex 46.3386 10.3337 6
    endloop
  endfacet
  facet normal 0 0 1
    outer loop
      vertex 45.5157 9.20106 6
      vertex 46.3386 10.3337 6
      vertex 46.255 10.405 6
    endloop
  endfacet
  facet normal 0 0 1
    outer loop
      vertex 45.2651 9.41508 6
      vertex 46.255 10.405 6
      vertex 46.1837 10.4886 6
    endloop
  endfacet
  facet normal 0 0 1
    outer loop
      vertex 45.0511 9.66565 6
      vertex 46.1837 10.4886 6
      vertex 46.1263 10.5822 6
    endloop
  endfacet
  facet normal 0 0 1
    outer loop
      vertex 46.5337 10.2343 6
      vertex 46.1011 8.90278 6
      vertex 46.4215 8.82585 6
    endloop
  endfacet
  facet normal 0 0 1
    outer loop
      vertex 44.8789 9.94662 6
      vertex 46.1263 10.5822 6
      vertex 46.0843 10.6837 6
    endloop
  endfacet
  facet normal 0 0 1
    outer loop
      vertex 44.7528 10.2511 6
      vertex 46.0843 10.6837 6
      vertex 46.0586 10.7905 6
    endloop
  endfacet
  facet normal 0 0 1
    outer loop
      vertex 44.6759 10.5715 6
      vertex 46.0586 10.7905 6
      vertex 46.05 10.9 6
    endloop
  endfacet
  facet normal -0 0 1
    outer loop
      vertex 44.8789 11.8534 6
      vertex 46.1263 11.2178 6
      vertex 45.0511 12.1343 6
    endloop
  endfacet
  facet normal 0 0 1
    outer loop
      vertex 46.4322 10.2763 6
      vertex 45.7966 9.02889 6
      vertex 46.1011 8.90278 6
    endloop
  endfacet
  facet normal 0 0 1
    outer loop
      vertex 46.1263 11.2178 6
      vertex 44.8789 11.8534 6
      vertex 46.0843 11.1163 6
    endloop
  endfacet
  facet normal 0 0 1
    outer loop
      vertex 46.3386 10.3337 6
      vertex 45.5157 9.20106 6
      vertex 45.7966 9.02889 6
    endloop
  endfacet
  facet normal -0 0 1
    outer loop
      vertex 44.7528 11.5489 6
      vertex 46.0843 11.1163 6
      vertex 44.8789 11.8534 6
    endloop
  endfacet
  facet normal 0 0 1
    outer loop
      vertex 46.255 10.405 6
      vertex 45.2651 9.41508 6
      vertex 45.5157 9.20106 6
    endloop
  endfacet
  facet normal 0 0 1
    outer loop
      vertex 46.0843 11.1163 6
      vertex 44.7528 11.5489 6
      vertex 46.0586 11.0095 6
    endloop
  endfacet
  facet normal 0 0 1
    outer loop
      vertex 46.1837 10.4886 6
      vertex 45.0511 9.66565 6
      vertex 45.2651 9.41508 6
    endloop
  endfacet
  facet normal -0 0 1
    outer loop
      vertex 44.6759 11.2285 6
      vertex 46.0586 11.0095 6
      vertex 44.7528 11.5489 6
    endloop
  endfacet
  facet normal 0 0 1
    outer loop
      vertex 46.1263 10.5822 6
      vertex 44.8789 9.94662 6
      vertex 45.0511 9.66565 6
    endloop
  endfacet
  facet normal 0 0 1
    outer loop
      vertex 46.0586 11.0095 6
      vertex 44.6759 11.2285 6
      vertex 46.05 10.9 6
    endloop
  endfacet
  facet normal 0 0 1
    outer loop
      vertex 46.0843 10.6837 6
      vertex 44.7528 10.2511 6
      vertex 44.8789 9.94662 6
    endloop
  endfacet
  facet normal 0 0 1
    outer loop
      vertex 44.65 10.9 6
      vertex 46.05 10.9 6
      vertex 44.6759 11.2285 6
    endloop
  endfacet
  facet normal 0 0 1
    outer loop
      vertex 46.0586 10.7905 6
      vertex 44.6759 10.5715 6
      vertex 44.7528 10.2511 6
    endloop
  endfacet
  facet normal 0 0 1
    outer loop
      vertex 46.05 10.9 6
      vertex 44.65 10.9 6
      vertex 44.6759 10.5715 6
    endloop
  endfacet
  facet normal -0.52264 0.852553 0
    outer loop
      vertex 45.7966 12.7711 4.5
      vertex 45.5157 12.5989 6
      vertex 45.7966 12.7711 6
    endloop
  endfacet
  facet normal -0.52264 0.852553 0
    outer loop
      vertex 45.5157 12.5989 6
      vertex 45.7966 12.7711 4.5
      vertex 45.5157 12.5989 4.5
    endloop
  endfacet
  facet normal -0.92391 0.382611 0
    outer loop
      vertex 44.7528 11.5489 4.5
      vertex 44.8789 11.8534 6
      vertex 44.8789 11.8534 4.5
    endloop
  endfacet
  facet normal -0.92391 0.382611 0
    outer loop
      vertex 44.8789 11.8534 6
      vertex 44.7528 11.5489 4.5
      vertex 44.7528 11.5489 6
    endloop
  endfacet
  facet normal -0.972385 -0.233384 0
    outer loop
      vertex 44.7528 10.2511 4.5
      vertex 44.6759 10.5715 6
      vertex 44.6759 10.5715 4.5
    endloop
  endfacet
  facet normal -0.972385 -0.233384 0
    outer loop
      vertex 44.6759 10.5715 6
      vertex 44.7528 10.2511 4.5
      vertex 44.7528 10.2511 6
    endloop
  endfacet
  facet normal -0.972385 0.233384 0
    outer loop
      vertex 44.6759 11.2285 4.5
      vertex 44.7528 11.5489 6
      vertex 44.7528 11.5489 4.5
    endloop
  endfacet
  facet normal -0.972385 0.233384 0
    outer loop
      vertex 44.7528 11.5489 6
      vertex 44.6759 11.2285 4.5
      vertex 44.6759 11.2285 6
    endloop
  endfacet
  facet normal -0.382611 0.92391 0
    outer loop
      vertex 46.1011 12.8972 4.5
      vertex 45.7966 12.7711 6
      vertex 46.1011 12.8972 6
    endloop
  endfacet
  facet normal -0.382611 0.92391 0
    outer loop
      vertex 45.7966 12.7711 6
      vertex 46.1011 12.8972 4.5
      vertex 45.7966 12.7711 4.5
    endloop
  endfacet
  facet normal 0.923902 0.38263 0
    outer loop
      vertex 48.7306 11.589 6
      vertex 48.6211 11.8534 4.5
      vertex 48.6211 11.8534 6
    endloop
  endfacet
  facet normal 0.923902 0.38263 0
    outer loop
      vertex 48.6211 11.8534 4.5
      vertex 48.7306 11.589 6
      vertex 48.7306 11.589 4.5
    endloop
  endfacet
  facet normal -0.233471 -0.972364 1.89774e-05
    outer loop
      vertex 46.1011 8.90278 6
      vertex 46.15 8.89103 5.54855
      vertex 46.4215 8.82585 6
    endloop
  endfacet
  facet normal -0.233636 -0.972324 0
    outer loop
      vertex 46.1011 8.90278 4.5
      vertex 46.15 8.89103 5.54855
      vertex 46.1011 8.90278 6
    endloop
  endfacet
  facet normal -0.233636 -0.972324 -0
    outer loop
      vertex 46.15 8.89103 5.54855
      vertex 46.1011 8.90278 4.5
      vertex 46.15 8.89103 4.5
    endloop
  endfacet
  facet normal -0.233441 -0.972371 -0
    outer loop
      vertex 46.4215 8.82585 6
      vertex 46.15 8.89103 5.54855
      vertex 46.4215 8.82585 5.5339
    endloop
  endfacet
  facet normal -0.852553 0.52264 0
    outer loop
      vertex 44.8789 11.8534 4.5
      vertex 45.0511 12.1343 6
      vertex 45.0511 12.1343 4.5
    endloop
  endfacet
  facet normal -0.852553 0.52264 0
    outer loop
      vertex 45.0511 12.1343 6
      vertex 44.8789 11.8534 4.5
      vertex 44.8789 11.8534 6
    endloop
  endfacet
  facet normal -0.791967 -0.485378 0.3704
    outer loop
      vertex 44.8789 9.94662 4.5
      vertex 43.9879 9.49263 2
      vertex 45.0511 9.66565 4.5
    endloop
  endfacet
  facet normal 0.79177 0.485667 0.370443
    outer loop
      vertex 48.4489 12.1343 4.5
      vertex 48.6736 12.0859 4.08319
      vertex 48.667 12.1698 3.9873
    endloop
  endfacet
  facet normal 0.792194 0.484715 0.370783
    outer loop
      vertex 48.4489 12.1343 4.5
      vertex 48.6871 12.0002 4.16638
      vertex 48.6736 12.0859 4.08319
    endloop
  endfacet
  facet normal 0.791933 0.485535 0.370266
    outer loop
      vertex 48.4489 12.1343 4.5
      vertex 48.7037 11.8955 4.26817
      vertex 48.6871 12.0002 4.16638
    endloop
  endfacet
  facet normal 0.791938 0.485481 0.370327
    outer loop
      vertex 48.7037 11.8955 4.26817
      vertex 48.4489 12.1343 4.5
      vertex 48.6211 11.8534 4.5
    endloop
  endfacet
  facet normal 0.485391 -0.791957 0.370405
    outer loop
      vertex 48.5721 8.39205 2
      vertex 47.9843 9.20106 4.5
      vertex 48.1574 8.13788 2
    endloop
  endfacet
  facet normal 0.21702 -0.903171 0.370385
    outer loop
      vertex 47.35 8.44883 3.42171
      vertex 47.3989 8.90278 4.5
      vertex 47.35 8.89103 4.5
    endloop
  endfacet
  facet normal 0.216839 -0.903205 0.370407
    outer loop
      vertex 47.3989 8.90278 4.5
      vertex 47.35 8.44883 3.42171
      vertex 47.708 7.95173 2
    endloop
  endfacet
  facet normal -0.485466 0.791914 0.370399
    outer loop
      vertex 45.7966 12.7711 4.5
      vertex 45.3426 13.6621 2
      vertex 45.5157 12.5989 4.5
    endloop
  endfacet
  facet normal 0.603187 0.706348 0.370456
    outer loop
      vertex 48.5948 12.7448 3.22778
      vertex 47.9843 12.5989 4.5
      vertex 48.2349 12.3849 4.5
    endloop
  endfacet
  facet normal 0.602778 0.706774 0.370309
    outer loop
      vertex 48.5797 12.84 3.07066
      vertex 47.9843 12.5989 4.5
      vertex 48.5948 12.7448 3.22778
    endloop
  endfacet
  facet normal 0.603266 0.706293 0.370431
    outer loop
      vertex 47.9843 12.5989 4.5
      vertex 48.5797 12.84 3.07066
      vertex 48.5701 12.9005 2.97094
    endloop
  endfacet
  facet normal -0.858129 0.355549 0.370405
    outer loop
      vertex 43.9879 12.3074 2
      vertex 43.8017 11.858 2
      vertex 44.8789 11.8534 4.5
    endloop
  endfacet
  facet normal -0.903214 -0.216783 0.370418
    outer loop
      vertex 44.6759 10.5715 4.5
      vertex 43.8017 9.94205 2
      vertex 44.7528 10.2511 4.5
    endloop
  endfacet
  facet normal 0.355392 0.858184 0.370428
    outer loop
      vertex 47.708 13.8483 2
      vertex 47.3989 12.8972 4.5
      vertex 47.7034 12.7711 4.5
    endloop
  endfacet
  facet normal 0.485466 0.791914 0.370399
    outer loop
      vertex 48.1574 13.6621 2
      vertex 47.7034 12.7711 4.5
      vertex 47.9843 12.5989 4.5
    endloop
  endfacet
  facet normal -0.858184 0.355392 0.370428
    outer loop
      vertex 44.8789 11.8534 4.5
      vertex 43.8017 11.858 2
      vertex 44.7528 11.5489 4.5
    endloop
  endfacet
  facet normal -0.21702 -0.903171 0.370385
    outer loop
      vertex 46.1011 8.90278 4.5
      vertex 46.15 8.44883 3.42171
      vertex 46.15 8.89103 4.5
    endloop
  endfacet
  facet normal -0.216839 -0.903205 0.370407
    outer loop
      vertex 46.15 8.44883 3.42171
      vertex 46.1011 8.90278 4.5
      vertex 45.792 7.95173 2
    endloop
  endfacet
  facet normal 0.216693 0.90324 0.370408
    outer loop
      vertex 47.2349 13.9618 2
      vertex 47.0785 12.9741 4.5
      vertex 47.708 13.8483 2
    endloop
  endfacet
  facet normal 0.355467 -0.858163 0.370405
    outer loop
      vertex 48.1574 8.13788 2
      vertex 47.7034 9.02889 4.5
      vertex 47.708 7.95173 2
    endloop
  endfacet
  facet normal 0.355549 0.858129 0.370405
    outer loop
      vertex 47.708 13.8483 2
      vertex 47.7034 12.7711 4.5
      vertex 48.1574 13.6621 2
    endloop
  endfacet
  facet normal 0.791943 -0.485364 0.37047
    outer loop
      vertex 48.4489 9.66565 4.5
      vertex 48.8162 9.84724 3.95274
      vertex 48.6211 9.94662 4.5
    endloop
  endfacet
  facet normal 0.791934 -0.48539 0.370455
    outer loop
      vertex 48.8162 9.84724 3.95274
      vertex 48.4489 9.66565 4.5
      vertex 48.8162 9.60589 3.63651
    endloop
  endfacet
  facet normal 0.0730087 0.925999 0.3704
    outer loop
      vertex 46.75 14 2
      vertex 46.75 13 4.5
      vertex 47.0785 12.9741 4.5
    endloop
  endfacet
  facet normal 0.485404 -0.79195 0.370403
    outer loop
      vertex 47.9843 9.20106 4.5
      vertex 47.7034 9.02889 4.5
      vertex 48.1574 8.13788 2
    endloop
  endfacet
  facet normal 0.706428 0.603099 0.370447
    outer loop
      vertex 48.6271 12.4803 3.59688
      vertex 48.4489 12.1343 4.5
      vertex 48.6578 12.2861 3.8545
    endloop
  endfacet
  facet normal -0.603248 -0.706323 0.370405
    outer loop
      vertex 45.5157 9.20106 4.5
      vertex 44.558 8.70797 2
      vertex 44.9279 8.39205 2
    endloop
  endfacet
  facet normal 0.858186 -0.355417 0.3704
    outer loop
      vertex 48.6211 9.94662 4.5
      vertex 48.8134 10.2296 4.32599
      vertex 48.7472 10.2511 4.5
    endloop
  endfacet
  facet normal 0.858185 -0.355411 0.370408
    outer loop
      vertex 48.8134 10.2296 4.32599
      vertex 48.6211 9.94662 4.5
      vertex 48.8134 9.9458 4.05368
    endloop
  endfacet
  facet normal -0.485289 0.792009 0.370427
    outer loop
      vertex 45.3426 13.6621 2
      vertex 44.9279 13.408 2
      vertex 45.5157 12.5989 4.5
    endloop
  endfacet
  facet normal -0.925999 -0.0730087 0.3704
    outer loop
      vertex 44.65 10.9 4.5
      vertex 43.65 10.9 2
      vertex 44.6759 10.5715 4.5
    endloop
  endfacet
  facet normal 0.603159 -0.706397 0.370408
    outer loop
      vertex 48.5721 8.39205 2
      vertex 48.805 8.77855 2.35784
      vertex 47.9843 9.20106 4.5
    endloop
  endfacet
  facet normal 0.603261 -0.706364 0.370305
    outer loop
      vertex 48.805 8.77855 2.35784
      vertex 48.5721 8.39205 2
      vertex 48.7901 8.59012 2.02268
    endloop
  endfacet
  facet normal 0.603259 -0.706362 0.370311
    outer loop
      vertex 48.7901 8.59012 2.02268
      vertex 48.5721 8.39205 2
      vertex 48.7901 8.57823 2
    endloop
  endfacet
  facet normal 0.0729495 0.926 0.370408
    outer loop
      vertex 47.2349 13.9618 2
      vertex 46.75 14 2
      vertex 47.0785 12.9741 4.5
    endloop
  endfacet
  facet normal 0.216821 -0.90321 0.370405
    outer loop
      vertex 47.35 8.44883 3.42171
      vertex 47.35 7.86579 2
      vertex 47.708 7.95173 2
    endloop
  endfacet
  facet normal 0.355419 -0.858179 0.370413
    outer loop
      vertex 47.7034 9.02889 4.5
      vertex 47.3989 8.90278 4.5
      vertex 47.708 7.95173 2
    endloop
  endfacet
  facet normal 0.485726 0.792027 0.369815
    outer loop
      vertex 48.1574 13.6621 2
      vertex 48.5054 13.3161 2.28395
      vertex 48.4997 13.352 2.21455
    endloop
  endfacet
  facet normal 0.485397 0.792001 0.370302
    outer loop
      vertex 48.1574 13.6621 2
      vertex 48.4997 13.352 2.21455
      vertex 48.4821 13.4631 2
    endloop
  endfacet
  facet normal 0.485231 0.79204 0.370436
    outer loop
      vertex 48.5054 13.3161 2.28395
      vertex 48.1574 13.6621 2
      vertex 47.9843 12.5989 4.5
    endloop
  endfacet
  facet normal -0.706366 0.603202 0.370398
    outer loop
      vertex 45.2651 12.3849 4.5
      vertex 44.558 13.092 2
      vertex 45.0511 12.1343 4.5
    endloop
  endfacet
  facet normal -0.216693 0.90324 0.370408
    outer loop
      vertex 46.2651 13.9618 2
      vertex 45.792 13.8483 2
      vertex 46.4215 12.9741 4.5
    endloop
  endfacet
  facet normal 0.7919 0.485425 0.370482
    outer loop
      vertex 48.6621 12.2316 3.9168
      vertex 48.4489 12.1343 4.5
      vertex 48.667 12.1698 3.9873
    endloop
  endfacet
  facet normal 0.7916 0.485933 0.370457
    outer loop
      vertex 48.4489 12.1343 4.5
      vertex 48.6621 12.2316 3.9168
      vertex 48.6578 12.2861 3.8545
    endloop
  endfacet
  facet normal -0.485391 -0.791957 0.370405
    outer loop
      vertex 45.5157 9.20106 4.5
      vertex 44.9279 8.39205 2
      vertex 45.3426 8.13788 2
    endloop
  endfacet
  facet normal 0.603303 0.706258 0.370438
    outer loop
      vertex 48.5065 13.3023 2.30847
      vertex 47.9843 12.5989 4.5
      vertex 48.5701 12.9005 2.97094
    endloop
  endfacet
  facet normal 0.603268 0.706288 0.37044
    outer loop
      vertex 47.9843 12.5989 4.5
      vertex 48.5065 13.3023 2.30847
      vertex 48.5054 13.3161 2.28395
    endloop
  endfacet
  facet normal -0.706329 -0.603242 0.370402
    outer loop
      vertex 45.0511 9.66565 4.5
      vertex 44.558 8.70797 2
      vertex 45.2651 9.41508 4.5
    endloop
  endfacet
  facet normal -0.706243 -0.603333 0.370419
    outer loop
      vertex 45.0511 9.66565 4.5
      vertex 44.242 9.07787 2
      vertex 44.558 8.70797 2
    endloop
  endfacet
  facet normal -0.603332 0.706242 0.370423
    outer loop
      vertex 44.9279 13.408 2
      vertex 44.558 13.092 2
      vertex 45.5157 12.5989 4.5
    endloop
  endfacet
  facet normal -0.858135 -0.355536 0.370403
    outer loop
      vertex 44.8789 9.94662 4.5
      vertex 43.8017 9.94205 2
      vertex 43.9879 9.49263 2
    endloop
  endfacet
  facet normal -0.603202 0.706366 0.370398
    outer loop
      vertex 45.5157 12.5989 4.5
      vertex 44.558 13.092 2
      vertex 45.2651 12.3849 4.5
    endloop
  endfacet
  facet normal -0.0729495 0.926 0.370408
    outer loop
      vertex 46.75 14 2
      vertex 46.2651 13.9618 2
      vertex 46.4215 12.9741 4.5
    endloop
  endfacet
  facet normal -0.216821 -0.90321 0.370405
    outer loop
      vertex 46.15 8.44883 3.42171
      vertex 45.792 7.95173 2
      vertex 46.15 7.86579 2
    endloop
  endfacet
  facet normal -0.925999 0.0730087 0.3704
    outer loop
      vertex 44.6759 11.2285 4.5
      vertex 43.65 10.9 2
      vertex 44.65 10.9 4.5
    endloop
  endfacet
  facet normal -0.355419 -0.858179 0.370413
    outer loop
      vertex 45.7966 9.02889 4.5
      vertex 45.792 7.95173 2
      vertex 46.1011 8.90278 4.5
    endloop
  endfacet
  facet normal -0.216782 0.903213 0.370421
    outer loop
      vertex 46.4215 12.9741 4.5
      vertex 45.792 13.8483 2
      vertex 46.1011 12.8972 4.5
    endloop
  endfacet
  facet normal -0.858178 -0.355413 0.370421
    outer loop
      vertex 44.7528 10.2511 4.5
      vertex 43.8017 9.94205 2
      vertex 44.8789 9.94662 4.5
    endloop
  endfacet
  facet normal -0.792009 0.485289 0.370427
    outer loop
      vertex 44.242 12.7221 2
      vertex 43.9879 12.3074 2
      vertex 45.0511 12.1343 4.5
    endloop
  endfacet
  facet normal -0.926 -0.0729495 0.370408
    outer loop
      vertex 44.6759 10.5715 4.5
      vertex 43.65 10.9 2
      vertex 43.6882 10.4151 2
    endloop
  endfacet
  facet normal -0.903235 -0.216715 0.370408
    outer loop
      vertex 44.6759 10.5715 4.5
      vertex 43.6882 10.4151 2
      vertex 43.8017 9.94205 2
    endloop
  endfacet
  facet normal 0.858167 -0.355463 0.3704
    outer loop
      vertex 48.6211 9.94662 4.5
      vertex 48.8134 9.88207 3.99252
      vertex 48.8134 9.9458 4.05368
    endloop
  endfacet
  facet normal 0.858736 -0.354047 0.370436
    outer loop
      vertex 48.8134 9.88207 3.99252
      vertex 48.6211 9.94662 4.5
      vertex 48.8162 9.84724 3.95274
    endloop
  endfacet
  facet normal 0.216782 0.903213 0.370421
    outer loop
      vertex 47.708 13.8483 2
      vertex 47.0785 12.9741 4.5
      vertex 47.3989 12.8972 4.5
    endloop
  endfacet
  facet normal 0.858218 0.355477 0.370267
    outer loop
      vertex 48.6211 11.8534 4.5
      vertex 48.7251 11.6237 4.47947
      vertex 48.707 11.8537 4.30061
    endloop
  endfacet
  facet normal 0.858055 0.355359 0.370758
    outer loop
      vertex 48.7251 11.6237 4.47947
      vertex 48.6211 11.8534 4.5
      vertex 48.7306 11.589 4.5
    endloop
  endfacet
  facet normal 0.85833 0.355156 0.370315
    outer loop
      vertex 48.7037 11.8955 4.26817
      vertex 48.6211 11.8534 4.5
      vertex 48.707 11.8537 4.30061
    endloop
  endfacet
  facet normal 0.791902 -0.48545 0.370445
    outer loop
      vertex 48.4489 9.66565 4.5
      vertex 48.8162 9.57967 3.60215
      vertex 48.8162 9.60589 3.63651
    endloop
  endfacet
  facet normal 0.791926 -0.485406 0.370451
    outer loop
      vertex 48.8162 9.57967 3.60215
      vertex 48.4489 9.66565 4.5
      vertex 48.8162 9.39885 3.36522
    endloop
  endfacet
  facet normal 0.706779 0.602693 0.370438
    outer loop
      vertex 48.2349 12.3849 4.5
      vertex 48.6042 12.6245 3.40557
      vertex 48.5948 12.7448 3.22778
    endloop
  endfacet
  facet normal 0.706092 0.603528 0.370389
    outer loop
      vertex 48.2349 12.3849 4.5
      vertex 48.6271 12.4803 3.59688
      vertex 48.6042 12.6245 3.40557
    endloop
  endfacet
  facet normal 0.706346 0.603185 0.370463
    outer loop
      vertex 48.6271 12.4803 3.59688
      vertex 48.2349 12.3849 4.5
      vertex 48.4489 12.1343 4.5
    endloop
  endfacet
  facet normal -0.926 0.0729495 0.370408
    outer loop
      vertex 43.6882 11.3849 2
      vertex 43.65 10.9 2
      vertex 44.6759 11.2285 4.5
    endloop
  endfacet
  facet normal -0.90324 0.216693 0.370408
    outer loop
      vertex 43.8017 11.858 2
      vertex 43.6882 11.3849 2
      vertex 44.6759 11.2285 4.5
    endloop
  endfacet
  facet normal 0.705989 -0.603623 0.37043
    outer loop
      vertex 48.4489 9.66565 4.5
      vertex 48.8098 9.31811 3.24585
      vertex 48.8162 9.39885 3.36522
    endloop
  endfacet
  facet normal 0.706276 -0.603294 0.370421
    outer loop
      vertex 48.4489 9.66565 4.5
      vertex 48.8098 9.12397 2.92966
      vertex 48.8098 9.31811 3.24585
    endloop
  endfacet
  facet normal 0.706297 -0.60327 0.370418
    outer loop
      vertex 48.8098 9.12397 2.92966
      vertex 48.4489 9.66565 4.5
      vertex 48.8098 8.96478 2.6704
    endloop
  endfacet
  facet normal 0.706326 -0.60324 0.370412
    outer loop
      vertex 48.2349 9.41508 4.5
      vertex 48.8098 8.96478 2.6704
      vertex 48.4489 9.66565 4.5
    endloop
  endfacet
  facet normal 0.706293 -0.603279 0.370411
    outer loop
      vertex 48.8098 8.96478 2.6704
      vertex 48.2349 9.41508 4.5
      vertex 48.8098 8.8402 2.4675
    endloop
  endfacet
  facet normal 0.603232 -0.706335 0.370409
    outer loop
      vertex 47.9843 9.20106 4.5
      vertex 48.8098 8.8402 2.4675
      vertex 48.2349 9.41508 4.5
    endloop
  endfacet
  facet normal 0.603574 -0.706 0.370488
    outer loop
      vertex 48.8098 8.8402 2.4675
      vertex 47.9843 9.20106 4.5
      vertex 48.805 8.77855 2.35784
    endloop
  endfacet
  facet normal -0.791914 0.485466 0.370399
    outer loop
      vertex 45.0511 12.1343 4.5
      vertex 43.9879 12.3074 2
      vertex 44.8789 11.8534 4.5
    endloop
  endfacet
  facet normal -0.0730087 0.925999 0.3704
    outer loop
      vertex 46.75 14 2
      vertex 46.4215 12.9741 4.5
      vertex 46.75 13 4.5
    endloop
  endfacet
  facet normal -0.355549 0.858129 0.370405
    outer loop
      vertex 45.792 13.8483 2
      vertex 45.3426 13.6621 2
      vertex 45.7966 12.7711 4.5
    endloop
  endfacet
  facet normal -0.792042 -0.485239 0.370422
    outer loop
      vertex 45.0511 9.66565 4.5
      vertex 43.9879 9.49263 2
      vertex 44.242 9.07787 2
    endloop
  endfacet
  facet normal -0.706242 0.603332 0.370423
    outer loop
      vertex 44.558 13.092 2
      vertex 44.242 12.7221 2
      vertex 45.0511 12.1343 4.5
    endloop
  endfacet
  facet normal -0.355392 0.858184 0.370428
    outer loop
      vertex 46.1011 12.8972 4.5
      vertex 45.792 13.8483 2
      vertex 45.7966 12.7711 4.5
    endloop
  endfacet
  facet normal 0.903241 -0.21684 0.370318
    outer loop
      vertex 48.7472 10.2511 4.5
      vertex 48.8034 10.3724 4.43395
      vertex 48.8034 10.4852 4.5
    endloop
  endfacet
  facet normal 0.903207 -0.21675 0.370454
    outer loop
      vertex 48.7472 10.2511 4.5
      vertex 48.8034 10.3563 4.42453
      vertex 48.8034 10.3724 4.43395
    endloop
  endfacet
  facet normal 0.902916 -0.215609 0.371827
    outer loop
      vertex 48.7472 10.2511 4.5
      vertex 48.8052 10.3344 4.40746
      vertex 48.8034 10.3563 4.42453
    endloop
  endfacet
  facet normal 0.903091 -0.217296 0.370418
    outer loop
      vertex 48.8052 10.3344 4.40746
      vertex 48.7472 10.2511 4.5
      vertex 48.8134 10.2296 4.32599
    endloop
  endfacet
  facet normal -0.355467 -0.858163 0.370405
    outer loop
      vertex 45.7966 9.02889 4.5
      vertex 45.3426 8.13788 2
      vertex 45.792 7.95173 2
    endloop
  endfacet
  facet normal -0.485404 -0.79195 0.370403
    outer loop
      vertex 45.5157 9.20106 4.5
      vertex 45.3426 8.13788 2
      vertex 45.7966 9.02889 4.5
    endloop
  endfacet
  facet normal -0.903213 0.216782 0.370421
    outer loop
      vertex 44.7528 11.5489 4.5
      vertex 43.8017 11.858 2
      vertex 44.6759 11.2285 4.5
    endloop
  endfacet
  facet normal -0.603233 -0.706337 0.370402
    outer loop
      vertex 45.2651 9.41508 4.5
      vertex 44.558 8.70797 2
      vertex 45.5157 9.20106 4.5
    endloop
  endfacet
  facet normal -1 0 0
    outer loop
      vertex 46.15 8.44883 3.42171
      vertex 46.15 8.89103 5.54855
      vertex 46.15 8.89103 4.5
    endloop
  endfacet
  facet normal -1 0 0
    outer loop
      vertex 46.15 2 4
      vertex 46.15 8.44883 3.42171
      vertex 46.15 7.86579 2
    endloop
  endfacet
  facet normal -1 0 0
    outer loop
      vertex 46.15 2 4
      vertex 46.15 7.86579 2
      vertex 46.15 2 2
    endloop
  endfacet
  facet normal -1 0 0
    outer loop
      vertex 46.15 8.44883 3.42171
      vertex 46.15 2 4
      vertex 46.15 8.89103 5.54855
    endloop
  endfacet
  facet normal -9.96077e-06 -0.219252 0.975668
    outer loop
      vertex 47.0785 8.82585 5.5339
      vertex 47.35 2 4
      vertex 47.35 8.89103 5.54855
    endloop
  endfacet
  facet normal -2.98147e-06 -0.219252 0.975668
    outer loop
      vertex 46.75 8.8 5.52809
      vertex 47.35 2 4
      vertex 47.0785 8.82585 5.5339
    endloop
  endfacet
  facet normal 2.98147e-06 -0.219252 0.975668
    outer loop
      vertex 46.15 2 4
      vertex 46.75 8.8 5.52809
      vertex 46.4215 8.82585 5.5339
    endloop
  endfacet
  facet normal 9.96077e-06 -0.219252 0.975668
    outer loop
      vertex 46.15 2 4
      vertex 46.4215 8.82585 5.5339
      vertex 46.15 8.89103 5.54855
    endloop
  endfacet
  facet normal 0 -0.219251 0.975668
    outer loop
      vertex 46.75 8.8 5.52809
      vertex 46.15 2 4
      vertex 47.35 2 4
    endloop
  endfacet
  facet normal 0 -1 0
    outer loop
      vertex 46.15 2 2
      vertex 47.35 2 4
      vertex 46.15 2 4
    endloop
  endfacet
  facet normal 0 -1 -0
    outer loop
      vertex 47.35 2 4
      vertex 46.15 2 2
      vertex 47.35 2 2
    endloop
  endfacet
  facet normal 1 0 0
    outer loop
      vertex 47.35 8.89103 5.54855
      vertex 47.35 8.44883 3.42171
      vertex 47.35 8.89103 4.5
    endloop
  endfacet
  facet normal 1 -0 0
    outer loop
      vertex 47.35 2 4
      vertex 47.35 8.44883 3.42171
      vertex 47.35 8.89103 5.54855
    endloop
  endfacet
  facet normal 1 0 0
    outer loop
      vertex 47.35 8.44883 3.42171
      vertex 47.35 2 4
      vertex 47.35 7.86579 2
    endloop
  endfacet
  facet normal 1 0 0
    outer loop
      vertex 47.35 7.86579 2
      vertex 47.35 2 4
      vertex 47.35 2 2
    endloop
  endfacet
  facet normal -0.972247 -0.233958 0
    outer loop
      vertex 47.4414 11.0095 2
      vertex 47.4157 11.1163 6
      vertex 47.4157 11.1163 2
    endloop
  endfacet
  facet normal -0.972247 -0.233958 0
    outer loop
      vertex 47.4157 11.1163 6
      vertex 47.4414 11.0095 2
      vertex 47.4414 11.0095 6
    endloop
  endfacet
  facet normal -0.99693 -0.0782977 0
    outer loop
      vertex 47.45 10.9 2
      vertex 47.4414 11.0095 6
      vertex 47.4414 11.0095 2
    endloop
  endfacet
  facet normal -0.99693 -0.0782977 0
    outer loop
      vertex 47.4414 11.0095 6
      vertex 47.45 10.9 2
      vertex 47.45 10.9 6
    endloop
  endfacet
  facet normal -0.382352 0.924017 0
    outer loop
      vertex 47.0678 10.2763 2
      vertex 46.9663 10.2343 6
      vertex 47.0678 10.2763 6
    endloop
  endfacet
  facet normal -0.382352 0.924017 0
    outer loop
      vertex 46.9663 10.2343 6
      vertex 47.0678 10.2763 2
      vertex 46.9663 10.2343 2
    endloop
  endfacet
  facet normal 0.924017 0.382352 0
    outer loop
      vertex 46.1263 10.5822 6
      vertex 46.0843 10.6837 2
      vertex 46.0843 10.6837 6
    endloop
  endfacet
  facet normal 0.924017 0.382352 0
    outer loop
      vertex 46.0843 10.6837 2
      vertex 46.1263 10.5822 6
      vertex 46.1263 10.5822 2
    endloop
  endfacet
  facet normal 0.522776 -0.85247 0
    outer loop
      vertex 46.3386 11.4663 2
      vertex 46.4322 11.5237 6
      vertex 46.3386 11.4663 6
    endloop
  endfacet
  facet normal 0.522776 -0.85247 0
    outer loop
      vertex 46.4322 11.5237 6
      vertex 46.3386 11.4663 2
      vertex 46.4322 11.5237 2
    endloop
  endfacet
  facet normal -0.972247 0.233958 0
    outer loop
      vertex 47.4157 10.6837 2
      vertex 47.4414 10.7905 6
      vertex 47.4414 10.7905 2
    endloop
  endfacet
  facet normal -0.972247 0.233958 0
    outer loop
      vertex 47.4414 10.7905 6
      vertex 47.4157 10.6837 2
      vertex 47.4157 10.6837 6
    endloop
  endfacet
  facet normal -0.648916 -0.76086 0
    outer loop
      vertex 47.1614 11.4663 2
      vertex 47.245 11.395 6
      vertex 47.1614 11.4663 6
    endloop
  endfacet
  facet normal -0.648916 -0.76086 -0
    outer loop
      vertex 47.245 11.395 6
      vertex 47.1614 11.4663 2
      vertex 47.245 11.395 2
    endloop
  endfacet
  facet normal 0.99693 -0.0782977 0
    outer loop
      vertex 46.05 10.9 6
      vertex 46.0586 11.0095 2
      vertex 46.0586 11.0095 6
    endloop
  endfacet
  facet normal 0.99693 -0.0782977 0
    outer loop
      vertex 46.0586 11.0095 2
      vertex 46.05 10.9 6
      vertex 46.05 10.9 2
    endloop
  endfacet
  facet normal 0.972247 0.233958 0
    outer loop
      vertex 46.0843 10.6837 6
      vertex 46.0586 10.7905 2
      vertex 46.0586 10.7905 6
    endloop
  endfacet
  facet normal 0.972247 0.233958 0
    outer loop
      vertex 46.0586 10.7905 2
      vertex 46.0843 10.6837 6
      vertex 46.0843 10.6837 2
    endloop
  endfacet
  facet normal 0.972247 -0.233958 0
    outer loop
      vertex 46.0586 11.0095 6
      vertex 46.0843 11.1163 2
      vertex 46.0843 11.1163 6
    endloop
  endfacet
  facet normal 0.972247 -0.233958 0
    outer loop
      vertex 46.0843 11.1163 2
      vertex 46.0586 11.0095 6
      vertex 46.0586 11.0095 2
    endloop
  endfacet
  facet normal 0.648916 0.76086 -0
    outer loop
      vertex 46.3386 10.3337 2
      vertex 46.255 10.405 6
      vertex 46.3386 10.3337 6
    endloop
  endfacet
  facet normal 0.648916 0.76086 0
    outer loop
      vertex 46.255 10.405 6
      vertex 46.3386 10.3337 2
      vertex 46.255 10.405 2
    endloop
  endfacet
  facet normal -0.233958 0.972247 0
    outer loop
      vertex 46.9663 10.2343 2
      vertex 46.8595 10.2086 6
      vertex 46.9663 10.2343 6
    endloop
  endfacet
  facet normal -0.233958 0.972247 0
    outer loop
      vertex 46.8595 10.2086 6
      vertex 46.9663 10.2343 2
      vertex 46.8595 10.2086 2
    endloop
  endfacet
  facet normal 0.648916 -0.76086 0
    outer loop
      vertex 46.255 11.395 2
      vertex 46.3386 11.4663 6
      vertex 46.255 11.395 6
    endloop
  endfacet
  facet normal 0.648916 -0.76086 0
    outer loop
      vertex 46.3386 11.4663 6
      vertex 46.255 11.395 2
      vertex 46.3386 11.4663 2
    endloop
  endfacet
  facet normal 0.924017 -0.382352 0
    outer loop
      vertex 46.0843 11.1163 6
      vertex 46.1263 11.2178 2
      vertex 46.1263 11.2178 6
    endloop
  endfacet
  facet normal 0.924017 -0.382352 0
    outer loop
      vertex 46.1263 11.2178 2
      vertex 46.0843 11.1163 6
      vertex 46.0843 11.1163 2
    endloop
  endfacet
  facet normal -0.76086 -0.648916 0
    outer loop
      vertex 47.3163 11.3114 2
      vertex 47.245 11.395 6
      vertex 47.245 11.395 2
    endloop
  endfacet
  facet normal -0.76086 -0.648916 0
    outer loop
      vertex 47.245 11.395 6
      vertex 47.3163 11.3114 2
      vertex 47.3163 11.3114 6
    endloop
  endfacet
  facet normal -0.382352 -0.924017 0
    outer loop
      vertex 46.9663 11.5657 2
      vertex 47.0678 11.5237 6
      vertex 46.9663 11.5657 6
    endloop
  endfacet
  facet normal -0.382352 -0.924017 -0
    outer loop
      vertex 47.0678 11.5237 6
      vertex 46.9663 11.5657 2
      vertex 47.0678 11.5237 2
    endloop
  endfacet
  facet normal 0.382352 0.924017 -0
    outer loop
      vertex 46.5337 10.2343 2
      vertex 46.4322 10.2763 6
      vertex 46.5337 10.2343 6
    endloop
  endfacet
  facet normal 0.382352 0.924017 0
    outer loop
      vertex 46.4322 10.2763 6
      vertex 46.5337 10.2343 2
      vertex 46.4322 10.2763 2
    endloop
  endfacet
  facet normal 0.233958 -0.972247 0
    outer loop
      vertex 46.5337 11.5657 2
      vertex 46.6405 11.5914 6
      vertex 46.5337 11.5657 6
    endloop
  endfacet
  facet normal 0.233958 -0.972247 0
    outer loop
      vertex 46.6405 11.5914 6
      vertex 46.5337 11.5657 2
      vertex 46.6405 11.5914 2
    endloop
  endfacet
  facet normal 0.522776 0.85247 -0
    outer loop
      vertex 46.4322 10.2763 2
      vertex 46.3386 10.3337 6
      vertex 46.4322 10.2763 6
    endloop
  endfacet
  facet normal 0.522776 0.85247 0
    outer loop
      vertex 46.3386 10.3337 6
      vertex 46.4322 10.2763 2
      vertex 46.3386 10.3337 2
    endloop
  endfacet
  facet normal -0.522776 0.85247 0
    outer loop
      vertex 47.1614 10.3337 2
      vertex 47.0678 10.2763 6
      vertex 47.1614 10.3337 6
    endloop
  endfacet
  facet normal -0.522776 0.85247 0
    outer loop
      vertex 47.0678 10.2763 6
      vertex 47.1614 10.3337 2
      vertex 47.0678 10.2763 2
    endloop
  endfacet
  facet normal -0.99693 0.0782977 0
    outer loop
      vertex 47.4414 10.7905 2
      vertex 47.45 10.9 6
      vertex 47.45 10.9 2
    endloop
  endfacet
  facet normal -0.99693 0.0782977 0
    outer loop
      vertex 47.45 10.9 6
      vertex 47.4414 10.7905 2
      vertex 47.4414 10.7905 6
    endloop
  endfacet
  facet normal -0.85247 0.522776 0
    outer loop
      vertex 47.3163 10.4886 2
      vertex 47.3737 10.5822 6
      vertex 47.3737 10.5822 2
    endloop
  endfacet
  facet normal -0.85247 0.522776 0
    outer loop
      vertex 47.3737 10.5822 6
      vertex 47.3163 10.4886 2
      vertex 47.3163 10.4886 6
    endloop
  endfacet
  facet normal -0.522776 -0.85247 0
    outer loop
      vertex 47.0678 11.5237 2
      vertex 47.1614 11.4663 6
      vertex 47.0678 11.5237 6
    endloop
  endfacet
  facet normal -0.522776 -0.85247 -0
    outer loop
      vertex 47.1614 11.4663 6
      vertex 47.0678 11.5237 2
      vertex 47.1614 11.4663 2
    endloop
  endfacet
  facet normal 0.0782977 0.99693 -0
    outer loop
      vertex 46.75 10.2 2
      vertex 46.6405 10.2086 6
      vertex 46.75 10.2 6
    endloop
  endfacet
  facet normal 0.0782977 0.99693 0
    outer loop
      vertex 46.6405 10.2086 6
      vertex 46.75 10.2 2
      vertex 46.6405 10.2086 2
    endloop
  endfacet
  facet normal 0.0782977 -0.99693 0
    outer loop
      vertex 46.6405 11.5914 2
      vertex 46.75 11.6 6
      vertex 46.6405 11.5914 6
    endloop
  endfacet
  facet normal 0.0782977 -0.99693 0
    outer loop
      vertex 46.75 11.6 6
      vertex 46.6405 11.5914 2
      vertex 46.75 11.6 2
    endloop
  endfacet
  facet normal 0.382352 -0.924017 0
    outer loop
      vertex 46.4322 11.5237 2
      vertex 46.5337 11.5657 6
      vertex 46.4322 11.5237 6
    endloop
  endfacet
  facet normal 0.382352 -0.924017 0
    outer loop
      vertex 46.5337 11.5657 6
      vertex 46.4322 11.5237 2
      vertex 46.5337 11.5657 2
    endloop
  endfacet
  facet normal 0.99693 0.0782977 0
    outer loop
      vertex 46.0586 10.7905 6
      vertex 46.05 10.9 2
      vertex 46.05 10.9 6
    endloop
  endfacet
  facet normal 0.99693 0.0782977 0
    outer loop
      vertex 46.05 10.9 2
      vertex 46.0586 10.7905 6
      vertex 46.0586 10.7905 2
    endloop
  endfacet
  facet normal 0.85247 0.522776 0
    outer loop
      vertex 46.1837 10.4886 6
      vertex 46.1263 10.5822 2
      vertex 46.1263 10.5822 6
    endloop
  endfacet
  facet normal 0.85247 0.522776 0
    outer loop
      vertex 46.1263 10.5822 2
      vertex 46.1837 10.4886 6
      vertex 46.1837 10.4886 2
    endloop
  endfacet
  facet normal 0.76086 0.648916 0
    outer loop
      vertex 46.255 10.405 6
      vertex 46.1837 10.4886 2
      vertex 46.1837 10.4886 6
    endloop
  endfacet
  facet normal 0.76086 0.648916 0
    outer loop
      vertex 46.1837 10.4886 2
      vertex 46.255 10.405 6
      vertex 46.255 10.405 2
    endloop
  endfacet
  facet normal -0.0782977 0.99693 0
    outer loop
      vertex 46.8595 10.2086 2
      vertex 46.75 10.2 6
      vertex 46.8595 10.2086 6
    endloop
  endfacet
  facet normal -0.0782977 0.99693 0
    outer loop
      vertex 46.75 10.2 6
      vertex 46.8595 10.2086 2
      vertex 46.75 10.2 2
    endloop
  endfacet
  facet normal -0.924017 -0.382352 0
    outer loop
      vertex 47.4157 11.1163 2
      vertex 47.3737 11.2178 6
      vertex 47.3737 11.2178 2
    endloop
  endfacet
  facet normal -0.924017 -0.382352 0
    outer loop
      vertex 47.3737 11.2178 6
      vertex 47.4157 11.1163 2
      vertex 47.4157 11.1163 6
    endloop
  endfacet
  facet normal -0.85247 -0.522776 0
    outer loop
      vertex 47.3737 11.2178 2
      vertex 47.3163 11.3114 6
      vertex 47.3163 11.3114 2
    endloop
  endfacet
  facet normal -0.85247 -0.522776 0
    outer loop
      vertex 47.3163 11.3114 6
      vertex 47.3737 11.2178 2
      vertex 47.3737 11.2178 6
    endloop
  endfacet
  facet normal -0.924017 0.382352 0
    outer loop
      vertex 47.3737 10.5822 2
      vertex 47.4157 10.6837 6
      vertex 47.4157 10.6837 2
    endloop
  endfacet
  facet normal -0.924017 0.382352 0
    outer loop
      vertex 47.4157 10.6837 6
      vertex 47.3737 10.5822 2
      vertex 47.3737 10.5822 6
    endloop
  endfacet
  facet normal -0.233958 -0.972247 0
    outer loop
      vertex 46.8595 11.5914 2
      vertex 46.9663 11.5657 6
      vertex 46.8595 11.5914 6
    endloop
  endfacet
  facet normal -0.233958 -0.972247 -0
    outer loop
      vertex 46.9663 11.5657 6
      vertex 46.8595 11.5914 2
      vertex 46.9663 11.5657 2
    endloop
  endfacet
  facet normal 0.233958 0.972247 -0
    outer loop
      vertex 46.6405 10.2086 2
      vertex 46.5337 10.2343 6
      vertex 46.6405 10.2086 6
    endloop
  endfacet
  facet normal 0.233958 0.972247 0
    outer loop
      vertex 46.5337 10.2343 6
      vertex 46.6405 10.2086 2
      vertex 46.5337 10.2343 2
    endloop
  endfacet
  facet normal -0.0782977 -0.99693 0
    outer loop
      vertex 46.75 11.6 2
      vertex 46.8595 11.5914 6
      vertex 46.75 11.6 6
    endloop
  endfacet
  facet normal -0.0782977 -0.99693 -0
    outer loop
      vertex 46.8595 11.5914 6
      vertex 46.75 11.6 2
      vertex 46.8595 11.5914 2
    endloop
  endfacet
  facet normal 0.76086 -0.648916 0
    outer loop
      vertex 46.1837 11.3114 6
      vertex 46.255 11.395 2
      vertex 46.255 11.395 6
    endloop
  endfacet
  facet normal 0.76086 -0.648916 0
    outer loop
      vertex 46.255 11.395 2
      vertex 46.1837 11.3114 6
      vertex 46.1837 11.3114 2
    endloop
  endfacet
  facet normal -0.76086 0.648916 0
    outer loop
      vertex 47.245 10.405 2
      vertex 47.3163 10.4886 6
      vertex 47.3163 10.4886 2
    endloop
  endfacet
  facet normal -0.76086 0.648916 0
    outer loop
      vertex 47.3163 10.4886 6
      vertex 47.245 10.405 2
      vertex 47.245 10.405 6
    endloop
  endfacet
  facet normal 0.85247 -0.522776 0
    outer loop
      vertex 46.1263 11.2178 6
      vertex 46.1837 11.3114 2
      vertex 46.1837 11.3114 6
    endloop
  endfacet
  facet normal 0.85247 -0.522776 0
    outer loop
      vertex 46.1837 11.3114 2
      vertex 46.1263 11.2178 6
      vertex 46.1263 11.2178 2
    endloop
  endfacet
  facet normal -0.648916 0.76086 0
    outer loop
      vertex 47.245 10.405 2
      vertex 47.1614 10.3337 6
      vertex 47.245 10.405 6
    endloop
  endfacet
  facet normal -0.648916 0.76086 0
    outer loop
      vertex 47.1614 10.3337 6
      vertex 47.245 10.405 2
      vertex 47.1614 10.3337 2
    endloop
  endfacet
  facet normal 1 -0 0
    outer loop
      vertex 50.15 56.2 10
      vertex 50.15 57.4 2
      vertex 50.15 57.4 10
    endloop
  endfacet
  facet normal 1 0 0
    outer loop
      vertex 50.15 57.4 2
      vertex 50.15 56.2 10
      vertex 50.15 56.2 2
    endloop
  endfacet
  facet normal -0 0 1
    outer loop
      vertex 18.65 57.4 10
      vertex 50.15 56.2 10
      vertex 50.15 57.4 10
    endloop
  endfacet
  facet normal 0 0 1
    outer loop
      vertex 50.15 56.2 10
      vertex 18.65 57.4 10
      vertex 18.65 56.2 10
    endloop
  endfacet
  facet normal -1 0 0
    outer loop
      vertex 18.65 56.2 2
      vertex 18.65 57.4 10
      vertex 18.65 57.4 2
    endloop
  endfacet
  facet normal -1 -0 0
    outer loop
      vertex 18.65 57.4 10
      vertex 18.65 56.2 2
      vertex 18.65 56.2 10
    endloop
  endfacet
  facet normal 0 1 -0
    outer loop
      vertex 50.15 57.4 2
      vertex 18.65 57.4 10
      vertex 50.15 57.4 10
    endloop
  endfacet
  facet normal 0 1 0
    outer loop
      vertex 18.65 57.4 10
      vertex 50.15 57.4 2
      vertex 18.65 57.4 2
    endloop
  endfacet
  facet normal 0 -1 0
    outer loop
      vertex 18.65 56.2 2
      vertex 50.15 56.2 10
      vertex 18.65 56.2 10
    endloop
  endfacet
  facet normal 0 -1 -0
    outer loop
      vertex 50.15 56.2 10
      vertex 18.65 56.2 2
      vertex 50.15 56.2 2
    endloop
  endfacet
  facet normal 1 -0 0
    outer loop
      vertex 50.15 17.4 10
      vertex 50.15 18.6 2
      vertex 50.15 18.6 10
    endloop
  endfacet
  facet normal 1 0 0
    outer loop
      vertex 50.15 18.6 2
      vertex 50.15 17.4 10
      vertex 50.15 17.4 2
    endloop
  endfacet
  facet normal -0 0 1
    outer loop
      vertex 18.65 18.6 10
      vertex 50.15 17.4 10
      vertex 50.15 18.6 10
    endloop
  endfacet
  facet normal 0 0 1
    outer loop
      vertex 50.15 17.4 10
      vertex 18.65 18.6 10
      vertex 18.65 17.4 10
    endloop
  endfacet
  facet normal -1 0 0
    outer loop
      vertex 18.65 17.4 2
      vertex 18.65 18.6 10
      vertex 18.65 18.6 2
    endloop
  endfacet
  facet normal -1 -0 0
    outer loop
      vertex 18.65 18.6 10
      vertex 18.65 17.4 2
      vertex 18.65 17.4 10
    endloop
  endfacet
  facet normal 0 1 -0
    outer loop
      vertex 50.15 18.6 2
      vertex 18.65 18.6 10
      vertex 50.15 18.6 10
    endloop
  endfacet
  facet normal 0 1 0
    outer loop
      vertex 18.65 18.6 10
      vertex 50.15 18.6 2
      vertex 18.65 18.6 2
    endloop
  endfacet
  facet normal 0 -1 0
    outer loop
      vertex 18.65 17.4 2
      vertex 50.15 17.4 10
      vertex 18.65 17.4 10
    endloop
  endfacet
  facet normal 0 -1 -0
    outer loop
      vertex 50.15 17.4 10
      vertex 18.65 17.4 2
      vertex 50.15 17.4 2
    endloop
  endfacet
  facet normal 1 -0 0
    outer loop
      vertex 2.6 28 7
      vertex 2.6 46.8 2
      vertex 2.6 46.8 7
    endloop
  endfacet
  facet normal 1 0 0
    outer loop
      vertex 2.6 46.8 2
      vertex 2.6 28 7
      vertex 2.6 28 2
    endloop
  endfacet
  facet normal -0 0 1
    outer loop
      vertex 2 46.8 7
      vertex 2.6 28 7
      vertex 2.6 46.8 7
    endloop
  endfacet
  facet normal 0 0 1
    outer loop
      vertex 2.6 28 7
      vertex 2 46.8 7
      vertex 2 28 7
    endloop
  endfacet
  facet normal 0 1 -0
    outer loop
      vertex 2.6 46.8 2
      vertex 2 46.8 7
      vertex 2.6 46.8 7
    endloop
  endfacet
  facet normal 0 1 0
    outer loop
      vertex 2 46.8 7
      vertex 2.6 46.8 2
      vertex 2 46.8 2
    endloop
  endfacet
  facet normal 0 -1 0
    outer loop
      vertex 2 28 2
      vertex 2.6 28 7
      vertex 2 28 7
    endloop
  endfacet
  facet normal 0 -1 -0
    outer loop
      vertex 2.6 28 7
      vertex 2 28 2
      vertex 2.6 28 2
    endloop
  endfacet
  facet normal -0 0 1
    outer loop
      vertex 66.2 46.8 7
      vertex 66.8 28 7
      vertex 66.8 46.8 7
    endloop
  endfacet
  facet normal 0 0 1
    outer loop
      vertex 66.8 28 7
      vertex 66.2 46.8 7
      vertex 66.2 28 7
    endloop
  endfacet
  facet normal -1 0 0
    outer loop
      vertex 66.2 28 2
      vertex 66.2 46.8 7
      vertex 66.2 46.8 2
    endloop
  endfacet
  facet normal -1 -0 0
    outer loop
      vertex 66.2 46.8 7
      vertex 66.2 28 2
      vertex 66.2 28 7
    endloop
  endfacet
  facet normal 0 1 -0
    outer loop
      vertex 66.8 46.8 2
      vertex 66.2 46.8 7
      vertex 66.8 46.8 7
    endloop
  endfacet
  facet normal 0 1 0
    outer loop
      vertex 66.2 46.8 7
      vertex 66.8 46.8 2
      vertex 66.2 46.8 2
    endloop
  endfacet
  facet normal 0 -1 0
    outer loop
      vertex 66.2 28 2
      vertex 66.8 28 7
      vertex 66.2 28 7
    endloop
  endfacet
  facet normal 0 -1 -0
    outer loop
      vertex 66.8 28 7
      vertex 66.2 28 2
      vertex 66.8 28 2
    endloop
  endfacet
  facet normal 0 -1 0
    outer loop
      vertex 2 7.8 3.2
      vertex 4.80917 7.8 3.1485
      vertex 4.85317 7.8 3.2
    endloop
  endfacet
  facet normal 0 -1 0
    outer loop
      vertex 2 7.8 3.2
      vertex 4.61175 7.8 2.91743
      vertex 4.80917 7.8 3.1485
    endloop
  endfacet
  facet normal 0 -1 0
    outer loop
      vertex 3.84722 7.8 2
      vertex 2 7.8 3.2
      vertex 2 7.8 2
    endloop
  endfacet
  facet normal 0 -1 0
    outer loop
      vertex 2 7.8 3.2
      vertex 3.84722 7.8 2
      vertex 4.61175 7.8 2.91743
    endloop
  endfacet
  facet normal 0 1 -0
    outer loop
      vertex 4.80917 9 3.1485
      vertex 2 9 3.2
      vertex 4.85317 9 3.2
    endloop
  endfacet
  facet normal 0 1 -0
    outer loop
      vertex 4.61175 9 2.91743
      vertex 2 9 3.2
      vertex 4.80917 9 3.1485
    endloop
  endfacet
  facet normal 0 1 -0
    outer loop
      vertex 3.84722 9 2
      vertex 2 9 3.2
      vertex 4.61175 9 2.91743
    endloop
  endfacet
  facet normal 0 1 0
    outer loop
      vertex 2 9 3.2
      vertex 3.84722 9 2
      vertex 2 9 2
    endloop
  endfacet
  facet normal 0 0 1
    outer loop
      vertex 8.4 5.85966 3.2
      vertex 7.28754 4.9762 3.2
      vertex 7.8 4.85317 3.2
    endloop
  endfacet
  facet normal 0 0 1
    outer loop
      vertex 8.4 5.85966 3.2
      vertex 6.76564 5.19238 3.2
      vertex 7.28754 4.9762 3.2
    endloop
  endfacet
  facet normal 0 0 1
    outer loop
      vertex 6.2 7.12983 3.2
      vertex 6.76564 5.19238 3.2
      vertex 8.4 5.85966 3.2
    endloop
  endfacet
  facet normal 0 0 1
    outer loop
      vertex 6.76564 5.19238 3.2
      vertex 6.2 7.12983 3.2
      vertex 6.28397 5.48754 3.2
    endloop
  endfacet
  facet normal -0 0 1
    outer loop
      vertex 5.19238 10.0344 3.2
      vertex 6.2 9.67017 3.2
      vertex 5.48754 10.516 3.2
    endloop
  endfacet
  facet normal 0 0 1
    outer loop
      vertex 6.2 7.12983 3.2
      vertex 5.85442 5.85442 3.2
      vertex 6.28397 5.48754 3.2
    endloop
  endfacet
  facet normal 0 0 1
    outer loop
      vertex 4.9762 9.51246 3.2
      vertex 6.2 9.67017 3.2
      vertex 5.19238 10.0344 3.2
    endloop
  endfacet
  facet normal 0 0 1
    outer loop
      vertex 6.2 7.12983 3.2
      vertex 5.48754 6.28397 3.2
      vertex 5.85442 5.85442 3.2
    endloop
  endfacet
  facet normal 0 0 1
    outer loop
      vertex 4.85317 9 3.2
      vertex 6.2 9.67017 3.2
      vertex 4.9762 9.51246 3.2
    endloop
  endfacet
  facet normal 0 0 1
    outer loop
      vertex 6.2 7.12983 3.2
      vertex 5.19238 6.76564 3.2
      vertex 5.48754 6.28397 3.2
    endloop
  endfacet
  facet normal 0 0 1
    outer loop
      vertex 6.2 9.67017 3.2
      vertex 4.85317 9 3.2
      vertex 6.2 7.12983 3.2
    endloop
  endfacet
  facet normal 0 0 1
    outer loop
      vertex 6.2 7.12983 3.2
      vertex 4.9762 7.28754 3.2
      vertex 5.19238 6.76564 3.2
    endloop
  endfacet
  facet normal -0 0 1
    outer loop
      vertex 4.85317 7.8 3.2
      vertex 6.2 7.12983 3.2
      vertex 4.85317 9 3.2
    endloop
  endfacet
  facet normal 0 0 1
    outer loop
      vertex 6.2 7.12983 3.2
      vertex 4.85317 7.8 3.2
      vertex 4.9762 7.28754 3.2
    endloop
  endfacet
  facet normal -0 0 1
    outer loop
      vertex 2 9 3.2
      vertex 4.85317 7.8 3.2
      vertex 4.85317 9 3.2
    endloop
  endfacet
  facet normal 0 0 1
    outer loop
      vertex 4.85317 7.8 3.2
      vertex 2 9 3.2
      vertex 2 7.8 3.2
    endloop
  endfacet
  facet normal 0 0 1
    outer loop
      vertex 10.6 9.67017 3.2
      vertex 12 8.4 3.2
      vertex 11.9557 8.96316 3.2
    endloop
  endfacet
  facet normal 0 0 1
    outer loop
      vertex 10.6 9.67017 3.2
      vertex 11.9557 8.96316 3.2
      vertex 11.8238 9.51246 3.2
    endloop
  endfacet
  facet normal 0 0 1
    outer loop
      vertex 10.6 7.12983 3.2
      vertex 12 8.4 3.2
      vertex 10.6 9.67017 3.2
    endloop
  endfacet
  facet normal -0 0 1
    outer loop
      vertex 10.6 9.67017 3.2
      vertex 11.8238 9.51246 3.2
      vertex 11.6076 10.0344 3.2
    endloop
  endfacet
  facet normal 0 0 1
    outer loop
      vertex 12 8.4 3.2
      vertex 10.6 7.12983 3.2
      vertex 11.9557 7.83684 3.2
    endloop
  endfacet
  facet normal 0 0 1
    outer loop
      vertex 10.6 9.67017 3.2
      vertex 11.6076 10.0344 3.2
      vertex 11.3125 10.516 3.2
    endloop
  endfacet
  facet normal 0 0 1
    outer loop
      vertex 11.9557 7.83684 3.2
      vertex 10.6 7.12983 3.2
      vertex 11.8238 7.28754 3.2
    endloop
  endfacet
  facet normal 0 0 1
    outer loop
      vertex 10.6 9.67017 3.2
      vertex 11.3125 10.516 3.2
      vertex 10.9456 10.9456 3.2
    endloop
  endfacet
  facet normal 0 0 1
    outer loop
      vertex 11.8238 7.28754 3.2
      vertex 10.6 7.12983 3.2
      vertex 11.6076 6.76564 3.2
    endloop
  endfacet
  facet normal 0 0 1
    outer loop
      vertex 11.6076 6.76564 3.2
      vertex 10.6 7.12983 3.2
      vertex 11.3125 6.28397 3.2
    endloop
  endfacet
  facet normal 0 0 1
    outer loop
      vertex 10.516 11.3125 3.2
      vertex 10.6 9.67017 3.2
      vertex 10.9456 10.9456 3.2
    endloop
  endfacet
  facet normal 0 0 1
    outer loop
      vertex 10.0344 11.6076 3.2
      vertex 10.6 9.67017 3.2
      vertex 10.516 11.3125 3.2
    endloop
  endfacet
  facet normal 0 0 1
    outer loop
      vertex 8.4 10.9403 3.2
      vertex 10.0344 11.6076 3.2
      vertex 9.51246 11.8238 3.2
    endloop
  endfacet
  facet normal 0 0 1
    outer loop
      vertex 8.4 10.9403 3.2
      vertex 9.51246 11.8238 3.2
      vertex 8.96316 11.9557 3.2
    endloop
  endfacet
  facet normal 0 0 1
    outer loop
      vertex 8.4 10.9403 3.2
      vertex 8.96316 11.9557 3.2
      vertex 8.4 12 3.2
    endloop
  endfacet
  facet normal 0 0 1
    outer loop
      vertex 10.0344 11.6076 3.2
      vertex 8.4 10.9403 3.2
      vertex 10.6 9.67017 3.2
    endloop
  endfacet
  facet normal -0 0 1
    outer loop
      vertex 7.83684 11.9557 3.2
      vertex 8.4 10.9403 3.2
      vertex 8.4 12 3.2
    endloop
  endfacet
  facet normal -0 0 1
    outer loop
      vertex 7.28754 11.8238 3.2
      vertex 8.4 10.9403 3.2
      vertex 7.83684 11.9557 3.2
    endloop
  endfacet
  facet normal -0 0 1
    outer loop
      vertex 6.76564 11.6076 3.2
      vertex 8.4 10.9403 3.2
      vertex 7.28754 11.8238 3.2
    endloop
  endfacet
  facet normal 0 0 1
    outer loop
      vertex 6.2 9.67017 3.2
      vertex 6.76564 11.6076 3.2
      vertex 6.28397 11.3125 3.2
    endloop
  endfacet
  facet normal 0 0 1
    outer loop
      vertex 6.76564 11.6076 3.2
      vertex 6.2 9.67017 3.2
      vertex 8.4 10.9403 3.2
    endloop
  endfacet
  facet normal -0 0 1
    outer loop
      vertex 5.48754 10.516 3.2
      vertex 6.2 9.67017 3.2
      vertex 5.85442 10.9456 3.2
    endloop
  endfacet
  facet normal -0 0 1
    outer loop
      vertex 5.85442 10.9456 3.2
      vertex 6.2 9.67017 3.2
      vertex 6.28397 11.3125 3.2
    endloop
  endfacet
  facet normal 0 0 1
    outer loop
      vertex 11.3125 6.28397 3.2
      vertex 10.6 7.12983 3.2
      vertex 10.9456 5.85442 3.2
    endloop
  endfacet
  facet normal 0 0 1
    outer loop
      vertex 10.6 7.12983 3.2
      vertex 10.516 5.48754 3.2
      vertex 10.9456 5.85442 3.2
    endloop
  endfacet
  facet normal 0 0 1
    outer loop
      vertex 10.6 7.12983 3.2
      vertex 10.0344 5.19238 3.2
      vertex 10.516 5.48754 3.2
    endloop
  endfacet
  facet normal -0 0 1
    outer loop
      vertex 8.4 5.85966 3.2
      vertex 10.0344 5.19238 3.2
      vertex 10.6 7.12983 3.2
    endloop
  endfacet
  facet normal 0 0 1
    outer loop
      vertex 10.0344 5.19238 3.2
      vertex 8.4 5.85966 3.2
      vertex 9.51246 4.9762 3.2
    endloop
  endfacet
  facet normal 0 0 1
    outer loop
      vertex 9.51246 4.9762 3.2
      vertex 8.4 5.85966 3.2
      vertex 9 4.85317 3.2
    endloop
  endfacet
  facet normal 0 0 1
    outer loop
      vertex 7.8 4.85317 3.2
      vertex 9 4.85317 3.2
      vertex 8.4 5.85966 3.2
    endloop
  endfacet
  facet normal 0 0 1
    outer loop
      vertex 9 4.85317 3.2
      vertex 7.8 4.85317 3.2
      vertex 9 2 3.2
    endloop
  endfacet
  facet normal 0 0 1
    outer loop
      vertex 9 2 3.2
      vertex 7.8 4.85317 3.2
      vertex 7.8 2 3.2
    endloop
  endfacet
  facet normal 1 -0 0
    outer loop
      vertex 9 2 3.2
      vertex 9 4.80917 3.1485
      vertex 9 4.85317 3.2
    endloop
  endfacet
  facet normal 1 0 0
    outer loop
      vertex 9 4.80917 3.1485
      vertex 9 2 3.2
      vertex 9 4.61175 2.91743
    endloop
  endfacet
  facet normal 1 0 0
    outer loop
      vertex 9 2 3.2
      vertex 9 3.84722 2
      vertex 9 4.61175 2.91743
    endloop
  endfacet
  facet normal 1 0 0
    outer loop
      vertex 9 3.84722 2
      vertex 9 2 3.2
      vertex 9 2 2
    endloop
  endfacet
  facet normal -1 0 0
    outer loop
      vertex 7.8 2 3.2
      vertex 7.8 4.80917 3.1485
      vertex 7.8 4.61175 2.91743
    endloop
  endfacet
  facet normal -1 0 0
    outer loop
      vertex 7.8 2 3.2
      vertex 7.8 3.84722 2
      vertex 7.8 2 2
    endloop
  endfacet
  facet normal -1 0 0
    outer loop
      vertex 7.8 3.84722 2
      vertex 7.8 2 3.2
      vertex 7.8 4.61175 2.91743
    endloop
  endfacet
  facet normal -1 0 0
    outer loop
      vertex 7.8 4.80917 3.1485
      vertex 7.8 2 3.2
      vertex 7.8 4.85317 3.2
    endloop
  endfacet
  facet normal 0.655883 -0.401834 0.63902
    outer loop
      vertex 11.6076 6.76564 3.2
      vertex 11.3125 6.28397 3.2
      vertex 12.4986 6.31164 2
    endloop
  endfacet
  facet normal -0.499551 -0.584896 0.639019
    outer loop
      vertex 5.85442 5.85442 3.2
      vertex 5.14731 5.14731 2
      vertex 5.69619 4.67852 2
    endloop
  endfacet
  facet normal 0.49954 0.584908 0.639017
    outer loop
      vertex 11.1038 12.1215 2
      vertex 10.516 11.3125 3.2
      vertex 10.9456 10.9456 3.2
    endloop
  endfacet
  facet normal -0.401903 -0.655843 0.639018
    outer loop
      vertex 6.28397 5.48754 3.2
      vertex 5.69619 4.67852 2
      vertex 6.31164 4.30137 2
    endloop
  endfacet
  facet normal 0.766822 0.0603207 0.639019
    outer loop
      vertex 13 8.4 2
      vertex 11.9557 8.96316 3.2
      vertex 12 8.4 3.2
    endloop
  endfacet
  facet normal 0.766821 0.0603142 0.639021
    outer loop
      vertex 12.9434 9.1196 2
      vertex 11.9557 8.96316 3.2
      vertex 13 8.4 2
    endloop
  endfacet
  facet normal -0.584917 0.499521 0.639023
    outer loop
      vertex 5.85442 10.9456 3.2
      vertex 4.67852 11.1038 2
      vertex 5.48754 10.516 3.2
    endloop
  endfacet
  facet normal 0.655855 0.40189 0.639014
    outer loop
      vertex 12.1215 11.1038 2
      vertex 11.3125 10.516 3.2
      vertex 12.4986 10.4884 2
    endloop
  endfacet
  facet normal -0.655846 -0.401893 0.639021
    outer loop
      vertex 5.19238 6.76564 3.2
      vertex 4.30137 6.31164 2
      vertex 5.48754 6.28397 3.2
    endloop
  endfacet
  facet normal 0.40189 0.655855 0.639014
    outer loop
      vertex 11.1038 12.1215 2
      vertex 10.4884 12.4986 2
      vertex 10.516 11.3125 3.2
    endloop
  endfacet
  facet normal -0.71064 -0.294356 0.639019
    outer loop
      vertex 4.9762 7.28754 3.2
      vertex 4.02514 6.97852 2
      vertex 4.30137 6.31164 2
    endloop
  endfacet
  facet normal -0.294356 -0.71064 0.639019
    outer loop
      vertex 7.28754 4.9762 3.2
      vertex 6.31164 4.30137 2
      vertex 6.97852 4.02514 2
    endloop
  endfacet
  facet normal 0.179557 0.747937 0.639023
    outer loop
      vertex 9.1196 12.9434 2
      vertex 8.96316 11.9557 3.2
      vertex 9.82148 12.7749 2
    endloop
  endfacet
  facet normal -0.294383 0.71063 0.639018
    outer loop
      vertex 7.28754 11.8238 3.2
      vertex 6.31164 12.4986 2
      vertex 6.76564 11.6076 3.2
    endloop
  endfacet
  facet normal 0.584883 -0.499578 0.63901
    outer loop
      vertex 11.3125 6.28397 3.2
      vertex 10.9456 5.85442 3.2
      vertex 12.1215 5.69619 2
    endloop
  endfacet
  facet normal -0.0603326 -0.76682 0.639021
    outer loop
      vertex 7.8 4.61175 2.91743
      vertex 7.6804 3.85663 2
      vertex 7.8 3.84722 2
    endloop
  endfacet
  facet normal -0.76682 -0.0603326 0.639021
    outer loop
      vertex 4.61175 7.8 2.91743
      vertex 3.84722 7.8 2
      vertex 3.85663 7.6804 2
    endloop
  endfacet
  facet normal -0.74794 -0.179563 0.639017
    outer loop
      vertex 4.80917 7.8 3.1485
      vertex 4.9762 7.28754 3.2
      vertex 4.85317 7.8 3.2
    endloop
  endfacet
  facet normal -0.747938 -0.179563 0.639019
    outer loop
      vertex 4.9762 7.28754 3.2
      vertex 4.80917 7.8 3.1485
      vertex 4.02514 6.97852 2
    endloop
  endfacet
  facet normal 0.655873 -0.401868 0.639009
    outer loop
      vertex 12.4986 6.31164 2
      vertex 11.3125 6.28397 3.2
      vertex 12.1215 5.69619 2
    endloop
  endfacet
  facet normal -0.584896 -0.499551 0.639019
    outer loop
      vertex 5.85442 5.85442 3.2
      vertex 4.67852 5.69619 2
      vertex 5.14731 5.14731 2
    endloop
  endfacet
  facet normal -0.401893 -0.655846 0.639021
    outer loop
      vertex 6.76564 5.19238 3.2
      vertex 6.28397 5.48754 3.2
      vertex 6.31164 4.30137 2
    endloop
  endfacet
  facet normal 0.0603142 0.766821 0.639021
    outer loop
      vertex 9.1196 12.9434 2
      vertex 8.4 13 2
      vertex 8.96316 11.9557 3.2
    endloop
  endfacet
  facet normal -0.747938 0.179563 0.639019
    outer loop
      vertex 4.80917 9 3.1485
      vertex 4.9762 9.51246 3.2
      vertex 4.02514 9.82148 2
    endloop
  endfacet
  facet normal -0.74794 0.179563 0.639017
    outer loop
      vertex 4.9762 9.51246 3.2
      vertex 4.80917 9 3.1485
      vertex 4.85317 9 3.2
    endloop
  endfacet
  facet normal 0.294401 0.710611 0.639031
    outer loop
      vertex 9.82148 12.7749 2
      vertex 9.51246 11.8238 3.2
      vertex 10.4884 12.4986 2
    endloop
  endfacet
  facet normal 0.655859 0.401877 0.639018
    outer loop
      vertex 12.4986 10.4884 2
      vertex 11.3125 10.516 3.2
      vertex 11.6076 10.0344 3.2
    endloop
  endfacet
  facet normal 0.710611 0.294401 0.639031
    outer loop
      vertex 12.4986 10.4884 2
      vertex 11.8238 9.51246 3.2
      vertex 12.7749 9.82148 2
    endloop
  endfacet
  facet normal 0.747918 0.179593 0.639035
    outer loop
      vertex 12.7749 9.82148 2
      vertex 11.8238 9.51246 3.2
      vertex 11.9557 8.96316 3.2
    endloop
  endfacet
  facet normal 0.747937 0.179557 0.639023
    outer loop
      vertex 12.7749 9.82148 2
      vertex 11.9557 8.96316 3.2
      vertex 12.9434 9.1196 2
    endloop
  endfacet
  facet normal 0.584908 0.49954 0.639017
    outer loop
      vertex 12.1215 11.1038 2
      vertex 10.9456 10.9456 3.2
      vertex 11.3125 10.516 3.2
    endloop
  endfacet
  facet normal 0.747937 -0.179557 0.639023
    outer loop
      vertex 12.9434 7.6804 2
      vertex 11.9557 7.83684 3.2
      vertex 12.7749 6.97852 2
    endloop
  endfacet
  facet normal -0.710638 -0.294359 0.63902
    outer loop
      vertex 4.9762 7.28754 3.2
      vertex 4.30137 6.31164 2
      vertex 5.19238 6.76564 3.2
    endloop
  endfacet
  facet normal -0.499578 0.584883 0.63901
    outer loop
      vertex 6.28397 11.3125 3.2
      vertex 5.69619 12.1215 2
      vertex 5.85442 10.9456 3.2
    endloop
  endfacet
  facet normal -0.179563 -0.74794 0.639017
    outer loop
      vertex 7.28754 4.9762 3.2
      vertex 7.8 4.80917 3.1485
      vertex 7.8 4.85317 3.2
    endloop
  endfacet
  facet normal -0.179563 -0.747938 0.639019
    outer loop
      vertex 7.8 4.80917 3.1485
      vertex 7.28754 4.9762 3.2
      vertex 6.97852 4.02514 2
    endloop
  endfacet
  facet normal -0.294416 0.710605 0.639031
    outer loop
      vertex 6.97852 12.7749 2
      vertex 6.31164 12.4986 2
      vertex 7.28754 11.8238 3.2
    endloop
  endfacet
  facet normal 0.179567 -0.747935 0.639021
    outer loop
      vertex 9.82148 4.02514 2
      vertex 9 4.61175 2.91743
      vertex 9.1196 3.85663 2
    endloop
  endfacet
  facet normal 0.179562 -0.747939 0.639019
    outer loop
      vertex 9 4.61175 2.91743
      vertex 9.82148 4.02514 2
      vertex 9 4.80917 3.1485
    endloop
  endfacet
  facet normal -0.499558 0.584892 0.639017
    outer loop
      vertex 5.69619 12.1215 2
      vertex 5.14731 11.6527 2
      vertex 5.85442 10.9456 3.2
    endloop
  endfacet
  facet normal -0.294359 -0.710638 0.63902
    outer loop
      vertex 6.76564 5.19238 3.2
      vertex 6.31164 4.30137 2
      vertex 7.28754 4.9762 3.2
    endloop
  endfacet
  facet normal -0.584907 0.499542 0.639016
    outer loop
      vertex 5.14731 11.6527 2
      vertex 4.67852 11.1038 2
      vertex 5.85442 10.9456 3.2
    endloop
  endfacet
  facet normal 0.499549 0.584903 0.639014
    outer loop
      vertex 11.1038 12.1215 2
      vertex 10.9456 10.9456 3.2
      vertex 11.6527 11.6527 2
    endloop
  endfacet
  facet normal -0.655822 0.401936 0.639019
    outer loop
      vertex 5.48754 10.516 3.2
      vertex 4.30137 10.4884 2
      vertex 5.19238 10.0344 3.2
    endloop
  endfacet
  facet normal -0.401868 0.655873 0.639009
    outer loop
      vertex 6.31164 12.4986 2
      vertex 5.69619 12.1215 2
      vertex 6.28397 11.3125 3.2
    endloop
  endfacet
  facet normal 0.401877 0.655859 0.639018
    outer loop
      vertex 10.4884 12.4986 2
      vertex 10.0344 11.6076 3.2
      vertex 10.516 11.3125 3.2
    endloop
  endfacet
  facet normal 0.710639 0.294364 0.639017
    outer loop
      vertex 12.4986 10.4884 2
      vertex 11.6076 10.0344 3.2
      vertex 11.8238 9.51246 3.2
    endloop
  endfacet
  facet normal 0.29434 -0.710647 0.639019
    outer loop
      vertex 10.0344 5.19238 3.2
      vertex 9.51246 4.9762 3.2
      vertex 10.4884 4.30137 2
    endloop
  endfacet
  facet normal 0.0603207 0.766822 0.639019
    outer loop
      vertex 8.4 13 2
      vertex 8.4 12 3.2
      vertex 8.96316 11.9557 3.2
    endloop
  endfacet
  facet normal -0.179562 -0.747939 0.639019
    outer loop
      vertex 6.97852 4.02514 2
      vertex 7.8 4.61175 2.91743
      vertex 7.8 4.80917 3.1485
    endloop
  endfacet
  facet normal -0.179567 -0.747935 0.639021
    outer loop
      vertex 7.8 4.61175 2.91743
      vertex 6.97852 4.02514 2
      vertex 7.6804 3.85663 2
    endloop
  endfacet
  facet normal 0.584903 0.499549 0.639014
    outer loop
      vertex 11.6527 11.6527 2
      vertex 10.9456 10.9456 3.2
      vertex 12.1215 11.1038 2
    endloop
  endfacet
  facet normal -0.179593 0.747918 0.639035
    outer loop
      vertex 7.83684 11.9557 3.2
      vertex 6.97852 12.7749 2
      vertex 7.28754 11.8238 3.2
    endloop
  endfacet
  facet normal -0.747935 -0.179567 0.639021
    outer loop
      vertex 4.02514 6.97852 2
      vertex 4.61175 7.8 2.91743
      vertex 3.85663 7.6804 2
    endloop
  endfacet
  facet normal -0.747939 -0.179562 0.639019
    outer loop
      vertex 4.61175 7.8 2.91743
      vertex 4.02514 6.97852 2
      vertex 4.80917 7.8 3.1485
    endloop
  endfacet
  facet normal -0.499558 -0.584892 0.639017
    outer loop
      vertex 5.85442 5.85442 3.2
      vertex 5.69619 4.67852 2
      vertex 6.28397 5.48754 3.2
    endloop
  endfacet
  facet normal 0.0603326 -0.76682 0.639021
    outer loop
      vertex 9 4.61175 2.91743
      vertex 9 3.84722 2
      vertex 9.1196 3.85663 2
    endloop
  endfacet
  facet normal -0.655843 -0.401903 0.639018
    outer loop
      vertex 5.48754 6.28397 3.2
      vertex 4.30137 6.31164 2
      vertex 4.67852 5.69619 2
    endloop
  endfacet
  facet normal -0.584892 -0.499558 0.639017
    outer loop
      vertex 5.48754 6.28397 3.2
      vertex 4.67852 5.69619 2
      vertex 5.85442 5.85442 3.2
    endloop
  endfacet
  facet normal 0.294341 -0.710646 0.63902
    outer loop
      vertex 10.4884 4.30137 2
      vertex 9.51246 4.9762 3.2
      vertex 9.82148 4.02514 2
    endloop
  endfacet
  facet normal 0.766821 -0.0603142 0.639021
    outer loop
      vertex 13 8.4 2
      vertex 11.9557 7.83684 3.2
      vertex 12.9434 7.6804 2
    endloop
  endfacet
  facet normal 0.766822 -0.0603207 0.639019
    outer loop
      vertex 12 8.4 3.2
      vertex 11.9557 7.83684 3.2
      vertex 13 8.4 2
    endloop
  endfacet
  facet normal 0.179593 0.747918 0.639035
    outer loop
      vertex 9.82148 12.7749 2
      vertex 8.96316 11.9557 3.2
      vertex 9.51246 11.8238 3.2
    endloop
  endfacet
  facet normal 0.294364 0.710639 0.639017
    outer loop
      vertex 10.4884 12.4986 2
      vertex 9.51246 11.8238 3.2
      vertex 10.0344 11.6076 3.2
    endloop
  endfacet
  facet normal -0.655825 0.401925 0.639023
    outer loop
      vertex 4.67852 11.1038 2
      vertex 4.30137 10.4884 2
      vertex 5.48754 10.516 3.2
    endloop
  endfacet
  facet normal 0.584892 -0.499558 0.639017
    outer loop
      vertex 12.1215 5.69619 2
      vertex 10.9456 5.85442 3.2
      vertex 11.6527 5.14731 2
    endloop
  endfacet
  facet normal -0.401834 0.655883 0.63902
    outer loop
      vertex 6.31164 12.4986 2
      vertex 6.28397 11.3125 3.2
      vertex 6.76564 11.6076 3.2
    endloop
  endfacet
  facet normal 0.499542 -0.584907 0.639016
    outer loop
      vertex 11.6527 5.14731 2
      vertex 10.9456 5.85442 3.2
      vertex 11.1038 4.67852 2
    endloop
  endfacet
  facet normal 0.71063 -0.294383 0.639018
    outer loop
      vertex 11.8238 7.28754 3.2
      vertex 11.6076 6.76564 3.2
      vertex 12.4986 6.31164 2
    endloop
  endfacet
  facet normal 0.710605 -0.294416 0.639031
    outer loop
      vertex 12.7749 6.97852 2
      vertex 11.8238 7.28754 3.2
      vertex 12.4986 6.31164 2
    endloop
  endfacet
  facet normal -0.747935 0.179567 0.639021
    outer loop
      vertex 4.61175 9 2.91743
      vertex 4.02514 9.82148 2
      vertex 3.85663 9.1196 2
    endloop
  endfacet
  facet normal -0.747939 0.179562 0.639019
    outer loop
      vertex 4.02514 9.82148 2
      vertex 4.61175 9 2.91743
      vertex 4.80917 9 3.1485
    endloop
  endfacet
  facet normal -0.0603142 0.766821 0.639021
    outer loop
      vertex 8.4 13 2
      vertex 7.6804 12.9434 2
      vertex 7.83684 11.9557 3.2
    endloop
  endfacet
  facet normal 0.179563 -0.74794 0.639017
    outer loop
      vertex 9 4.80917 3.1485
      vertex 9.51246 4.9762 3.2
      vertex 9 4.85317 3.2
    endloop
  endfacet
  facet normal 0.179563 -0.747938 0.639019
    outer loop
      vertex 9.51246 4.9762 3.2
      vertex 9 4.80917 3.1485
      vertex 9.82148 4.02514 2
    endloop
  endfacet
  facet normal 0.747918 -0.179593 0.639035
    outer loop
      vertex 11.9557 7.83684 3.2
      vertex 11.8238 7.28754 3.2
      vertex 12.7749 6.97852 2
    endloop
  endfacet
  facet normal -0.179557 0.747937 0.639023
    outer loop
      vertex 7.6804 12.9434 2
      vertex 6.97852 12.7749 2
      vertex 7.83684 11.9557 3.2
    endloop
  endfacet
  facet normal -0.76682 0.0603326 0.639021
    outer loop
      vertex 3.85663 9.1196 2
      vertex 3.84722 9 2
      vertex 4.61175 9 2.91743
    endloop
  endfacet
  facet normal -0.710646 0.294341 0.63902
    outer loop
      vertex 4.30137 10.4884 2
      vertex 4.02514 9.82148 2
      vertex 4.9762 9.51246 3.2
    endloop
  endfacet
  facet normal 0.401936 -0.655822 0.639019
    outer loop
      vertex 10.516 5.48754 3.2
      vertex 10.0344 5.19238 3.2
      vertex 10.4884 4.30137 2
    endloop
  endfacet
  facet normal 0.499521 -0.584917 0.639023
    outer loop
      vertex 10.9456 5.85442 3.2
      vertex 10.516 5.48754 3.2
      vertex 11.1038 4.67852 2
    endloop
  endfacet
  facet normal 0.401925 -0.655825 0.639023
    outer loop
      vertex 10.516 5.48754 3.2
      vertex 10.4884 4.30137 2
      vertex 11.1038 4.67852 2
    endloop
  endfacet
  facet normal -0.710647 0.29434 0.639019
    outer loop
      vertex 5.19238 10.0344 3.2
      vertex 4.30137 10.4884 2
      vertex 4.9762 9.51246 3.2
    endloop
  endfacet
  facet normal -0.0603207 0.766822 0.639019
    outer loop
      vertex 8.4 13 2
      vertex 7.83684 11.9557 3.2
      vertex 8.4 12 3.2
    endloop
  endfacet
  facet normal -0.5 0.866026 0
    outer loop
      vertex 10.6 7.12983 2.2
      vertex 8.4 5.85966 3.2
      vertex 10.6 7.12983 3.2
    endloop
  endfacet
  facet normal -0.5 0.866026 0
    outer loop
      vertex 8.4 5.85966 3.2
      vertex 10.6 7.12983 2.2
      vertex 8.4 5.85966 2.2
    endloop
  endfacet
  facet normal -1 0 0
    outer loop
      vertex 10.6 7.12983 2.2
      vertex 10.6 9.67017 3.2
      vertex 10.6 9.67017 2.2
    endloop
  endfacet
  facet normal -1 -0 0
    outer loop
      vertex 10.6 9.67017 3.2
      vertex 10.6 7.12983 2.2
      vertex 10.6 7.12983 3.2
    endloop
  endfacet
  facet normal 0.499988 -0.866032 0
    outer loop
      vertex 6.2 9.67017 2.2
      vertex 8.4 10.9403 3.2
      vertex 6.2 9.67017 3.2
    endloop
  endfacet
  facet normal 0.499988 -0.866032 0
    outer loop
      vertex 8.4 10.9403 3.2
      vertex 6.2 9.67017 2.2
      vertex 8.4 10.9403 2.2
    endloop
  endfacet
  facet normal -0.499988 -0.866032 0
    outer loop
      vertex 8.4 10.9403 2.2
      vertex 10.6 9.67017 3.2
      vertex 8.4 10.9403 3.2
    endloop
  endfacet
  facet normal -0.499988 -0.866032 -0
    outer loop
      vertex 10.6 9.67017 3.2
      vertex 8.4 10.9403 2.2
      vertex 10.6 9.67017 2.2
    endloop
  endfacet
  facet normal 1 -0 0
    outer loop
      vertex 6.2 7.12983 3.2
      vertex 6.2 9.67017 2.2
      vertex 6.2 9.67017 3.2
    endloop
  endfacet
  facet normal 1 0 0
    outer loop
      vertex 6.2 9.67017 2.2
      vertex 6.2 7.12983 3.2
      vertex 6.2 7.12983 2.2
    endloop
  endfacet
  facet normal 0.5 0.866026 -0
    outer loop
      vertex 8.4 5.85966 2.2
      vertex 6.2 7.12983 3.2
      vertex 8.4 5.85966 3.2
    endloop
  endfacet
  facet normal 0.5 0.866026 0
    outer loop
      vertex 6.2 7.12983 3.2
      vertex 8.4 5.85966 2.2
      vertex 6.2 7.12983 2.2
    endloop
  endfacet
  facet normal 0 0 1
    outer loop
      vertex 10.6 9.67017 2.2
      vertex 9.5 8.4 2.2
      vertex 10.6 7.12983 2.2
    endloop
  endfacet
  facet normal 0 0 1
    outer loop
      vertex 10.6 9.67017 2.2
      vertex 9.48646 8.57208 2.2
      vertex 9.5 8.4 2.2
    endloop
  endfacet
  facet normal 0 0 1
    outer loop
      vertex 10.6 9.67017 2.2
      vertex 9.44616 8.73992 2.2
      vertex 9.48646 8.57208 2.2
    endloop
  endfacet
  facet normal 0 0 1
    outer loop
      vertex 10.6 9.67017 2.2
      vertex 9.38011 8.89939 2.2
      vertex 9.44616 8.73992 2.2
    endloop
  endfacet
  facet normal 0 0 1
    outer loop
      vertex 10.6 9.67017 2.2
      vertex 9.28992 9.04656 2.2
      vertex 9.38011 8.89939 2.2
    endloop
  endfacet
  facet normal 0 0 1
    outer loop
      vertex 10.6 9.67017 2.2
      vertex 9.17782 9.17782 2.2
      vertex 9.28992 9.04656 2.2
    endloop
  endfacet
  facet normal 0 0 1
    outer loop
      vertex 10.6 9.67017 2.2
      vertex 9.04656 9.28992 2.2
      vertex 9.17782 9.17782 2.2
    endloop
  endfacet
  facet normal 0 0 1
    outer loop
      vertex 10.6 9.67017 2.2
      vertex 8.89939 9.38011 2.2
      vertex 9.04656 9.28992 2.2
    endloop
  endfacet
  facet normal 0 0 1
    outer loop
      vertex 8.4 10.9403 2.2
      vertex 8.89939 9.38011 2.2
      vertex 10.6 9.67017 2.2
    endloop
  endfacet
  facet normal 0 0 1
    outer loop
      vertex 8.89939 9.38011 2.2
      vertex 8.4 10.9403 2.2
      vertex 8.73992 9.44616 2.2
    endloop
  endfacet
  facet normal 0 0 1
    outer loop
      vertex 8.73992 9.44616 2.2
      vertex 8.4 10.9403 2.2
      vertex 8.57208 9.48646 2.2
    endloop
  endfacet
  facet normal 0 0 1
    outer loop
      vertex 8.4 10.9403 2.2
      vertex 8.4 9.5 2.2
      vertex 8.57208 9.48646 2.2
    endloop
  endfacet
  facet normal 0 0 1
    outer loop
      vertex 8.4 10.9403 2.2
      vertex 8.22792 9.48646 2.2
      vertex 8.4 9.5 2.2
    endloop
  endfacet
  facet normal 0 0 1
    outer loop
      vertex 8.4 10.9403 2.2
      vertex 8.06008 9.44616 2.2
      vertex 8.22792 9.48646 2.2
    endloop
  endfacet
  facet normal 0 0 1
    outer loop
      vertex 8.4 10.9403 2.2
      vertex 7.90061 9.38011 2.2
      vertex 8.06008 9.44616 2.2
    endloop
  endfacet
  facet normal -0 0 1
    outer loop
      vertex 6.2 9.67017 2.2
      vertex 7.90061 9.38011 2.2
      vertex 8.4 10.9403 2.2
    endloop
  endfacet
  facet normal 0 0 1
    outer loop
      vertex 7.90061 9.38011 2.2
      vertex 6.2 9.67017 2.2
      vertex 7.75344 9.28992 2.2
    endloop
  endfacet
  facet normal 0 0 1
    outer loop
      vertex 7.75344 9.28992 2.2
      vertex 6.2 9.67017 2.2
      vertex 7.62218 9.17782 2.2
    endloop
  endfacet
  facet normal 0 0 1
    outer loop
      vertex 7.62218 9.17782 2.2
      vertex 6.2 9.67017 2.2
      vertex 7.51008 9.04656 2.2
    endloop
  endfacet
  facet normal 0 0 1
    outer loop
      vertex 7.31354 8.57208 2.2
      vertex 6.2 9.67017 2.2
      vertex 7.3 8.4 2.2
    endloop
  endfacet
  facet normal 0 0 1
    outer loop
      vertex 7.35384 8.73992 2.2
      vertex 6.2 9.67017 2.2
      vertex 7.31354 8.57208 2.2
    endloop
  endfacet
  facet normal 0 0 1
    outer loop
      vertex 7.41989 8.89939 2.2
      vertex 6.2 9.67017 2.2
      vertex 7.35384 8.73992 2.2
    endloop
  endfacet
  facet normal 0 0 1
    outer loop
      vertex 7.51008 9.04656 2.2
      vertex 6.2 9.67017 2.2
      vertex 7.41989 8.89939 2.2
    endloop
  endfacet
  facet normal -0 0 1
    outer loop
      vertex 9.48646 8.22792 2.2
      vertex 10.6 7.12983 2.2
      vertex 9.5 8.4 2.2
    endloop
  endfacet
  facet normal -0 0 1
    outer loop
      vertex 9.44616 8.06008 2.2
      vertex 10.6 7.12983 2.2
      vertex 9.48646 8.22792 2.2
    endloop
  endfacet
  facet normal -0 0 1
    outer loop
      vertex 9.38011 7.90061 2.2
      vertex 10.6 7.12983 2.2
      vertex 9.44616 8.06008 2.2
    endloop
  endfacet
  facet normal -0 0 1
    outer loop
      vertex 9.28992 7.75344 2.2
      vertex 10.6 7.12983 2.2
      vertex 9.38011 7.90061 2.2
    endloop
  endfacet
  facet normal -0 0 1
    outer loop
      vertex 9.17782 7.62218 2.2
      vertex 10.6 7.12983 2.2
      vertex 9.28992 7.75344 2.2
    endloop
  endfacet
  facet normal -0 0 1
    outer loop
      vertex 9.04656 7.51008 2.2
      vertex 10.6 7.12983 2.2
      vertex 9.17782 7.62218 2.2
    endloop
  endfacet
  facet normal -0 0 1
    outer loop
      vertex 8.89939 7.41989 2.2
      vertex 10.6 7.12983 2.2
      vertex 9.04656 7.51008 2.2
    endloop
  endfacet
  facet normal 0 0 1
    outer loop
      vertex 8.4 5.85966 2.2
      vertex 8.89939 7.41989 2.2
      vertex 8.73992 7.35384 2.2
    endloop
  endfacet
  facet normal 0 0 1
    outer loop
      vertex 8.4 5.85966 2.2
      vertex 8.73992 7.35384 2.2
      vertex 8.57208 7.31354 2.2
    endloop
  endfacet
  facet normal 0 0 1
    outer loop
      vertex 8.4 5.85966 2.2
      vertex 8.57208 7.31354 2.2
      vertex 8.4 7.3 2.2
    endloop
  endfacet
  facet normal 0 0 1
    outer loop
      vertex 8.89939 7.41989 2.2
      vertex 8.4 5.85966 2.2
      vertex 10.6 7.12983 2.2
    endloop
  endfacet
  facet normal 0 0 1
    outer loop
      vertex 8.22792 7.31354 2.2
      vertex 8.4 5.85966 2.2
      vertex 8.4 7.3 2.2
    endloop
  endfacet
  facet normal 0 0 1
    outer loop
      vertex 8.06008 7.35384 2.2
      vertex 8.4 5.85966 2.2
      vertex 8.22792 7.31354 2.2
    endloop
  endfacet
  facet normal 0 0 1
    outer loop
      vertex 7.90061 7.41989 2.2
      vertex 8.4 5.85966 2.2
      vertex 8.06008 7.35384 2.2
    endloop
  endfacet
  facet normal 0 0 1
    outer loop
      vertex 6.2 7.12983 2.2
      vertex 7.90061 7.41989 2.2
      vertex 7.75344 7.51008 2.2
    endloop
  endfacet
  facet normal 0 0 1
    outer loop
      vertex 6.2 7.12983 2.2
      vertex 7.75344 7.51008 2.2
      vertex 7.62218 7.62218 2.2
    endloop
  endfacet
  facet normal 0 0 1
    outer loop
      vertex 6.2 7.12983 2.2
      vertex 7.62218 7.62218 2.2
      vertex 7.51008 7.75344 2.2
    endloop
  endfacet
  facet normal 0 0 1
    outer loop
      vertex 6.2 7.12983 2.2
      vertex 7.51008 7.75344 2.2
      vertex 7.41989 7.90061 2.2
    endloop
  endfacet
  facet normal 0 0 1
    outer loop
      vertex 6.2 7.12983 2.2
      vertex 7.3 8.4 2.2
      vertex 6.2 9.67017 2.2
    endloop
  endfacet
  facet normal 0 0 1
    outer loop
      vertex 7.3 8.4 2.2
      vertex 6.2 7.12983 2.2
      vertex 7.31354 8.22792 2.2
    endloop
  endfacet
  facet normal 0 0 1
    outer loop
      vertex 7.31354 8.22792 2.2
      vertex 6.2 7.12983 2.2
      vertex 7.35384 8.06008 2.2
    endloop
  endfacet
  facet normal 0 0 1
    outer loop
      vertex 7.35384 8.06008 2.2
      vertex 6.2 7.12983 2.2
      vertex 7.41989 7.90061 2.2
    endloop
  endfacet
  facet normal 0 0 1
    outer loop
      vertex 7.90061 7.41989 2.2
      vertex 6.2 7.12983 2.2
      vertex 8.4 5.85966 2.2
    endloop
  endfacet
  facet normal -0.972363 -0.233474 0
    outer loop
      vertex 9.48646 8.57208 2
      vertex 9.44616 8.73992 2.2
      vertex 9.44616 8.73992 2
    endloop
  endfacet
  facet normal -0.972363 -0.233474 0
    outer loop
      vertex 9.44616 8.73992 2.2
      vertex 9.48646 8.57208 2
      vertex 9.48646 8.57208 2.2
    endloop
  endfacet
  facet normal -0.760425 0.649426 0
    outer loop
      vertex 9.17782 7.62218 2
      vertex 9.28992 7.75344 2.2
      vertex 9.28992 7.75344 2
    endloop
  endfacet
  facet normal -0.760425 0.649426 0
    outer loop
      vertex 9.28992 7.75344 2.2
      vertex 9.17782 7.62218 2
      vertex 9.17782 7.62218 2.2
    endloop
  endfacet
  facet normal 0.649426 -0.760425 0
    outer loop
      vertex 7.62218 9.17782 2
      vertex 7.75344 9.28992 2.2
      vertex 7.62218 9.17782 2.2
    endloop
  endfacet
  facet normal 0.649426 -0.760425 0
    outer loop
      vertex 7.75344 9.28992 2.2
      vertex 7.62218 9.17782 2
      vertex 7.75344 9.28992 2
    endloop
  endfacet
  facet normal -0.85263 -0.522516 0
    outer loop
      vertex 9.38011 8.89939 2
      vertex 9.28992 9.04656 2.2
      vertex 9.28992 9.04656 2
    endloop
  endfacet
  facet normal -0.85263 -0.522516 0
    outer loop
      vertex 9.28992 9.04656 2.2
      vertex 9.38011 8.89939 2
      vertex 9.38011 8.89939 2.2
    endloop
  endfacet
  facet normal -0.0784419 0.996919 0
    outer loop
      vertex 8.57208 7.31354 2
      vertex 8.4 7.3 2.2
      vertex 8.57208 7.31354 2.2
    endloop
  endfacet
  facet normal -0.0784419 0.996919 0
    outer loop
      vertex 8.4 7.3 2.2
      vertex 8.57208 7.31354 2
      vertex 8.4 7.3 2
    endloop
  endfacet
  facet normal -0.85263 0.522516 0
    outer loop
      vertex 9.28992 7.75344 2
      vertex 9.38011 7.90061 2.2
      vertex 9.38011 7.90061 2
    endloop
  endfacet
  facet normal -0.85263 0.522516 0
    outer loop
      vertex 9.38011 7.90061 2.2
      vertex 9.28992 7.75344 2
      vertex 9.28992 7.75344 2.2
    endloop
  endfacet
  facet normal 0.0784419 -0.996919 0
    outer loop
      vertex 8.22792 9.48646 2
      vertex 8.4 9.5 2.2
      vertex 8.22792 9.48646 2.2
    endloop
  endfacet
  facet normal 0.0784419 -0.996919 0
    outer loop
      vertex 8.4 9.5 2.2
      vertex 8.22792 9.48646 2
      vertex 8.4 9.5 2
    endloop
  endfacet
  facet normal -0.996919 -0.0784419 0
    outer loop
      vertex 9.5 8.4 2
      vertex 9.48646 8.57208 2.2
      vertex 9.48646 8.57208 2
    endloop
  endfacet
  facet normal -0.996919 -0.0784419 0
    outer loop
      vertex 9.48646 8.57208 2.2
      vertex 9.5 8.4 2
      vertex 9.5 8.4 2.2
    endloop
  endfacet
  facet normal 0.996919 -0.0784419 0
    outer loop
      vertex 7.3 8.4 2.2
      vertex 7.31354 8.57208 2
      vertex 7.31354 8.57208 2.2
    endloop
  endfacet
  facet normal 0.996919 -0.0784419 0
    outer loop
      vertex 7.31354 8.57208 2
      vertex 7.3 8.4 2.2
      vertex 7.3 8.4 2
    endloop
  endfacet
  facet normal -0.382661 -0.923889 0
    outer loop
      vertex 8.73992 9.44616 2
      vertex 8.89939 9.38011 2.2
      vertex 8.73992 9.44616 2.2
    endloop
  endfacet
  facet normal -0.382661 -0.923889 -0
    outer loop
      vertex 8.89939 9.38011 2.2
      vertex 8.73992 9.44616 2
      vertex 8.89939 9.38011 2
    endloop
  endfacet
  facet normal 0.233474 -0.972363 0
    outer loop
      vertex 8.06008 9.44616 2
      vertex 8.22792 9.48646 2.2
      vertex 8.06008 9.44616 2.2
    endloop
  endfacet
  facet normal 0.233474 -0.972363 0
    outer loop
      vertex 8.22792 9.48646 2.2
      vertex 8.06008 9.44616 2
      vertex 8.22792 9.48646 2
    endloop
  endfacet
  facet normal 0.972363 -0.233474 0
    outer loop
      vertex 7.31354 8.57208 2.2
      vertex 7.35384 8.73992 2
      vertex 7.35384 8.73992 2.2
    endloop
  endfacet
  facet normal 0.972363 -0.233474 0
    outer loop
      vertex 7.35384 8.73992 2
      vertex 7.31354 8.57208 2.2
      vertex 7.31354 8.57208 2
    endloop
  endfacet
  facet normal 0.85263 -0.522516 0
    outer loop
      vertex 7.41989 8.89939 2.2
      vertex 7.51008 9.04656 2
      vertex 7.51008 9.04656 2.2
    endloop
  endfacet
  facet normal 0.85263 -0.522516 0
    outer loop
      vertex 7.51008 9.04656 2
      vertex 7.41989 8.89939 2.2
      vertex 7.41989 8.89939 2
    endloop
  endfacet
  facet normal -0.996919 0.0784419 0
    outer loop
      vertex 9.48646 8.22792 2
      vertex 9.5 8.4 2.2
      vertex 9.5 8.4 2
    endloop
  endfacet
  facet normal -0.996919 0.0784419 0
    outer loop
      vertex 9.5 8.4 2.2
      vertex 9.48646 8.22792 2
      vertex 9.48646 8.22792 2.2
    endloop
  endfacet
  facet normal -0.649426 -0.760425 0
    outer loop
      vertex 9.04656 9.28992 2
      vertex 9.17782 9.17782 2.2
      vertex 9.04656 9.28992 2.2
    endloop
  endfacet
  facet normal -0.649426 -0.760425 -0
    outer loop
      vertex 9.17782 9.17782 2.2
      vertex 9.04656 9.28992 2
      vertex 9.17782 9.17782 2
    endloop
  endfacet
  facet normal 0.382661 -0.923889 0
    outer loop
      vertex 7.90061 9.38011 2
      vertex 8.06008 9.44616 2.2
      vertex 7.90061 9.38011 2.2
    endloop
  endfacet
  facet normal 0.382661 -0.923889 0
    outer loop
      vertex 8.06008 9.44616 2.2
      vertex 7.90061 9.38011 2
      vertex 8.06008 9.44616 2
    endloop
  endfacet
  facet normal -0.0784419 -0.996919 0
    outer loop
      vertex 8.4 9.5 2
      vertex 8.57208 9.48646 2.2
      vertex 8.4 9.5 2.2
    endloop
  endfacet
  facet normal -0.0784419 -0.996919 -0
    outer loop
      vertex 8.57208 9.48646 2.2
      vertex 8.4 9.5 2
      vertex 8.57208 9.48646 2
    endloop
  endfacet
  facet normal -0.382661 0.923889 0
    outer loop
      vertex 8.89939 7.41989 2
      vertex 8.73992 7.35384 2.2
      vertex 8.89939 7.41989 2.2
    endloop
  endfacet
  facet normal -0.382661 0.923889 0
    outer loop
      vertex 8.73992 7.35384 2.2
      vertex 8.89939 7.41989 2
      vertex 8.73992 7.35384 2
    endloop
  endfacet
  facet normal -0.760425 -0.649426 0
    outer loop
      vertex 9.28992 9.04656 2
      vertex 9.17782 9.17782 2.2
      vertex 9.17782 9.17782 2
    endloop
  endfacet
  facet normal -0.760425 -0.649426 0
    outer loop
      vertex 9.17782 9.17782 2.2
      vertex 9.28992 9.04656 2
      vertex 9.28992 9.04656 2.2
    endloop
  endfacet
  facet normal -0.522516 -0.85263 0
    outer loop
      vertex 8.89939 9.38011 2
      vertex 9.04656 9.28992 2.2
      vertex 8.89939 9.38011 2.2
    endloop
  endfacet
  facet normal -0.522516 -0.85263 -0
    outer loop
      vertex 9.04656 9.28992 2.2
      vertex 8.89939 9.38011 2
      vertex 9.04656 9.28992 2
    endloop
  endfacet
  facet normal -0.923889 0.382661 0
    outer loop
      vertex 9.38011 7.90061 2
      vertex 9.44616 8.06008 2.2
      vertex 9.44616 8.06008 2
    endloop
  endfacet
  facet normal -0.923889 0.382661 0
    outer loop
      vertex 9.44616 8.06008 2.2
      vertex 9.38011 7.90061 2
      vertex 9.38011 7.90061 2.2
    endloop
  endfacet
  facet normal -0.649426 0.760425 0
    outer loop
      vertex 9.17782 7.62218 2
      vertex 9.04656 7.51008 2.2
      vertex 9.17782 7.62218 2.2
    endloop
  endfacet
  facet normal -0.649426 0.760425 0
    outer loop
      vertex 9.04656 7.51008 2.2
      vertex 9.17782 7.62218 2
      vertex 9.04656 7.51008 2
    endloop
  endfacet
  facet normal -0.233474 0.972363 0
    outer loop
      vertex 8.73992 7.35384 2
      vertex 8.57208 7.31354 2.2
      vertex 8.73992 7.35384 2.2
    endloop
  endfacet
  facet normal -0.233474 0.972363 0
    outer loop
      vertex 8.57208 7.31354 2.2
      vertex 8.73992 7.35384 2
      vertex 8.57208 7.31354 2
    endloop
  endfacet
  facet normal -0.923889 -0.382661 0
    outer loop
      vertex 9.44616 8.73992 2
      vertex 9.38011 8.89939 2.2
      vertex 9.38011 8.89939 2
    endloop
  endfacet
  facet normal -0.923889 -0.382661 0
    outer loop
      vertex 9.38011 8.89939 2.2
      vertex 9.44616 8.73992 2
      vertex 9.44616 8.73992 2.2
    endloop
  endfacet
  facet normal 0.923889 -0.382661 0
    outer loop
      vertex 7.35384 8.73992 2.2
      vertex 7.41989 8.89939 2
      vertex 7.41989 8.89939 2.2
    endloop
  endfacet
  facet normal 0.923889 -0.382661 0
    outer loop
      vertex 7.41989 8.89939 2
      vertex 7.35384 8.73992 2.2
      vertex 7.35384 8.73992 2
    endloop
  endfacet
  facet normal -0.522516 0.85263 0
    outer loop
      vertex 9.04656 7.51008 2
      vertex 8.89939 7.41989 2.2
      vertex 9.04656 7.51008 2.2
    endloop
  endfacet
  facet normal -0.522516 0.85263 0
    outer loop
      vertex 8.89939 7.41989 2.2
      vertex 9.04656 7.51008 2
      vertex 8.89939 7.41989 2
    endloop
  endfacet
  facet normal -0.972363 0.233474 0
    outer loop
      vertex 9.44616 8.06008 2
      vertex 9.48646 8.22792 2.2
      vertex 9.48646 8.22792 2
    endloop
  endfacet
  facet normal -0.972363 0.233474 0
    outer loop
      vertex 9.48646 8.22792 2.2
      vertex 9.44616 8.06008 2
      vertex 9.44616 8.06008 2.2
    endloop
  endfacet
  facet normal -0.233474 -0.972363 0
    outer loop
      vertex 8.57208 9.48646 2
      vertex 8.73992 9.44616 2.2
      vertex 8.57208 9.48646 2.2
    endloop
  endfacet
  facet normal -0.233474 -0.972363 -0
    outer loop
      vertex 8.73992 9.44616 2.2
      vertex 8.57208 9.48646 2
      vertex 8.73992 9.44616 2
    endloop
  endfacet
  facet normal 0.522516 -0.85263 0
    outer loop
      vertex 7.75344 9.28992 2
      vertex 7.90061 9.38011 2.2
      vertex 7.75344 9.28992 2.2
    endloop
  endfacet
  facet normal 0.522516 -0.85263 0
    outer loop
      vertex 7.90061 9.38011 2.2
      vertex 7.75344 9.28992 2
      vertex 7.90061 9.38011 2
    endloop
  endfacet
  facet normal 0.760425 -0.649426 0
    outer loop
      vertex 7.51008 9.04656 2.2
      vertex 7.62218 9.17782 2
      vertex 7.62218 9.17782 2.2
    endloop
  endfacet
  facet normal 0.760425 -0.649426 0
    outer loop
      vertex 7.62218 9.17782 2
      vertex 7.51008 9.04656 2.2
      vertex 7.51008 9.04656 2
    endloop
  endfacet
  facet normal 0 -1 0
    outer loop
      vertex 2 59.8 3.2
      vertex 4.80917 59.8 3.1485
      vertex 4.85317 59.8 3.2
    endloop
  endfacet
  facet normal 0 -1 0
    outer loop
      vertex 2 59.8 3.2
      vertex 4.61175 59.8 2.91743
      vertex 4.80917 59.8 3.1485
    endloop
  endfacet
  facet normal 0 -1 0
    outer loop
      vertex 3.84722 59.8 2
      vertex 2 59.8 3.2
      vertex 2 59.8 2
    endloop
  endfacet
  facet normal 0 -1 0
    outer loop
      vertex 2 59.8 3.2
      vertex 3.84722 59.8 2
      vertex 4.61175 59.8 2.91743
    endloop
  endfacet
  facet normal 0 1 -0
    outer loop
      vertex 4.80917 61 3.1485
      vertex 2 61 3.2
      vertex 4.85317 61 3.2
    endloop
  endfacet
  facet normal 0 1 -0
    outer loop
      vertex 4.61175 61 2.91743
      vertex 2 61 3.2
      vertex 4.80917 61 3.1485
    endloop
  endfacet
  facet normal 0 1 -0
    outer loop
      vertex 3.84722 61 2
      vertex 2 61 3.2
      vertex 4.61175 61 2.91743
    endloop
  endfacet
  facet normal 0 1 0
    outer loop
      vertex 2 61 3.2
      vertex 3.84722 61 2
      vertex 2 61 2
    endloop
  endfacet
  facet normal 0 0 1
    outer loop
      vertex 7.8 63.9468 3.2
      vertex 9 63.9468 3.2
      vertex 9 66.8 3.2
    endloop
  endfacet
  facet normal 0 0 1
    outer loop
      vertex 7.8 63.9468 3.2
      vertex 9 66.8 3.2
      vertex 7.8 66.8 3.2
    endloop
  endfacet
  facet normal 0 0 1
    outer loop
      vertex 9 63.9468 3.2
      vertex 7.8 63.9468 3.2
      vertex 8.4 62.9403 3.2
    endloop
  endfacet
  facet normal -0 0 1
    outer loop
      vertex 7.28754 63.8238 3.2
      vertex 8.4 62.9403 3.2
      vertex 7.8 63.9468 3.2
    endloop
  endfacet
  facet normal -0 0 1
    outer loop
      vertex 6.76564 63.6076 3.2
      vertex 8.4 62.9403 3.2
      vertex 7.28754 63.8238 3.2
    endloop
  endfacet
  facet normal 0 0 1
    outer loop
      vertex 6.2 61.6702 3.2
      vertex 6.76564 63.6076 3.2
      vertex 6.28397 63.3125 3.2
    endloop
  endfacet
  facet normal 0 0 1
    outer loop
      vertex 6.76564 63.6076 3.2
      vertex 6.2 61.6702 3.2
      vertex 8.4 62.9403 3.2
    endloop
  endfacet
  facet normal -0 0 1
    outer loop
      vertex 5.48754 62.516 3.2
      vertex 6.2 61.6702 3.2
      vertex 5.85442 62.9456 3.2
    endloop
  endfacet
  facet normal -0 0 1
    outer loop
      vertex 5.85442 62.9456 3.2
      vertex 6.2 61.6702 3.2
      vertex 6.28397 63.3125 3.2
    endloop
  endfacet
  facet normal 0 0 1
    outer loop
      vertex 10.6 61.6702 3.2
      vertex 12 60.4 3.2
      vertex 11.9557 60.9632 3.2
    endloop
  endfacet
  facet normal 0 0 1
    outer loop
      vertex 10.6 61.6702 3.2
      vertex 11.9557 60.9632 3.2
      vertex 11.8238 61.5125 3.2
    endloop
  endfacet
  facet normal 0 0 1
    outer loop
      vertex 10.6 59.1298 3.2
      vertex 12 60.4 3.2
      vertex 10.6 61.6702 3.2
    endloop
  endfacet
  facet normal -0 0 1
    outer loop
      vertex 10.6 61.6702 3.2
      vertex 11.8238 61.5125 3.2
      vertex 11.6076 62.0344 3.2
    endloop
  endfacet
  facet normal 0 0 1
    outer loop
      vertex 12 60.4 3.2
      vertex 10.6 59.1298 3.2
      vertex 11.9557 59.8368 3.2
    endloop
  endfacet
  facet normal 0 0 1
    outer loop
      vertex 10.6 61.6702 3.2
      vertex 11.6076 62.0344 3.2
      vertex 11.3125 62.516 3.2
    endloop
  endfacet
  facet normal 0 0 1
    outer loop
      vertex 11.9557 59.8368 3.2
      vertex 10.6 59.1298 3.2
      vertex 11.8238 59.2875 3.2
    endloop
  endfacet
  facet normal 0 0 1
    outer loop
      vertex 10.6 61.6702 3.2
      vertex 11.3125 62.516 3.2
      vertex 10.9456 62.9456 3.2
    endloop
  endfacet
  facet normal 0 0 1
    outer loop
      vertex 11.8238 59.2875 3.2
      vertex 10.6 59.1298 3.2
      vertex 11.6076 58.7656 3.2
    endloop
  endfacet
  facet normal 0 0 1
    outer loop
      vertex 11.6076 58.7656 3.2
      vertex 10.6 59.1298 3.2
      vertex 11.3125 58.284 3.2
    endloop
  endfacet
  facet normal 0 0 1
    outer loop
      vertex 10.516 63.3125 3.2
      vertex 10.6 61.6702 3.2
      vertex 10.9456 62.9456 3.2
    endloop
  endfacet
  facet normal 0 0 1
    outer loop
      vertex 10.0344 63.6076 3.2
      vertex 10.6 61.6702 3.2
      vertex 10.516 63.3125 3.2
    endloop
  endfacet
  facet normal 0 0 1
    outer loop
      vertex 8.4 62.9403 3.2
      vertex 10.0344 63.6076 3.2
      vertex 9.51246 63.8238 3.2
    endloop
  endfacet
  facet normal 0 0 1
    outer loop
      vertex 8.4 62.9403 3.2
      vertex 9.51246 63.8238 3.2
      vertex 9 63.9468 3.2
    endloop
  endfacet
  facet normal 0 0 1
    outer loop
      vertex 10.0344 63.6076 3.2
      vertex 8.4 62.9403 3.2
      vertex 10.6 61.6702 3.2
    endloop
  endfacet
  facet normal 0 0 1
    outer loop
      vertex 11.3125 58.284 3.2
      vertex 10.6 59.1298 3.2
      vertex 10.9456 57.8544 3.2
    endloop
  endfacet
  facet normal 0 0 1
    outer loop
      vertex 10.6 59.1298 3.2
      vertex 10.516 57.4875 3.2
      vertex 10.9456 57.8544 3.2
    endloop
  endfacet
  facet normal 0 0 1
    outer loop
      vertex 10.6 59.1298 3.2
      vertex 10.0344 57.1924 3.2
      vertex 10.516 57.4875 3.2
    endloop
  endfacet
  facet normal -0 0 1
    outer loop
      vertex 8.4 57.8597 3.2
      vertex 10.0344 57.1924 3.2
      vertex 10.6 59.1298 3.2
    endloop
  endfacet
  facet normal 0 0 1
    outer loop
      vertex 10.0344 57.1924 3.2
      vertex 8.4 57.8597 3.2
      vertex 9.51246 56.9762 3.2
    endloop
  endfacet
  facet normal 0 0 1
    outer loop
      vertex 9.51246 56.9762 3.2
      vertex 8.4 57.8597 3.2
      vertex 8.96316 56.8443 3.2
    endloop
  endfacet
  facet normal 0 0 1
    outer loop
      vertex 8.4 57.8597 3.2
      vertex 8.4 56.8 3.2
      vertex 8.96316 56.8443 3.2
    endloop
  endfacet
  facet normal 0 0 1
    outer loop
      vertex 8.4 57.8597 3.2
      vertex 7.83684 56.8443 3.2
      vertex 8.4 56.8 3.2
    endloop
  endfacet
  facet normal 0 0 1
    outer loop
      vertex 8.4 57.8597 3.2
      vertex 7.28754 56.9762 3.2
      vertex 7.83684 56.8443 3.2
    endloop
  endfacet
  facet normal 0 0 1
    outer loop
      vertex 8.4 57.8597 3.2
      vertex 6.76564 57.1924 3.2
      vertex 7.28754 56.9762 3.2
    endloop
  endfacet
  facet normal 0 0 1
    outer loop
      vertex 6.2 59.1298 3.2
      vertex 6.76564 57.1924 3.2
      vertex 8.4 57.8597 3.2
    endloop
  endfacet
  facet normal 0 0 1
    outer loop
      vertex 6.76564 57.1924 3.2
      vertex 6.2 59.1298 3.2
      vertex 6.28397 57.4875 3.2
    endloop
  endfacet
  facet normal -0 0 1
    outer loop
      vertex 5.19238 62.0344 3.2
      vertex 6.2 61.6702 3.2
      vertex 5.48754 62.516 3.2
    endloop
  endfacet
  facet normal 0 0 1
    outer loop
      vertex 6.2 59.1298 3.2
      vertex 5.85442 57.8544 3.2
      vertex 6.28397 57.4875 3.2
    endloop
  endfacet
  facet normal 0 0 1
    outer loop
      vertex 4.9762 61.5125 3.2
      vertex 6.2 61.6702 3.2
      vertex 5.19238 62.0344 3.2
    endloop
  endfacet
  facet normal 0 0 1
    outer loop
      vertex 6.2 59.1298 3.2
      vertex 5.48754 58.284 3.2
      vertex 5.85442 57.8544 3.2
    endloop
  endfacet
  facet normal 0 0 1
    outer loop
      vertex 4.85317 61 3.2
      vertex 6.2 61.6702 3.2
      vertex 4.9762 61.5125 3.2
    endloop
  endfacet
  facet normal 0 0 1
    outer loop
      vertex 6.2 59.1298 3.2
      vertex 5.19238 58.7656 3.2
      vertex 5.48754 58.284 3.2
    endloop
  endfacet
  facet normal 0 0 1
    outer loop
      vertex 6.2 61.6702 3.2
      vertex 4.85317 61 3.2
      vertex 6.2 59.1298 3.2
    endloop
  endfacet
  facet normal 0 0 1
    outer loop
      vertex 6.2 59.1298 3.2
      vertex 4.9762 59.2875 3.2
      vertex 5.19238 58.7656 3.2
    endloop
  endfacet
  facet normal -0 0 1
    outer loop
      vertex 4.85317 59.8 3.2
      vertex 6.2 59.1298 3.2
      vertex 4.85317 61 3.2
    endloop
  endfacet
  facet normal 0 0 1
    outer loop
      vertex 6.2 59.1298 3.2
      vertex 4.85317 59.8 3.2
      vertex 4.9762 59.2875 3.2
    endloop
  endfacet
  facet normal -0 0 1
    outer loop
      vertex 2 61 3.2
      vertex 4.85317 59.8 3.2
      vertex 4.85317 61 3.2
    endloop
  endfacet
  facet normal 0 0 1
    outer loop
      vertex 4.85317 59.8 3.2
      vertex 2 61 3.2
      vertex 2 59.8 3.2
    endloop
  endfacet
  facet normal 1 0 0
    outer loop
      vertex 9 66.8 3.2
      vertex 9 64.9528 2
      vertex 9 66.8 2
    endloop
  endfacet
  facet normal 1 0 0
    outer loop
      vertex 9 66.8 3.2
      vertex 9 64.1882 2.91743
      vertex 9 64.9528 2
    endloop
  endfacet
  facet normal 1 0 0
    outer loop
      vertex 9 66.8 3.2
      vertex 9 63.9908 3.1485
      vertex 9 64.1882 2.91743
    endloop
  endfacet
  facet normal 1 0 -0
    outer loop
      vertex 9 63.9908 3.1485
      vertex 9 66.8 3.2
      vertex 9 63.9468 3.2
    endloop
  endfacet
  facet normal -1 0 0
    outer loop
      vertex 7.8 64.9528 2
      vertex 7.8 66.8 3.2
      vertex 7.8 66.8 2
    endloop
  endfacet
  facet normal -1 0 0
    outer loop
      vertex 7.8 64.1882 2.91743
      vertex 7.8 66.8 3.2
      vertex 7.8 64.9528 2
    endloop
  endfacet
  facet normal -1 0 0
    outer loop
      vertex 7.8 63.9908 3.1485
      vertex 7.8 66.8 3.2
      vertex 7.8 64.1882 2.91743
    endloop
  endfacet
  facet normal -1 -0 0
    outer loop
      vertex 7.8 66.8 3.2
      vertex 7.8 63.9908 3.1485
      vertex 7.8 63.9468 3.2
    endloop
  endfacet
  facet normal -0.294383 -0.71063 0.639018
    outer loop
      vertex 6.76564 57.1924 3.2
      vertex 6.31164 56.3014 2
      vertex 7.28754 56.9762 3.2
    endloop
  endfacet
  facet normal -0.584917 0.499521 0.639023
    outer loop
      vertex 5.85442 62.9456 3.2
      vertex 4.67852 63.1038 2
      vertex 5.48754 62.516 3.2
    endloop
  endfacet
  facet normal 0.766823 0.0603165 0.639019
    outer loop
      vertex 13 60.4 2
      vertex 11.9557 60.9632 3.2
      vertex 12 60.4 3.2
    endloop
  endfacet
  facet normal 0.766822 0.0603143 0.63902
    outer loop
      vertex 12.9434 61.1196 2
      vertex 11.9557 60.9632 3.2
      vertex 13 60.4 2
    endloop
  endfacet
  facet normal -0.401834 -0.655883 0.63902
    outer loop
      vertex 6.76564 57.1924 3.2
      vertex 6.28397 57.4875 3.2
      vertex 6.31164 56.3014 2
    endloop
  endfacet
  facet normal 0.747941 0.179553 0.639019
    outer loop
      vertex 12.7749 61.8215 2
      vertex 11.9557 60.9632 3.2
      vertex 12.9434 61.1196 2
    endloop
  endfacet
  facet normal -0.710638 -0.294359 0.63902
    outer loop
      vertex 4.9762 59.2875 3.2
      vertex 4.30137 58.3116 2
      vertex 5.19238 58.7656 3.2
    endloop
  endfacet
  facet normal -0.179593 -0.747918 0.639035
    outer loop
      vertex 7.28754 56.9762 3.2
      vertex 6.97852 56.0251 2
      vertex 7.83684 56.8443 3.2
    endloop
  endfacet
  facet normal -0.655825 -0.401925 0.639023
    outer loop
      vertex 5.48754 58.284 3.2
      vertex 4.30137 58.3116 2
      vertex 4.67852 57.6962 2
    endloop
  endfacet
  facet normal 0.499549 -0.584903 0.639014
    outer loop
      vertex 11.6527 57.1473 2
      vertex 10.9456 57.8544 3.2
      vertex 11.1038 56.6785 2
    endloop
  endfacet
  facet normal -0.747936 -0.179562 0.639021
    outer loop
      vertex 4.02514 58.9785 2
      vertex 4.61175 59.8 2.91743
      vertex 3.85663 59.6804 2
    endloop
  endfacet
  facet normal -0.747939 -0.179558 0.639019
    outer loop
      vertex 4.61175 59.8 2.91743
      vertex 4.02514 58.9785 2
      vertex 4.80917 59.8 3.1485
    endloop
  endfacet
  facet normal 0.655859 -0.401877 0.639018
    outer loop
      vertex 11.6076 58.7656 3.2
      vertex 11.3125 58.284 3.2
      vertex 12.4986 58.3116 2
    endloop
  endfacet
  facet normal -0.401834 0.655883 0.63902
    outer loop
      vertex 6.31164 64.4986 2
      vertex 6.28397 63.3125 3.2
      vertex 6.76564 63.6076 3.2
    endloop
  endfacet
  facet normal 0.655855 0.40189 0.639014
    outer loop
      vertex 12.1215 63.1038 2
      vertex 11.3125 62.516 3.2
      vertex 12.4986 62.4884 2
    endloop
  endfacet
  facet normal -0.294416 0.710605 0.639031
    outer loop
      vertex 6.97852 64.7749 2
      vertex 6.31164 64.4986 2
      vertex 7.28754 63.8238 3.2
    endloop
  endfacet
  facet normal 0.584903 0.499549 0.639014
    outer loop
      vertex 11.6527 63.6527 2
      vertex 10.9456 62.9456 3.2
      vertex 12.1215 63.1038 2
    endloop
  endfacet
  facet normal 0.49954 0.584908 0.639017
    outer loop
      vertex 11.1038 64.1215 2
      vertex 10.516 63.3125 3.2
      vertex 10.9456 62.9456 3.2
    endloop
  endfacet
  facet normal 0.0602664 0.766794 0.639058
    outer loop
      vertex 9 64.9528 2
      vertex 9 64.1882 2.91743
      vertex 9.1196 64.9434 2
    endloop
  endfacet
  facet normal -0.584907 -0.499542 0.639016
    outer loop
      vertex 5.85442 57.8544 3.2
      vertex 4.67852 57.6962 2
      vertex 5.14731 57.1473 2
    endloop
  endfacet
  facet normal 0.747919 -0.179593 0.639033
    outer loop
      vertex 11.9557 59.8368 3.2
      vertex 11.8238 59.2875 3.2
      vertex 12.7749 58.9785 2
    endloop
  endfacet
  facet normal 0.17942 0.74799 0.638998
    outer loop
      vertex 9.82148 64.7749 2
      vertex 9 64.1882 2.91743
      vertex 9 63.9908 3.1485
    endloop
  endfacet
  facet normal 0.17955 0.747906 0.63906
    outer loop
      vertex 9 64.1882 2.91743
      vertex 9.82148 64.7749 2
      vertex 9.1196 64.9434 2
    endloop
  endfacet
  facet normal 0.40189 0.655855 0.639014
    outer loop
      vertex 11.1038 64.1215 2
      vertex 10.4884 64.4986 2
      vertex 10.516 63.3125 3.2
    endloop
  endfacet
  facet normal 0.71063 0.294383 0.639018
    outer loop
      vertex 12.4986 62.4884 2
      vertex 11.6076 62.0344 3.2
      vertex 11.8238 61.5125 3.2
    endloop
  endfacet
  facet normal 0.584903 -0.499549 0.639014
    outer loop
      vertex 12.1215 57.6962 2
      vertex 10.9456 57.8544 3.2
      vertex 11.6527 57.1473 2
    endloop
  endfacet
  facet normal 0.71061 -0.294409 0.639028
    outer loop
      vertex 12.7749 58.9785 2
      vertex 11.8238 59.2875 3.2
      vertex 12.4986 58.3116 2
    endloop
  endfacet
  facet normal -0.710645 -0.294349 0.639017
    outer loop
      vertex 4.9762 59.2875 3.2
      vertex 4.02514 58.9785 2
      vertex 4.30137 58.3116 2
    endloop
  endfacet
  facet normal -0.584907 0.499542 0.639016
    outer loop
      vertex 5.14731 63.6527 2
      vertex 4.67852 63.1038 2
      vertex 5.85442 62.9456 3.2
    endloop
  endfacet
  facet normal -0.0603142 -0.766821 0.639021
    outer loop
      vertex 7.83684 56.8443 3.2
      vertex 7.6804 55.8566 2
      vertex 8.4 55.8 2
    endloop
  endfacet
  facet normal 0.294364 -0.710639 0.639017
    outer loop
      vertex 10.0344 57.1924 3.2
      vertex 9.51246 56.9762 3.2
      vertex 10.4884 56.3014 2
    endloop
  endfacet
  facet normal 0.179521 0.747946 0.639022
    outer loop
      vertex 9.51246 63.8238 3.2
      vertex 9 63.9908 3.1485
      vertex 9 63.9468 3.2
    endloop
  endfacet
  facet normal 0.179517 0.747938 0.639032
    outer loop
      vertex 9 63.9908 3.1485
      vertex 9.51246 63.8238 3.2
      vertex 9.82148 64.7749 2
    endloop
  endfacet
  facet normal 0.584908 0.49954 0.639017
    outer loop
      vertex 12.1215 63.1038 2
      vertex 10.9456 62.9456 3.2
      vertex 11.3125 62.516 3.2
    endloop
  endfacet
  facet normal -0.294383 0.71063 0.639018
    outer loop
      vertex 7.28754 63.8238 3.2
      vertex 6.31164 64.4986 2
      vertex 6.76564 63.6076 3.2
    endloop
  endfacet
  facet normal 0.655855 -0.40189 0.639014
    outer loop
      vertex 12.4986 58.3116 2
      vertex 11.3125 58.284 3.2
      vertex 12.1215 57.6962 2
    endloop
  endfacet
  facet normal -0.401868 0.655873 0.639009
    outer loop
      vertex 6.31164 64.4986 2
      vertex 5.69619 64.1215 2
      vertex 6.28397 63.3125 3.2
    endloop
  endfacet
  facet normal -0.499578 0.584883 0.63901
    outer loop
      vertex 6.28397 63.3125 3.2
      vertex 5.69619 64.1215 2
      vertex 5.85442 62.9456 3.2
    endloop
  endfacet
  facet normal -0.499558 0.584892 0.639017
    outer loop
      vertex 5.69619 64.1215 2
      vertex 5.14731 63.6527 2
      vertex 5.85442 62.9456 3.2
    endloop
  endfacet
  facet normal -0.655822 -0.401936 0.639019
    outer loop
      vertex 5.19238 58.7656 3.2
      vertex 4.30137 58.3116 2
      vertex 5.48754 58.284 3.2
    endloop
  endfacet
  facet normal 0.401877 0.655859 0.639018
    outer loop
      vertex 10.4884 64.4986 2
      vertex 10.0344 63.6076 3.2
      vertex 10.516 63.3125 3.2
    endloop
  endfacet
  facet normal 0.294401 -0.710611 0.639031
    outer loop
      vertex 10.4884 56.3014 2
      vertex 9.51246 56.9762 3.2
      vertex 9.82148 56.0251 2
    endloop
  endfacet
  facet normal 0.499549 0.584903 0.639014
    outer loop
      vertex 11.1038 64.1215 2
      vertex 10.9456 62.9456 3.2
      vertex 11.6527 63.6527 2
    endloop
  endfacet
  facet normal -0.747942 -0.17955 0.639018
    outer loop
      vertex 4.80917 59.8 3.1485
      vertex 4.9762 59.2875 3.2
      vertex 4.85317 59.8 3.2
    endloop
  endfacet
  facet normal -0.747943 -0.17955 0.639017
    outer loop
      vertex 4.9762 59.2875 3.2
      vertex 4.80917 59.8 3.1485
      vertex 4.02514 58.9785 2
    endloop
  endfacet
  facet normal 0.655859 0.401877 0.639018
    outer loop
      vertex 12.4986 62.4884 2
      vertex 11.3125 62.516 3.2
      vertex 11.6076 62.0344 3.2
    endloop
  endfacet
  facet normal 0.747919 0.179593 0.639033
    outer loop
      vertex 12.7749 61.8215 2
      vertex 11.8238 61.5125 3.2
      vertex 11.9557 60.9632 3.2
    endloop
  endfacet
  facet normal 0.71061 0.294409 0.639028
    outer loop
      vertex 12.4986 62.4884 2
      vertex 11.8238 61.5125 3.2
      vertex 12.7749 61.8215 2
    endloop
  endfacet
  facet normal 0.747941 -0.179553 0.639019
    outer loop
      vertex 12.9434 59.6804 2
      vertex 11.9557 59.8368 3.2
      vertex 12.7749 58.9785 2
    endloop
  endfacet
  facet normal -0.499558 -0.584892 0.639017
    outer loop
      vertex 5.85442 57.8544 3.2
      vertex 5.14731 57.1473 2
      vertex 5.69619 56.6785 2
    endloop
  endfacet
  facet normal 0.179593 -0.747918 0.639035
    outer loop
      vertex 9.51246 56.9762 3.2
      vertex 8.96316 56.8443 3.2
      vertex 9.82148 56.0251 2
    endloop
  endfacet
  facet normal 0.766822 -0.0603143 0.63902
    outer loop
      vertex 13 60.4 2
      vertex 11.9557 59.8368 3.2
      vertex 12.9434 59.6804 2
    endloop
  endfacet
  facet normal 0.766823 -0.0603165 0.639019
    outer loop
      vertex 12 60.4 3.2
      vertex 11.9557 59.8368 3.2
      vertex 13 60.4 2
    endloop
  endfacet
  facet normal -0.584917 -0.499521 0.639023
    outer loop
      vertex 5.48754 58.284 3.2
      vertex 4.67852 57.6962 2
      vertex 5.85442 57.8544 3.2
    endloop
  endfacet
  facet normal -0.499578 -0.584883 0.63901
    outer loop
      vertex 5.85442 57.8544 3.2
      vertex 5.69619 56.6785 2
      vertex 6.28397 57.4875 3.2
    endloop
  endfacet
  facet normal 0.294401 0.710611 0.639031
    outer loop
      vertex 9.82148 64.7749 2
      vertex 9.51246 63.8238 3.2
      vertex 10.4884 64.4986 2
    endloop
  endfacet
  facet normal 0.0603207 -0.766822 0.639019
    outer loop
      vertex 8.4 56.8 3.2
      vertex 8.4 55.8 2
      vertex 8.96316 56.8443 3.2
    endloop
  endfacet
  facet normal -0.76682 -0.0603326 0.639021
    outer loop
      vertex 4.61175 59.8 2.91743
      vertex 3.84722 59.8 2
      vertex 3.85663 59.6804 2
    endloop
  endfacet
  facet normal 0.294364 0.710639 0.639017
    outer loop
      vertex 10.4884 64.4986 2
      vertex 9.51246 63.8238 3.2
      vertex 10.0344 63.6076 3.2
    endloop
  endfacet
  facet normal 0.179557 -0.747937 0.639023
    outer loop
      vertex 9.82148 56.0251 2
      vertex 8.96316 56.8443 3.2
      vertex 9.1196 55.8566 2
    endloop
  endfacet
  facet normal 0.0603142 -0.766821 0.639021
    outer loop
      vertex 8.96316 56.8443 3.2
      vertex 8.4 55.8 2
      vertex 9.1196 55.8566 2
    endloop
  endfacet
  facet normal -0.747936 0.179562 0.639021
    outer loop
      vertex 4.61175 61 2.91743
      vertex 4.02514 61.8215 2
      vertex 3.85663 61.1196 2
    endloop
  endfacet
  facet normal -0.747939 0.179558 0.639019
    outer loop
      vertex 4.02514 61.8215 2
      vertex 4.61175 61 2.91743
      vertex 4.80917 61 3.1485
    endloop
  endfacet
  facet normal -0.76682 0.0603326 0.639021
    outer loop
      vertex 3.85663 61.1196 2
      vertex 3.84722 61 2
      vertex 4.61175 61 2.91743
    endloop
  endfacet
  facet normal -0.655822 0.401936 0.639019
    outer loop
      vertex 5.48754 62.516 3.2
      vertex 4.30137 62.4884 2
      vertex 5.19238 62.0344 3.2
    endloop
  endfacet
  facet normal -0.655825 0.401925 0.639023
    outer loop
      vertex 4.67852 63.1038 2
      vertex 4.30137 62.4884 2
      vertex 5.48754 62.516 3.2
    endloop
  endfacet
  facet normal -0.401868 -0.655873 0.639009
    outer loop
      vertex 6.28397 57.4875 3.2
      vertex 5.69619 56.6785 2
      vertex 6.31164 56.3014 2
    endloop
  endfacet
  facet normal 0.49954 -0.584908 0.639017
    outer loop
      vertex 10.9456 57.8544 3.2
      vertex 10.516 57.4875 3.2
      vertex 11.1038 56.6785 2
    endloop
  endfacet
  facet normal -0.294416 -0.710605 0.639031
    outer loop
      vertex 7.28754 56.9762 3.2
      vertex 6.31164 56.3014 2
      vertex 6.97852 56.0251 2
    endloop
  endfacet
  facet normal 0.71063 -0.294383 0.639018
    outer loop
      vertex 11.8238 59.2875 3.2
      vertex 11.6076 58.7656 3.2
      vertex 12.4986 58.3116 2
    endloop
  endfacet
  facet normal -0.179521 0.747946 0.639022
    outer loop
      vertex 7.8 63.9908 3.1485
      vertex 7.28754 63.8238 3.2
      vertex 7.8 63.9468 3.2
    endloop
  endfacet
  facet normal -0.179517 0.747938 0.639032
    outer loop
      vertex 7.28754 63.8238 3.2
      vertex 7.8 63.9908 3.1485
      vertex 6.97852 64.7749 2
    endloop
  endfacet
  facet normal 0.584908 -0.49954 0.639017
    outer loop
      vertex 11.3125 58.284 3.2
      vertex 10.9456 57.8544 3.2
      vertex 12.1215 57.6962 2
    endloop
  endfacet
  facet normal 0.40189 -0.655855 0.639014
    outer loop
      vertex 10.516 57.4875 3.2
      vertex 10.4884 56.3014 2
      vertex 11.1038 56.6785 2
    endloop
  endfacet
  facet normal -0.0603207 -0.766822 0.639019
    outer loop
      vertex 8.4 56.8 3.2
      vertex 7.83684 56.8443 3.2
      vertex 8.4 55.8 2
    endloop
  endfacet
  facet normal -0.179557 -0.747937 0.639023
    outer loop
      vertex 7.83684 56.8443 3.2
      vertex 6.97852 56.0251 2
      vertex 7.6804 55.8566 2
    endloop
  endfacet
  facet normal -0.747943 0.17955 0.639017
    outer loop
      vertex 4.80917 61 3.1485
      vertex 4.9762 61.5125 3.2
      vertex 4.02514 61.8215 2
    endloop
  endfacet
  facet normal -0.747942 0.17955 0.639018
    outer loop
      vertex 4.9762 61.5125 3.2
      vertex 4.80917 61 3.1485
      vertex 4.85317 61 3.2
    endloop
  endfacet
  facet normal 0.401877 -0.655859 0.639018
    outer loop
      vertex 10.516 57.4875 3.2
      vertex 10.0344 57.1924 3.2
      vertex 10.4884 56.3014 2
    endloop
  endfacet
  facet normal -0.710638 0.294359 0.63902
    outer loop
      vertex 5.19238 62.0344 3.2
      vertex 4.30137 62.4884 2
      vertex 4.9762 61.5125 3.2
    endloop
  endfacet
  facet normal -0.710645 0.294349 0.639017
    outer loop
      vertex 4.30137 62.4884 2
      vertex 4.02514 61.8215 2
      vertex 4.9762 61.5125 3.2
    endloop
  endfacet
  facet normal -0.0602664 0.766794 0.639058
    outer loop
      vertex 7.8 64.9528 2
      vertex 7.6804 64.9434 2
      vertex 7.8 64.1882 2.91743
    endloop
  endfacet
  facet normal -0.17955 0.747906 0.63906
    outer loop
      vertex 6.97852 64.7749 2
      vertex 7.8 64.1882 2.91743
      vertex 7.6804 64.9434 2
    endloop
  endfacet
  facet normal -0.17942 0.74799 0.638998
    outer loop
      vertex 7.8 64.1882 2.91743
      vertex 6.97852 64.7749 2
      vertex 7.8 63.9908 3.1485
    endloop
  endfacet
  facet normal -0.499979 0.866037 0
    outer loop
      vertex 10.6 59.1298 2.2
      vertex 8.4 57.8597 3.2
      vertex 10.6 59.1298 3.2
    endloop
  endfacet
  facet normal -0.499979 0.866037 0
    outer loop
      vertex 8.4 57.8597 3.2
      vertex 10.6 59.1298 2.2
      vertex 8.4 57.8597 2.2
    endloop
  endfacet
  facet normal -1 0 0
    outer loop
      vertex 10.6 59.1298 2.2
      vertex 10.6 61.6702 3.2
      vertex 10.6 61.6702 2.2
    endloop
  endfacet
  facet normal -1 -0 0
    outer loop
      vertex 10.6 61.6702 3.2
      vertex 10.6 59.1298 2.2
      vertex 10.6 59.1298 3.2
    endloop
  endfacet
  facet normal 0.499979 -0.866037 0
    outer loop
      vertex 6.2 61.6702 2.2
      vertex 8.4 62.9403 3.2
      vertex 6.2 61.6702 3.2
    endloop
  endfacet
  facet normal 0.499979 -0.866037 0
    outer loop
      vertex 8.4 62.9403 3.2
      vertex 6.2 61.6702 2.2
      vertex 8.4 62.9403 2.2
    endloop
  endfacet
  facet normal -0.499979 -0.866037 0
    outer loop
      vertex 8.4 62.9403 2.2
      vertex 10.6 61.6702 3.2
      vertex 8.4 62.9403 3.2
    endloop
  endfacet
  facet normal -0.499979 -0.866037 -0
    outer loop
      vertex 10.6 61.6702 3.2
      vertex 8.4 62.9403 2.2
      vertex 10.6 61.6702 2.2
    endloop
  endfacet
  facet normal 1 -0 0
    outer loop
      vertex 6.2 59.1298 3.2
      vertex 6.2 61.6702 2.2
      vertex 6.2 61.6702 3.2
    endloop
  endfacet
  facet normal 1 0 0
    outer loop
      vertex 6.2 61.6702 2.2
      vertex 6.2 59.1298 3.2
      vertex 6.2 59.1298 2.2
    endloop
  endfacet
  facet normal 0.499979 0.866037 -0
    outer loop
      vertex 8.4 57.8597 2.2
      vertex 6.2 59.1298 3.2
      vertex 8.4 57.8597 3.2
    endloop
  endfacet
  facet normal 0.499979 0.866037 0
    outer loop
      vertex 6.2 59.1298 3.2
      vertex 8.4 57.8597 2.2
      vertex 6.2 59.1298 2.2
    endloop
  endfacet
  facet normal 0 0 1
    outer loop
      vertex 10.6 61.6702 2.2
      vertex 9.5 60.4 2.2
      vertex 10.6 59.1298 2.2
    endloop
  endfacet
  facet normal 0 0 1
    outer loop
      vertex 10.6 61.6702 2.2
      vertex 9.48646 60.5721 2.2
      vertex 9.5 60.4 2.2
    endloop
  endfacet
  facet normal 0 0 1
    outer loop
      vertex 10.6 61.6702 2.2
      vertex 9.44616 60.7399 2.2
      vertex 9.48646 60.5721 2.2
    endloop
  endfacet
  facet normal 0 0 1
    outer loop
      vertex 10.6 61.6702 2.2
      vertex 9.38011 60.8994 2.2
      vertex 9.44616 60.7399 2.2
    endloop
  endfacet
  facet normal 0 0 1
    outer loop
      vertex 10.6 61.6702 2.2
      vertex 9.28992 61.0466 2.2
      vertex 9.38011 60.8994 2.2
    endloop
  endfacet
  facet normal 0 0 1
    outer loop
      vertex 10.6 61.6702 2.2
      vertex 9.17782 61.1778 2.2
      vertex 9.28992 61.0466 2.2
    endloop
  endfacet
  facet normal 0 0 1
    outer loop
      vertex 10.6 61.6702 2.2
      vertex 9.04656 61.2899 2.2
      vertex 9.17782 61.1778 2.2
    endloop
  endfacet
  facet normal 0 0 1
    outer loop
      vertex 10.6 61.6702 2.2
      vertex 8.89939 61.3801 2.2
      vertex 9.04656 61.2899 2.2
    endloop
  endfacet
  facet normal 0 0 1
    outer loop
      vertex 8.4 62.9403 2.2
      vertex 8.89939 61.3801 2.2
      vertex 10.6 61.6702 2.2
    endloop
  endfacet
  facet normal 0 0 1
    outer loop
      vertex 8.89939 61.3801 2.2
      vertex 8.4 62.9403 2.2
      vertex 8.73992 61.4462 2.2
    endloop
  endfacet
  facet normal 0 0 1
    outer loop
      vertex 8.73992 61.4462 2.2
      vertex 8.4 62.9403 2.2
      vertex 8.57208 61.4865 2.2
    endloop
  endfacet
  facet normal 0 0 1
    outer loop
      vertex 8.4 62.9403 2.2
      vertex 8.4 61.5 2.2
      vertex 8.57208 61.4865 2.2
    endloop
  endfacet
  facet normal 0 0 1
    outer loop
      vertex 8.4 62.9403 2.2
      vertex 8.22792 61.4865 2.2
      vertex 8.4 61.5 2.2
    endloop
  endfacet
  facet normal 0 0 1
    outer loop
      vertex 8.4 62.9403 2.2
      vertex 8.06008 61.4462 2.2
      vertex 8.22792 61.4865 2.2
    endloop
  endfacet
  facet normal 0 0 1
    outer loop
      vertex 8.4 62.9403 2.2
      vertex 7.90061 61.3801 2.2
      vertex 8.06008 61.4462 2.2
    endloop
  endfacet
  facet normal -0 0 1
    outer loop
      vertex 6.2 61.6702 2.2
      vertex 7.90061 61.3801 2.2
      vertex 8.4 62.9403 2.2
    endloop
  endfacet
  facet normal 0 0 1
    outer loop
      vertex 7.90061 61.3801 2.2
      vertex 6.2 61.6702 2.2
      vertex 7.75344 61.2899 2.2
    endloop
  endfacet
  facet normal 0 0 1
    outer loop
      vertex 7.75344 61.2899 2.2
      vertex 6.2 61.6702 2.2
      vertex 7.62218 61.1778 2.2
    endloop
  endfacet
  facet normal 0 0 1
    outer loop
      vertex 7.62218 61.1778 2.2
      vertex 6.2 61.6702 2.2
      vertex 7.51008 61.0466 2.2
    endloop
  endfacet
  facet normal 0 0 1
    outer loop
      vertex 7.31354 60.5721 2.2
      vertex 6.2 61.6702 2.2
      vertex 7.3 60.4 2.2
    endloop
  endfacet
  facet normal 0 0 1
    outer loop
      vertex 7.35384 60.7399 2.2
      vertex 6.2 61.6702 2.2
      vertex 7.31354 60.5721 2.2
    endloop
  endfacet
  facet normal 0 0 1
    outer loop
      vertex 7.41989 60.8994 2.2
      vertex 6.2 61.6702 2.2
      vertex 7.35384 60.7399 2.2
    endloop
  endfacet
  facet normal 0 0 1
    outer loop
      vertex 7.51008 61.0466 2.2
      vertex 6.2 61.6702 2.2
      vertex 7.41989 60.8994 2.2
    endloop
  endfacet
  facet normal -0 0 1
    outer loop
      vertex 9.48646 60.2279 2.2
      vertex 10.6 59.1298 2.2
      vertex 9.5 60.4 2.2
    endloop
  endfacet
  facet normal -0 0 1
    outer loop
      vertex 9.44616 60.0601 2.2
      vertex 10.6 59.1298 2.2
      vertex 9.48646 60.2279 2.2
    endloop
  endfacet
  facet normal -0 0 1
    outer loop
      vertex 9.38011 59.9006 2.2
      vertex 10.6 59.1298 2.2
      vertex 9.44616 60.0601 2.2
    endloop
  endfacet
  facet normal -0 0 1
    outer loop
      vertex 9.28992 59.7534 2.2
      vertex 10.6 59.1298 2.2
      vertex 9.38011 59.9006 2.2
    endloop
  endfacet
  facet normal -0 0 1
    outer loop
      vertex 9.17782 59.6222 2.2
      vertex 10.6 59.1298 2.2
      vertex 9.28992 59.7534 2.2
    endloop
  endfacet
  facet normal -0 0 1
    outer loop
      vertex 9.04656 59.5101 2.2
      vertex 10.6 59.1298 2.2
      vertex 9.17782 59.6222 2.2
    endloop
  endfacet
  facet normal -0 0 1
    outer loop
      vertex 8.89939 59.4199 2.2
      vertex 10.6 59.1298 2.2
      vertex 9.04656 59.5101 2.2
    endloop
  endfacet
  facet normal 0 0 1
    outer loop
      vertex 8.4 57.8597 2.2
      vertex 8.89939 59.4199 2.2
      vertex 8.73992 59.3538 2.2
    endloop
  endfacet
  facet normal 0 0 1
    outer loop
      vertex 8.4 57.8597 2.2
      vertex 8.73992 59.3538 2.2
      vertex 8.57208 59.3135 2.2
    endloop
  endfacet
  facet normal 0 0 1
    outer loop
      vertex 8.4 57.8597 2.2
      vertex 8.57208 59.3135 2.2
      vertex 8.4 59.3 2.2
    endloop
  endfacet
  facet normal 0 0 1
    outer loop
      vertex 8.89939 59.4199 2.2
      vertex 8.4 57.8597 2.2
      vertex 10.6 59.1298 2.2
    endloop
  endfacet
  facet normal 0 0 1
    outer loop
      vertex 8.22792 59.3135 2.2
      vertex 8.4 57.8597 2.2
      vertex 8.4 59.3 2.2
    endloop
  endfacet
  facet normal 0 0 1
    outer loop
      vertex 8.06008 59.3538 2.2
      vertex 8.4 57.8597 2.2
      vertex 8.22792 59.3135 2.2
    endloop
  endfacet
  facet normal 0 0 1
    outer loop
      vertex 7.90061 59.4199 2.2
      vertex 8.4 57.8597 2.2
      vertex 8.06008 59.3538 2.2
    endloop
  endfacet
  facet normal 0 0 1
    outer loop
      vertex 6.2 59.1298 2.2
      vertex 7.90061 59.4199 2.2
      vertex 7.75344 59.5101 2.2
    endloop
  endfacet
  facet normal 0 0 1
    outer loop
      vertex 6.2 59.1298 2.2
      vertex 7.75344 59.5101 2.2
      vertex 7.62218 59.6222 2.2
    endloop
  endfacet
  facet normal 0 0 1
    outer loop
      vertex 6.2 59.1298 2.2
      vertex 7.62218 59.6222 2.2
      vertex 7.51008 59.7534 2.2
    endloop
  endfacet
  facet normal 0 0 1
    outer loop
      vertex 6.2 59.1298 2.2
      vertex 7.51008 59.7534 2.2
      vertex 7.41989 59.9006 2.2
    endloop
  endfacet
  facet normal 0 0 1
    outer loop
      vertex 6.2 59.1298 2.2
      vertex 7.3 60.4 2.2
      vertex 6.2 61.6702 2.2
    endloop
  endfacet
  facet normal 0 0 1
    outer loop
      vertex 7.3 60.4 2.2
      vertex 6.2 59.1298 2.2
      vertex 7.31354 60.2279 2.2
    endloop
  endfacet
  facet normal 0 0 1
    outer loop
      vertex 7.31354 60.2279 2.2
      vertex 6.2 59.1298 2.2
      vertex 7.35384 60.0601 2.2
    endloop
  endfacet
  facet normal 0 0 1
    outer loop
      vertex 7.35384 60.0601 2.2
      vertex 6.2 59.1298 2.2
      vertex 7.41989 59.9006 2.2
    endloop
  endfacet
  facet normal 0 0 1
    outer loop
      vertex 7.90061 59.4199 2.2
      vertex 6.2 59.1298 2.2
      vertex 8.4 57.8597 2.2
    endloop
  endfacet
  facet normal -0.97235 -0.233526 0
    outer loop
      vertex 9.48646 60.5721 2
      vertex 9.44616 60.7399 2.2
      vertex 9.44616 60.7399 2
    endloop
  endfacet
  facet normal -0.97235 -0.233526 0
    outer loop
      vertex 9.44616 60.7399 2.2
      vertex 9.48646 60.5721 2
      vertex 9.48646 60.5721 2.2
    endloop
  endfacet
  facet normal -0.996919 -0.0784328 0
    outer loop
      vertex 9.5 60.4 2
      vertex 9.48646 60.5721 2.2
      vertex 9.48646 60.5721 2
    endloop
  endfacet
  facet normal -0.996919 -0.0784328 0
    outer loop
      vertex 9.48646 60.5721 2.2
      vertex 9.5 60.4 2
      vertex 9.5 60.4 2.2
    endloop
  endfacet
  facet normal -0.522558 0.852604 0
    outer loop
      vertex 9.04656 59.5101 2
      vertex 8.89939 59.4199 2.2
      vertex 9.04656 59.5101 2.2
    endloop
  endfacet
  facet normal -0.522558 0.852604 0
    outer loop
      vertex 8.89939 59.4199 2.2
      vertex 9.04656 59.5101 2
      vertex 8.89939 59.4199 2
    endloop
  endfacet
  facet normal 0.233474 0.972363 -0
    outer loop
      vertex 8.22792 59.3135 2
      vertex 8.06008 59.3538 2.2
      vertex 8.22792 59.3135 2.2
    endloop
  endfacet
  facet normal 0.233474 0.972363 0
    outer loop
      vertex 8.06008 59.3538 2.2
      vertex 8.22792 59.3135 2
      vertex 8.06008 59.3538 2
    endloop
  endfacet
  facet normal 0.0782116 0.996937 -0
    outer loop
      vertex 8.4 59.3 2
      vertex 8.22792 59.3135 2.2
      vertex 8.4 59.3 2.2
    endloop
  endfacet
  facet normal 0.0782116 0.996937 0
    outer loop
      vertex 8.22792 59.3135 2.2
      vertex 8.4 59.3 2
      vertex 8.22792 59.3135 2
    endloop
  endfacet
  facet normal 0.382908 0.923787 -0
    outer loop
      vertex 8.06008 59.3538 2
      vertex 7.90061 59.4199 2.2
      vertex 8.06008 59.3538 2.2
    endloop
  endfacet
  facet normal 0.382908 0.923787 0
    outer loop
      vertex 7.90061 59.4199 2.2
      vertex 8.06008 59.3538 2
      vertex 7.90061 59.4199 2
    endloop
  endfacet
  facet normal -0.382908 0.923787 0
    outer loop
      vertex 8.89939 59.4199 2
      vertex 8.73992 59.3538 2.2
      vertex 8.89939 59.4199 2.2
    endloop
  endfacet
  facet normal -0.382908 0.923787 0
    outer loop
      vertex 8.73992 59.3538 2.2
      vertex 8.89939 59.4199 2
      vertex 8.73992 59.3538 2
    endloop
  endfacet
  facet normal -0.233474 -0.972363 0
    outer loop
      vertex 8.57208 61.4865 2
      vertex 8.73992 61.4462 2.2
      vertex 8.57208 61.4865 2.2
    endloop
  endfacet
  facet normal -0.233474 -0.972363 -0
    outer loop
      vertex 8.73992 61.4462 2.2
      vertex 8.57208 61.4865 2
      vertex 8.73992 61.4462 2
    endloop
  endfacet
  facet normal 0.852677 0.522438 0
    outer loop
      vertex 7.51008 59.7534 2.2
      vertex 7.41989 59.9006 2
      vertex 7.41989 59.9006 2.2
    endloop
  endfacet
  facet normal 0.852677 0.522438 0
    outer loop
      vertex 7.41989 59.9006 2
      vertex 7.51008 59.7534 2.2
      vertex 7.51008 59.7534 2
    endloop
  endfacet
  facet normal -0.996919 0.0784328 0
    outer loop
      vertex 9.48646 60.2279 2
      vertex 9.5 60.4 2.2
      vertex 9.5 60.4 2
    endloop
  endfacet
  facet normal -0.996919 0.0784328 0
    outer loop
      vertex 9.5 60.4 2.2
      vertex 9.48646 60.2279 2
      vertex 9.48646 60.2279 2.2
    endloop
  endfacet
  facet normal 0.649426 0.760425 -0
    outer loop
      vertex 7.75344 59.5101 2
      vertex 7.62218 59.6222 2.2
      vertex 7.75344 59.5101 2.2
    endloop
  endfacet
  facet normal 0.649426 0.760425 0
    outer loop
      vertex 7.62218 59.6222 2.2
      vertex 7.75344 59.5101 2
      vertex 7.62218 59.6222 2
    endloop
  endfacet
  facet normal 0.97235 0.233526 0
    outer loop
      vertex 7.35384 60.0601 2.2
      vertex 7.31354 60.2279 2
      vertex 7.31354 60.2279 2.2
    endloop
  endfacet
  facet normal 0.97235 0.233526 0
    outer loop
      vertex 7.31354 60.2279 2
      vertex 7.35384 60.0601 2.2
      vertex 7.35384 60.0601 2
    endloop
  endfacet
  facet normal -0.649426 0.760425 0
    outer loop
      vertex 9.17782 59.6222 2
      vertex 9.04656 59.5101 2.2
      vertex 9.17782 59.6222 2.2
    endloop
  endfacet
  facet normal -0.649426 0.760425 0
    outer loop
      vertex 9.04656 59.5101 2.2
      vertex 9.17782 59.6222 2
      vertex 9.04656 59.5101 2
    endloop
  endfacet
  facet normal -0.923914 0.382599 0
    outer loop
      vertex 9.38011 59.9006 2
      vertex 9.44616 60.0601 2.2
      vertex 9.44616 60.0601 2
    endloop
  endfacet
  facet normal -0.923914 0.382599 0
    outer loop
      vertex 9.44616 60.0601 2.2
      vertex 9.38011 59.9006 2
      vertex 9.38011 59.9006 2.2
    endloop
  endfacet
  facet normal 0.760278 0.649598 0
    outer loop
      vertex 7.62218 59.6222 2.2
      vertex 7.51008 59.7534 2
      vertex 7.51008 59.7534 2.2
    endloop
  endfacet
  facet normal 0.760278 0.649598 0
    outer loop
      vertex 7.51008 59.7534 2
      vertex 7.62218 59.6222 2.2
      vertex 7.62218 59.6222 2
    endloop
  endfacet
  facet normal -0.852677 0.522438 0
    outer loop
      vertex 9.28992 59.7534 2
      vertex 9.38011 59.9006 2.2
      vertex 9.38011 59.9006 2
    endloop
  endfacet
  facet normal -0.852677 0.522438 0
    outer loop
      vertex 9.38011 59.9006 2.2
      vertex 9.28992 59.7534 2
      vertex 9.28992 59.7534 2.2
    endloop
  endfacet
  facet normal -0.760278 -0.649598 0
    outer loop
      vertex 9.28992 61.0466 2
      vertex 9.17782 61.1778 2.2
      vertex 9.17782 61.1778 2
    endloop
  endfacet
  facet normal -0.760278 -0.649598 0
    outer loop
      vertex 9.17782 61.1778 2.2
      vertex 9.28992 61.0466 2
      vertex 9.28992 61.0466 2.2
    endloop
  endfacet
  facet normal -0.233474 0.972363 0
    outer loop
      vertex 8.73992 59.3538 2
      vertex 8.57208 59.3135 2.2
      vertex 8.73992 59.3538 2.2
    endloop
  endfacet
  facet normal -0.233474 0.972363 0
    outer loop
      vertex 8.57208 59.3135 2.2
      vertex 8.73992 59.3538 2
      vertex 8.57208 59.3135 2
    endloop
  endfacet
  facet normal -0.97235 0.233526 0
    outer loop
      vertex 9.44616 60.0601 2
      vertex 9.48646 60.2279 2.2
      vertex 9.48646 60.2279 2
    endloop
  endfacet
  facet normal -0.97235 0.233526 0
    outer loop
      vertex 9.48646 60.2279 2.2
      vertex 9.44616 60.0601 2
      vertex 9.44616 60.0601 2.2
    endloop
  endfacet
  facet normal -0.382908 -0.923787 0
    outer loop
      vertex 8.73992 61.4462 2
      vertex 8.89939 61.3801 2.2
      vertex 8.73992 61.4462 2.2
    endloop
  endfacet
  facet normal -0.382908 -0.923787 -0
    outer loop
      vertex 8.89939 61.3801 2.2
      vertex 8.73992 61.4462 2
      vertex 8.89939 61.3801 2
    endloop
  endfacet
  facet normal -0.649426 -0.760425 0
    outer loop
      vertex 9.04656 61.2899 2
      vertex 9.17782 61.1778 2.2
      vertex 9.04656 61.2899 2.2
    endloop
  endfacet
  facet normal -0.649426 -0.760425 -0
    outer loop
      vertex 9.17782 61.1778 2.2
      vertex 9.04656 61.2899 2
      vertex 9.17782 61.1778 2
    endloop
  endfacet
  facet normal -0.522558 -0.852604 0
    outer loop
      vertex 8.89939 61.3801 2
      vertex 9.04656 61.2899 2.2
      vertex 8.89939 61.3801 2.2
    endloop
  endfacet
  facet normal -0.522558 -0.852604 -0
    outer loop
      vertex 9.04656 61.2899 2.2
      vertex 8.89939 61.3801 2
      vertex 9.04656 61.2899 2
    endloop
  endfacet
  facet normal -0.0782116 0.996937 0
    outer loop
      vertex 8.57208 59.3135 2
      vertex 8.4 59.3 2.2
      vertex 8.57208 59.3135 2.2
    endloop
  endfacet
  facet normal -0.0782116 0.996937 0
    outer loop
      vertex 8.4 59.3 2.2
      vertex 8.57208 59.3135 2
      vertex 8.4 59.3 2
    endloop
  endfacet
  facet normal -0.852677 -0.522438 0
    outer loop
      vertex 9.38011 60.8994 2
      vertex 9.28992 61.0466 2.2
      vertex 9.28992 61.0466 2
    endloop
  endfacet
  facet normal -0.852677 -0.522438 0
    outer loop
      vertex 9.28992 61.0466 2.2
      vertex 9.38011 60.8994 2
      vertex 9.38011 60.8994 2.2
    endloop
  endfacet
  facet normal 0.996919 0.0784328 0
    outer loop
      vertex 7.31354 60.2279 2.2
      vertex 7.3 60.4 2
      vertex 7.3 60.4 2.2
    endloop
  endfacet
  facet normal 0.996919 0.0784328 0
    outer loop
      vertex 7.3 60.4 2
      vertex 7.31354 60.2279 2.2
      vertex 7.31354 60.2279 2
    endloop
  endfacet
  facet normal -0.760278 0.649598 0
    outer loop
      vertex 9.17782 59.6222 2
      vertex 9.28992 59.7534 2.2
      vertex 9.28992 59.7534 2
    endloop
  endfacet
  facet normal -0.760278 0.649598 0
    outer loop
      vertex 9.28992 59.7534 2.2
      vertex 9.17782 59.6222 2
      vertex 9.17782 59.6222 2.2
    endloop
  endfacet
  facet normal -0.0782116 -0.996937 0
    outer loop
      vertex 8.4 61.5 2
      vertex 8.57208 61.4865 2.2
      vertex 8.4 61.5 2.2
    endloop
  endfacet
  facet normal -0.0782116 -0.996937 -0
    outer loop
      vertex 8.57208 61.4865 2.2
      vertex 8.4 61.5 2
      vertex 8.57208 61.4865 2
    endloop
  endfacet
  facet normal -0.923914 -0.382599 0
    outer loop
      vertex 9.44616 60.7399 2
      vertex 9.38011 60.8994 2.2
      vertex 9.38011 60.8994 2
    endloop
  endfacet
  facet normal -0.923914 -0.382599 0
    outer loop
      vertex 9.38011 60.8994 2.2
      vertex 9.44616 60.7399 2
      vertex 9.44616 60.7399 2.2
    endloop
  endfacet
  facet normal 0.923914 0.382599 0
    outer loop
      vertex 7.41989 59.9006 2.2
      vertex 7.35384 60.0601 2
      vertex 7.35384 60.0601 2.2
    endloop
  endfacet
  facet normal 0.923914 0.382599 0
    outer loop
      vertex 7.35384 60.0601 2
      vertex 7.41989 59.9006 2.2
      vertex 7.41989 59.9006 2
    endloop
  endfacet
  facet normal 0.522558 0.852604 -0
    outer loop
      vertex 7.90061 59.4199 2
      vertex 7.75344 59.5101 2.2
      vertex 7.90061 59.4199 2.2
    endloop
  endfacet
  facet normal 0.522558 0.852604 0
    outer loop
      vertex 7.75344 59.5101 2.2
      vertex 7.90061 59.4199 2
      vertex 7.75344 59.5101 2
    endloop
  endfacet
  facet normal 0 -1 0
    outer loop
      vertex 63.9908 7.8 3.1485
      vertex 66.8 7.8 3.2
      vertex 63.9468 7.8 3.2
    endloop
  endfacet
  facet normal 0 -1 0
    outer loop
      vertex 64.1882 7.8 2.91743
      vertex 66.8 7.8 3.2
      vertex 63.9908 7.8 3.1485
    endloop
  endfacet
  facet normal 0 -1 0
    outer loop
      vertex 64.9528 7.8 2
      vertex 66.8 7.8 3.2
      vertex 64.1882 7.8 2.91743
    endloop
  endfacet
  facet normal 0 -1 -0
    outer loop
      vertex 66.8 7.8 3.2
      vertex 64.9528 7.8 2
      vertex 66.8 7.8 2
    endloop
  endfacet
  facet normal 0 1 0
    outer loop
      vertex 66.8 9 3.2
      vertex 63.9908 9 3.1485
      vertex 63.9468 9 3.2
    endloop
  endfacet
  facet normal 0 1 0
    outer loop
      vertex 66.8 9 3.2
      vertex 64.1882 9 2.91743
      vertex 63.9908 9 3.1485
    endloop
  endfacet
  facet normal 0 1 0
    outer loop
      vertex 64.9528 9 2
      vertex 66.8 9 3.2
      vertex 66.8 9 2
    endloop
  endfacet
  facet normal 0 1 0
    outer loop
      vertex 66.8 9 3.2
      vertex 64.9528 9 2
      vertex 64.1882 9 2.91743
    endloop
  endfacet
  facet normal 0 0 1
    outer loop
      vertex 60.4 5.85966 3.2
      vertex 59.2875 4.9762 3.2
      vertex 59.8 4.85317 3.2
    endloop
  endfacet
  facet normal 0 0 1
    outer loop
      vertex 60.4 5.85966 3.2
      vertex 58.7656 5.19238 3.2
      vertex 59.2875 4.9762 3.2
    endloop
  endfacet
  facet normal 0 0 1
    outer loop
      vertex 58.2 7.12983 3.2
      vertex 58.7656 5.19238 3.2
      vertex 60.4 5.85966 3.2
    endloop
  endfacet
  facet normal 0 0 1
    outer loop
      vertex 58.7656 5.19238 3.2
      vertex 58.2 7.12983 3.2
      vertex 58.284 5.48754 3.2
    endloop
  endfacet
  facet normal -0 0 1
    outer loop
      vertex 57.1924 10.0344 3.2
      vertex 58.2 9.67017 3.2
      vertex 57.4875 10.516 3.2
    endloop
  endfacet
  facet normal 0 0 1
    outer loop
      vertex 58.2 7.12983 3.2
      vertex 57.8544 5.85442 3.2
      vertex 58.284 5.48754 3.2
    endloop
  endfacet
  facet normal 0 0 1
    outer loop
      vertex 56.9762 9.51246 3.2
      vertex 58.2 9.67017 3.2
      vertex 57.1924 10.0344 3.2
    endloop
  endfacet
  facet normal 0 0 1
    outer loop
      vertex 58.2 7.12983 3.2
      vertex 57.4875 6.28397 3.2
      vertex 57.8544 5.85442 3.2
    endloop
  endfacet
  facet normal 0 0 1
    outer loop
      vertex 56.8443 8.96316 3.2
      vertex 58.2 9.67017 3.2
      vertex 56.9762 9.51246 3.2
    endloop
  endfacet
  facet normal 0 0 1
    outer loop
      vertex 58.2 7.12983 3.2
      vertex 57.1924 6.76564 3.2
      vertex 57.4875 6.28397 3.2
    endloop
  endfacet
  facet normal 0 0 1
    outer loop
      vertex 56.8 8.4 3.2
      vertex 58.2 9.67017 3.2
      vertex 56.8443 8.96316 3.2
    endloop
  endfacet
  facet normal 0 0 1
    outer loop
      vertex 58.2 7.12983 3.2
      vertex 56.9762 7.28754 3.2
      vertex 57.1924 6.76564 3.2
    endloop
  endfacet
  facet normal 0 0 1
    outer loop
      vertex 58.2 9.67017 3.2
      vertex 56.8 8.4 3.2
      vertex 58.2 7.12983 3.2
    endloop
  endfacet
  facet normal 0 0 1
    outer loop
      vertex 58.2 7.12983 3.2
      vertex 56.8443 7.83684 3.2
      vertex 56.9762 7.28754 3.2
    endloop
  endfacet
  facet normal 0 0 1
    outer loop
      vertex 58.2 7.12983 3.2
      vertex 56.8 8.4 3.2
      vertex 56.8443 7.83684 3.2
    endloop
  endfacet
  facet normal -0 0 1
    outer loop
      vertex 63.9468 9 3.2
      vertex 66.8 7.8 3.2
      vertex 66.8 9 3.2
    endloop
  endfacet
  facet normal 0 0 1
    outer loop
      vertex 63.9468 9 3.2
      vertex 63.9468 7.8 3.2
      vertex 66.8 7.8 3.2
    endloop
  endfacet
  facet normal 0 0 1
    outer loop
      vertex 62.6 9.67017 3.2
      vertex 63.9468 9 3.2
      vertex 63.8238 9.51246 3.2
    endloop
  endfacet
  facet normal 0 0 1
    outer loop
      vertex 63.9468 9 3.2
      vertex 62.6 9.67017 3.2
      vertex 63.9468 7.8 3.2
    endloop
  endfacet
  facet normal -0 0 1
    outer loop
      vertex 62.6 9.67017 3.2
      vertex 63.8238 9.51246 3.2
      vertex 63.6076 10.0344 3.2
    endloop
  endfacet
  facet normal 0 0 1
    outer loop
      vertex 62.6 7.12983 3.2
      vertex 63.9468 7.8 3.2
      vertex 62.6 9.67017 3.2
    endloop
  endfacet
  facet normal 0 0 1
    outer loop
      vertex 62.6 9.67017 3.2
      vertex 63.6076 10.0344 3.2
      vertex 63.3125 10.516 3.2
    endloop
  endfacet
  facet normal 0 0 1
    outer loop
      vertex 63.9468 7.8 3.2
      vertex 62.6 7.12983 3.2
      vertex 63.8238 7.28754 3.2
    endloop
  endfacet
  facet normal 0 0 1
    outer loop
      vertex 62.6 9.67017 3.2
      vertex 63.3125 10.516 3.2
      vertex 62.9456 10.9456 3.2
    endloop
  endfacet
  facet normal 0 0 1
    outer loop
      vertex 63.8238 7.28754 3.2
      vertex 62.6 7.12983 3.2
      vertex 63.6076 6.76564 3.2
    endloop
  endfacet
  facet normal 0 0 1
    outer loop
      vertex 63.6076 6.76564 3.2
      vertex 62.6 7.12983 3.2
      vertex 63.3125 6.28397 3.2
    endloop
  endfacet
  facet normal 0 0 1
    outer loop
      vertex 62.516 11.3125 3.2
      vertex 62.6 9.67017 3.2
      vertex 62.9456 10.9456 3.2
    endloop
  endfacet
  facet normal 0 0 1
    outer loop
      vertex 62.0344 11.6076 3.2
      vertex 62.6 9.67017 3.2
      vertex 62.516 11.3125 3.2
    endloop
  endfacet
  facet normal 0 0 1
    outer loop
      vertex 60.4 10.9403 3.2
      vertex 62.0344 11.6076 3.2
      vertex 61.5125 11.8238 3.2
    endloop
  endfacet
  facet normal 0 0 1
    outer loop
      vertex 60.4 10.9403 3.2
      vertex 61.5125 11.8238 3.2
      vertex 60.9632 11.9557 3.2
    endloop
  endfacet
  facet normal 0 0 1
    outer loop
      vertex 60.4 10.9403 3.2
      vertex 60.9632 11.9557 3.2
      vertex 60.4 12 3.2
    endloop
  endfacet
  facet normal 0 0 1
    outer loop
      vertex 62.0344 11.6076 3.2
      vertex 60.4 10.9403 3.2
      vertex 62.6 9.67017 3.2
    endloop
  endfacet
  facet normal -0 0 1
    outer loop
      vertex 59.8368 11.9557 3.2
      vertex 60.4 10.9403 3.2
      vertex 60.4 12 3.2
    endloop
  endfacet
  facet normal -0 0 1
    outer loop
      vertex 59.2875 11.8238 3.2
      vertex 60.4 10.9403 3.2
      vertex 59.8368 11.9557 3.2
    endloop
  endfacet
  facet normal -0 0 1
    outer loop
      vertex 58.7656 11.6076 3.2
      vertex 60.4 10.9403 3.2
      vertex 59.2875 11.8238 3.2
    endloop
  endfacet
  facet normal 0 0 1
    outer loop
      vertex 58.2 9.67017 3.2
      vertex 58.7656 11.6076 3.2
      vertex 58.284 11.3125 3.2
    endloop
  endfacet
  facet normal 0 0 1
    outer loop
      vertex 58.7656 11.6076 3.2
      vertex 58.2 9.67017 3.2
      vertex 60.4 10.9403 3.2
    endloop
  endfacet
  facet normal -0 0 1
    outer loop
      vertex 57.4875 10.516 3.2
      vertex 58.2 9.67017 3.2
      vertex 57.8544 10.9456 3.2
    endloop
  endfacet
  facet normal -0 0 1
    outer loop
      vertex 57.8544 10.9456 3.2
      vertex 58.2 9.67017 3.2
      vertex 58.284 11.3125 3.2
    endloop
  endfacet
  facet normal 0 0 1
    outer loop
      vertex 63.3125 6.28397 3.2
      vertex 62.6 7.12983 3.2
      vertex 62.9456 5.85442 3.2
    endloop
  endfacet
  facet normal 0 0 1
    outer loop
      vertex 62.6 7.12983 3.2
      vertex 62.516 5.48754 3.2
      vertex 62.9456 5.85442 3.2
    endloop
  endfacet
  facet normal 0 0 1
    outer loop
      vertex 62.6 7.12983 3.2
      vertex 62.0344 5.19238 3.2
      vertex 62.516 5.48754 3.2
    endloop
  endfacet
  facet normal -0 0 1
    outer loop
      vertex 60.4 5.85966 3.2
      vertex 62.0344 5.19238 3.2
      vertex 62.6 7.12983 3.2
    endloop
  endfacet
  facet normal 0 0 1
    outer loop
      vertex 62.0344 5.19238 3.2
      vertex 60.4 5.85966 3.2
      vertex 61.5125 4.9762 3.2
    endloop
  endfacet
  facet normal 0 0 1
    outer loop
      vertex 61.5125 4.9762 3.2
      vertex 60.4 5.85966 3.2
      vertex 61 4.85317 3.2
    endloop
  endfacet
  facet normal 0 0 1
    outer loop
      vertex 59.8 4.85317 3.2
      vertex 61 4.85317 3.2
      vertex 60.4 5.85966 3.2
    endloop
  endfacet
  facet normal 0 0 1
    outer loop
      vertex 61 4.85317 3.2
      vertex 59.8 4.85317 3.2
      vertex 61 2 3.2
    endloop
  endfacet
  facet normal 0 0 1
    outer loop
      vertex 61 2 3.2
      vertex 59.8 4.85317 3.2
      vertex 59.8 2 3.2
    endloop
  endfacet
  facet normal 1 -0 0
    outer loop
      vertex 61 2 3.2
      vertex 61 4.80917 3.1485
      vertex 61 4.85317 3.2
    endloop
  endfacet
  facet normal 1 0 0
    outer loop
      vertex 61 4.80917 3.1485
      vertex 61 2 3.2
      vertex 61 4.61175 2.91743
    endloop
  endfacet
  facet normal 1 0 0
    outer loop
      vertex 61 2 3.2
      vertex 61 3.84722 2
      vertex 61 4.61175 2.91743
    endloop
  endfacet
  facet normal 1 0 0
    outer loop
      vertex 61 3.84722 2
      vertex 61 2 3.2
      vertex 61 2 2
    endloop
  endfacet
  facet normal -1 0 0
    outer loop
      vertex 59.8 2 3.2
      vertex 59.8 4.80917 3.1485
      vertex 59.8 4.61175 2.91743
    endloop
  endfacet
  facet normal -1 0 0
    outer loop
      vertex 59.8 2 3.2
      vertex 59.8 3.84722 2
      vertex 59.8 2 2
    endloop
  endfacet
  facet normal -1 0 0
    outer loop
      vertex 59.8 3.84722 2
      vertex 59.8 2 3.2
      vertex 59.8 4.61175 2.91743
    endloop
  endfacet
  facet normal -1 0 0
    outer loop
      vertex 59.8 4.80917 3.1485
      vertex 59.8 2 3.2
      vertex 59.8 4.85317 3.2
    endloop
  endfacet
  facet normal 0.294349 -0.710645 0.639017
    outer loop
      vertex 62.4884 4.30137 2
      vertex 61.5125 4.9762 3.2
      vertex 61.8215 4.02514 2
    endloop
  endfacet
  facet normal -0.71063 -0.294383 0.639018
    outer loop
      vertex 56.9762 7.28754 3.2
      vertex 56.3014 6.31164 2
      vertex 57.1924 6.76564 3.2
    endloop
  endfacet
  facet normal -0.49954 0.584908 0.639017
    outer loop
      vertex 58.284 11.3125 3.2
      vertex 57.6962 12.1215 2
      vertex 57.8544 10.9456 3.2
    endloop
  endfacet
  facet normal 0.766794 0.0602664 0.639058
    outer loop
      vertex 64.9434 9.1196 2
      vertex 64.1882 9 2.91743
      vertex 64.9528 9 2
    endloop
  endfacet
  facet normal -0.655855 0.40189 0.639014
    outer loop
      vertex 56.6785 11.1038 2
      vertex 56.3014 10.4884 2
      vertex 57.4875 10.516 3.2
    endloop
  endfacet
  facet normal 0.584903 0.499549 0.639014
    outer loop
      vertex 63.6527 11.6527 2
      vertex 62.9456 10.9456 3.2
      vertex 64.1215 11.1038 2
    endloop
  endfacet
  facet normal -0.40189 0.655855 0.639014
    outer loop
      vertex 58.3116 12.4986 2
      vertex 57.6962 12.1215 2
      vertex 58.284 11.3125 3.2
    endloop
  endfacet
  facet normal 0.74799 0.17942 0.638998
    outer loop
      vertex 64.1882 9 2.91743
      vertex 64.7749 9.82148 2
      vertex 63.9908 9 3.1485
    endloop
  endfacet
  facet normal 0.747906 0.17955 0.63906
    outer loop
      vertex 64.7749 9.82148 2
      vertex 64.1882 9 2.91743
      vertex 64.9434 9.1196 2
    endloop
  endfacet
  facet normal -0.766821 0.0603142 0.639021
    outer loop
      vertex 55.8566 9.1196 2
      vertex 55.8 8.4 2
      vertex 56.8443 8.96316 3.2
    endloop
  endfacet
  facet normal 0.0603165 0.766823 0.639019
    outer loop
      vertex 60.4 13 2
      vertex 60.4 12 3.2
      vertex 60.9632 11.9557 3.2
    endloop
  endfacet
  facet normal -0.294359 -0.710638 0.63902
    outer loop
      vertex 58.7656 5.19238 3.2
      vertex 58.3116 4.30137 2
      vertex 59.2875 4.9762 3.2
    endloop
  endfacet
  facet normal -0.584908 0.49954 0.639017
    outer loop
      vertex 57.8544 10.9456 3.2
      vertex 56.6785 11.1038 2
      vertex 57.4875 10.516 3.2
    endloop
  endfacet
  facet normal 0.655883 -0.401834 0.63902
    outer loop
      vertex 63.6076 6.76564 3.2
      vertex 63.3125 6.28397 3.2
      vertex 64.4986 6.31164 2
    endloop
  endfacet
  facet normal 0.655855 0.40189 0.639014
    outer loop
      vertex 64.1215 11.1038 2
      vertex 63.3125 10.516 3.2
      vertex 64.4986 10.4884 2
    endloop
  endfacet
  facet normal -0.747918 0.179593 0.639035
    outer loop
      vertex 56.9762 9.51246 3.2
      vertex 56.0251 9.82148 2
      vertex 56.8443 8.96316 3.2
    endloop
  endfacet
  facet normal -0.655883 -0.401834 0.63902
    outer loop
      vertex 57.1924 6.76564 3.2
      vertex 56.3014 6.31164 2
      vertex 57.4875 6.28397 3.2
    endloop
  endfacet
  facet normal -0.584883 -0.499578 0.63901
    outer loop
      vertex 57.4875 6.28397 3.2
      vertex 56.6785 5.69619 2
      vertex 57.8544 5.85442 3.2
    endloop
  endfacet
  facet normal 0.0603143 0.766822 0.63902
    outer loop
      vertex 61.1196 12.9434 2
      vertex 60.4 13 2
      vertex 60.9632 11.9557 3.2
    endloop
  endfacet
  facet normal -0.401925 -0.655825 0.639023
    outer loop
      vertex 58.284 5.48754 3.2
      vertex 57.6962 4.67852 2
      vertex 58.3116 4.30137 2
    endloop
  endfacet
  facet normal 0.584908 0.49954 0.639017
    outer loop
      vertex 64.1215 11.1038 2
      vertex 62.9456 10.9456 3.2
      vertex 63.3125 10.516 3.2
    endloop
  endfacet
  facet normal -0.584892 -0.499558 0.639017
    outer loop
      vertex 57.8544 5.85442 3.2
      vertex 56.6785 5.69619 2
      vertex 57.1473 5.14731 2
    endloop
  endfacet
  facet normal -0.499549 0.584903 0.639014
    outer loop
      vertex 57.6962 12.1215 2
      vertex 57.1473 11.6527 2
      vertex 57.8544 10.9456 3.2
    endloop
  endfacet
  facet normal 0.179553 0.747941 0.639019
    outer loop
      vertex 61.1196 12.9434 2
      vertex 60.9632 11.9557 3.2
      vertex 61.8215 12.7749 2
    endloop
  endfacet
  facet normal 0.766794 -0.0602664 0.639058
    outer loop
      vertex 64.9528 7.8 2
      vertex 64.1882 7.8 2.91743
      vertex 64.9434 7.6804 2
    endloop
  endfacet
  facet normal 0.584892 -0.499558 0.639017
    outer loop
      vertex 64.1215 5.69619 2
      vertex 62.9456 5.85442 3.2
      vertex 63.6527 5.14731 2
    endloop
  endfacet
  facet normal 0.40189 0.655855 0.639014
    outer loop
      vertex 63.1038 12.1215 2
      vertex 62.4884 12.4986 2
      vertex 62.516 11.3125 3.2
    endloop
  endfacet
  facet normal 0.710639 0.294364 0.639017
    outer loop
      vertex 64.4986 10.4884 2
      vertex 63.6076 10.0344 3.2
      vertex 63.8238 9.51246 3.2
    endloop
  endfacet
  facet normal 0.0603326 -0.76682 0.639021
    outer loop
      vertex 61 4.61175 2.91743
      vertex 61 3.84722 2
      vertex 61.1196 3.85663 2
    endloop
  endfacet
  facet normal -0.710605 -0.294416 0.639031
    outer loop
      vertex 56.9762 7.28754 3.2
      vertex 56.0251 6.97852 2
      vertex 56.3014 6.31164 2
    endloop
  endfacet
  facet normal -0.655873 -0.401868 0.639009
    outer loop
      vertex 57.4875 6.28397 3.2
      vertex 56.3014 6.31164 2
      vertex 56.6785 5.69619 2
    endloop
  endfacet
  facet normal -0.0603165 0.766823 0.639019
    outer loop
      vertex 60.4 13 2
      vertex 59.8368 11.9557 3.2
      vertex 60.4 12 3.2
    endloop
  endfacet
  facet normal 0.294359 -0.710638 0.63902
    outer loop
      vertex 62.0344 5.19238 3.2
      vertex 61.5125 4.9762 3.2
      vertex 62.4884 4.30137 2
    endloop
  endfacet
  facet normal -0.179558 -0.747939 0.639019
    outer loop
      vertex 58.9785 4.02514 2
      vertex 59.8 4.61175 2.91743
      vertex 59.8 4.80917 3.1485
    endloop
  endfacet
  facet normal -0.179562 -0.747936 0.639021
    outer loop
      vertex 59.8 4.61175 2.91743
      vertex 58.9785 4.02514 2
      vertex 59.6804 3.85663 2
    endloop
  endfacet
  facet normal 0.655873 -0.401868 0.639009
    outer loop
      vertex 64.4986 6.31164 2
      vertex 63.3125 6.28397 3.2
      vertex 64.1215 5.69619 2
    endloop
  endfacet
  facet normal -0.401877 0.655859 0.639018
    outer loop
      vertex 58.3116 12.4986 2
      vertex 58.284 11.3125 3.2
      vertex 58.7656 11.6076 3.2
    endloop
  endfacet
  facet normal 0.747946 -0.179521 0.639022
    outer loop
      vertex 63.8238 7.28754 3.2
      vertex 63.9908 7.8 3.1485
      vertex 63.9468 7.8 3.2
    endloop
  endfacet
  facet normal 0.747938 -0.179517 0.639032
    outer loop
      vertex 63.9908 7.8 3.1485
      vertex 63.8238 7.28754 3.2
      vertex 64.7749 6.97852 2
    endloop
  endfacet
  facet normal -0.584903 0.499549 0.639014
    outer loop
      vertex 57.1473 11.6527 2
      vertex 56.6785 11.1038 2
      vertex 57.8544 10.9456 3.2
    endloop
  endfacet
  facet normal 0.17955 -0.747942 0.639018
    outer loop
      vertex 61 4.80917 3.1485
      vertex 61.5125 4.9762 3.2
      vertex 61 4.85317 3.2
    endloop
  endfacet
  facet normal 0.17955 -0.747943 0.639017
    outer loop
      vertex 61.5125 4.9762 3.2
      vertex 61 4.80917 3.1485
      vertex 61.8215 4.02514 2
    endloop
  endfacet
  facet normal 0.401877 0.655859 0.639018
    outer loop
      vertex 62.4884 12.4986 2
      vertex 62.0344 11.6076 3.2
      vertex 62.516 11.3125 3.2
    endloop
  endfacet
  facet normal 0.294409 0.71061 0.639028
    outer loop
      vertex 61.8215 12.7749 2
      vertex 61.5125 11.8238 3.2
      vertex 62.4884 12.4986 2
    endloop
  endfacet
  facet normal -0.655859 0.401877 0.639018
    outer loop
      vertex 57.4875 10.516 3.2
      vertex 56.3014 10.4884 2
      vertex 57.1924 10.0344 3.2
    endloop
  endfacet
  facet normal 0.294383 0.71063 0.639018
    outer loop
      vertex 62.4884 12.4986 2
      vertex 61.5125 11.8238 3.2
      vertex 62.0344 11.6076 3.2
    endloop
  endfacet
  facet normal -0.401936 -0.655822 0.639019
    outer loop
      vertex 58.7656 5.19238 3.2
      vertex 58.284 5.48754 3.2
      vertex 58.3116 4.30137 2
    endloop
  endfacet
  facet normal -0.17955 -0.747942 0.639018
    outer loop
      vertex 59.2875 4.9762 3.2
      vertex 59.8 4.80917 3.1485
      vertex 59.8 4.85317 3.2
    endloop
  endfacet
  facet normal -0.17955 -0.747943 0.639017
    outer loop
      vertex 59.8 4.80917 3.1485
      vertex 59.2875 4.9762 3.2
      vertex 58.9785 4.02514 2
    endloop
  endfacet
  facet normal -0.747937 -0.179557 0.639023
    outer loop
      vertex 56.8443 7.83684 3.2
      vertex 55.8566 7.6804 2
      vertex 56.0251 6.97852 2
    endloop
  endfacet
  facet normal 0.655859 0.401877 0.639018
    outer loop
      vertex 64.4986 10.4884 2
      vertex 63.3125 10.516 3.2
      vertex 63.6076 10.0344 3.2
    endloop
  endfacet
  facet normal 0.747946 0.179521 0.639022
    outer loop
      vertex 63.9908 9 3.1485
      vertex 63.8238 9.51246 3.2
      vertex 63.9468 9 3.2
    endloop
  endfacet
  facet normal 0.747938 0.179517 0.639032
    outer loop
      vertex 63.8238 9.51246 3.2
      vertex 63.9908 9 3.1485
      vertex 64.7749 9.82148 2
    endloop
  endfacet
  facet normal 0.710611 0.294401 0.639031
    outer loop
      vertex 64.4986 10.4884 2
      vertex 63.8238 9.51246 3.2
      vertex 64.7749 9.82148 2
    endloop
  endfacet
  facet normal 0.74799 -0.17942 0.638998
    outer loop
      vertex 64.7749 6.97852 2
      vertex 64.1882 7.8 2.91743
      vertex 63.9908 7.8 3.1485
    endloop
  endfacet
  facet normal 0.747906 -0.17955 0.63906
    outer loop
      vertex 64.1882 7.8 2.91743
      vertex 64.7749 6.97852 2
      vertex 64.9434 7.6804 2
    endloop
  endfacet
  facet normal 0.499521 -0.584917 0.639023
    outer loop
      vertex 62.9456 5.85442 3.2
      vertex 62.516 5.48754 3.2
      vertex 63.1038 4.67852 2
    endloop
  endfacet
  facet normal -0.747918 -0.179593 0.639035
    outer loop
      vertex 56.8443 7.83684 3.2
      vertex 56.0251 6.97852 2
      vertex 56.9762 7.28754 3.2
    endloop
  endfacet
  facet normal 0.584883 -0.499578 0.63901
    outer loop
      vertex 63.3125 6.28397 3.2
      vertex 62.9456 5.85442 3.2
      vertex 64.1215 5.69619 2
    endloop
  endfacet
  facet normal -0.499521 -0.584917 0.639023
    outer loop
      vertex 57.8544 5.85442 3.2
      vertex 57.6962 4.67852 2
      vertex 58.284 5.48754 3.2
    endloop
  endfacet
  facet normal -0.499542 -0.584907 0.639016
    outer loop
      vertex 57.8544 5.85442 3.2
      vertex 57.1473 5.14731 2
      vertex 57.6962 4.67852 2
    endloop
  endfacet
  facet normal -0.179553 0.747941 0.639019
    outer loop
      vertex 59.6804 12.9434 2
      vertex 58.9785 12.7749 2
      vertex 59.8368 11.9557 3.2
    endloop
  endfacet
  facet normal 0.401936 -0.655822 0.639019
    outer loop
      vertex 62.516 5.48754 3.2
      vertex 62.0344 5.19238 3.2
      vertex 62.4884 4.30137 2
    endloop
  endfacet
  facet normal -0.294409 0.71061 0.639028
    outer loop
      vertex 58.9785 12.7749 2
      vertex 58.3116 12.4986 2
      vertex 59.2875 11.8238 3.2
    endloop
  endfacet
  facet normal 0.179593 0.747919 0.639033
    outer loop
      vertex 61.8215 12.7749 2
      vertex 60.9632 11.9557 3.2
      vertex 61.5125 11.8238 3.2
    endloop
  endfacet
  facet normal 0.499549 0.584903 0.639014
    outer loop
      vertex 63.1038 12.1215 2
      vertex 62.9456 10.9456 3.2
      vertex 63.6527 11.6527 2
    endloop
  endfacet
  facet normal 0.49954 0.584908 0.639017
    outer loop
      vertex 63.1038 12.1215 2
      vertex 62.516 11.3125 3.2
      vertex 62.9456 10.9456 3.2
    endloop
  endfacet
  facet normal -0.179593 0.747919 0.639033
    outer loop
      vertex 59.8368 11.9557 3.2
      vertex 58.9785 12.7749 2
      vertex 59.2875 11.8238 3.2
    endloop
  endfacet
  facet normal 0.71063 -0.294383 0.639018
    outer loop
      vertex 63.8238 7.28754 3.2
      vertex 63.6076 6.76564 3.2
      vertex 64.4986 6.31164 2
    endloop
  endfacet
  facet normal 0.710605 -0.294416 0.639031
    outer loop
      vertex 64.7749 6.97852 2
      vertex 63.8238 7.28754 3.2
      vertex 64.4986 6.31164 2
    endloop
  endfacet
  facet normal -0.766822 -0.0603207 0.639019
    outer loop
      vertex 56.8 8.4 3.2
      vertex 55.8 8.4 2
      vertex 56.8443 7.83684 3.2
    endloop
  endfacet
  facet normal -0.766821 -0.0603142 0.639021
    outer loop
      vertex 56.8443 7.83684 3.2
      vertex 55.8 8.4 2
      vertex 55.8566 7.6804 2
    endloop
  endfacet
  facet normal 0.179562 -0.747936 0.639021
    outer loop
      vertex 61.8215 4.02514 2
      vertex 61 4.61175 2.91743
      vertex 61.1196 3.85663 2
    endloop
  endfacet
  facet normal 0.179558 -0.747939 0.639019
    outer loop
      vertex 61 4.61175 2.91743
      vertex 61.8215 4.02514 2
      vertex 61 4.80917 3.1485
    endloop
  endfacet
  facet normal -0.710639 0.294364 0.639017
    outer loop
      vertex 57.1924 10.0344 3.2
      vertex 56.3014 10.4884 2
      vertex 56.9762 9.51246 3.2
    endloop
  endfacet
  facet normal 0.499542 -0.584907 0.639016
    outer loop
      vertex 63.6527 5.14731 2
      vertex 62.9456 5.85442 3.2
      vertex 63.1038 4.67852 2
    endloop
  endfacet
  facet normal -0.294383 0.71063 0.639018
    outer loop
      vertex 59.2875 11.8238 3.2
      vertex 58.3116 12.4986 2
      vertex 58.7656 11.6076 3.2
    endloop
  endfacet
  facet normal -0.0603143 0.766822 0.63902
    outer loop
      vertex 60.4 13 2
      vertex 59.6804 12.9434 2
      vertex 59.8368 11.9557 3.2
    endloop
  endfacet
  facet normal -0.747937 0.179557 0.639023
    outer loop
      vertex 56.0251 9.82148 2
      vertex 55.8566 9.1196 2
      vertex 56.8443 8.96316 3.2
    endloop
  endfacet
  facet normal -0.766822 0.0603207 0.639019
    outer loop
      vertex 56.8443 8.96316 3.2
      vertex 55.8 8.4 2
      vertex 56.8 8.4 3.2
    endloop
  endfacet
  facet normal 0.401925 -0.655825 0.639023
    outer loop
      vertex 62.516 5.48754 3.2
      vertex 62.4884 4.30137 2
      vertex 63.1038 4.67852 2
    endloop
  endfacet
  facet normal -0.0603326 -0.76682 0.639021
    outer loop
      vertex 59.8 4.61175 2.91743
      vertex 59.6804 3.85663 2
      vertex 59.8 3.84722 2
    endloop
  endfacet
  facet normal -0.710611 0.294401 0.639031
    outer loop
      vertex 56.3014 10.4884 2
      vertex 56.0251 9.82148 2
      vertex 56.9762 9.51246 3.2
    endloop
  endfacet
  facet normal -0.294349 -0.710645 0.639017
    outer loop
      vertex 59.2875 4.9762 3.2
      vertex 58.3116 4.30137 2
      vertex 58.9785 4.02514 2
    endloop
  endfacet
  facet normal -0.5 0.866026 0
    outer loop
      vertex 62.6 7.12983 2.2
      vertex 60.4 5.85966 3.2
      vertex 62.6 7.12983 3.2
    endloop
  endfacet
  facet normal -0.5 0.866026 0
    outer loop
      vertex 60.4 5.85966 3.2
      vertex 62.6 7.12983 2.2
      vertex 60.4 5.85966 2.2
    endloop
  endfacet
  facet normal -1 0 0
    outer loop
      vertex 62.6 7.12983 2.2
      vertex 62.6 9.67017 3.2
      vertex 62.6 9.67017 2.2
    endloop
  endfacet
  facet normal -1 -0 0
    outer loop
      vertex 62.6 9.67017 3.2
      vertex 62.6 7.12983 2.2
      vertex 62.6 7.12983 3.2
    endloop
  endfacet
  facet normal 0.499988 -0.866032 0
    outer loop
      vertex 58.2 9.67017 2.2
      vertex 60.4 10.9403 3.2
      vertex 58.2 9.67017 3.2
    endloop
  endfacet
  facet normal 0.499988 -0.866032 0
    outer loop
      vertex 60.4 10.9403 3.2
      vertex 58.2 9.67017 2.2
      vertex 60.4 10.9403 2.2
    endloop
  endfacet
  facet normal -0.499988 -0.866032 0
    outer loop
      vertex 60.4 10.9403 2.2
      vertex 62.6 9.67017 3.2
      vertex 60.4 10.9403 3.2
    endloop
  endfacet
  facet normal -0.499988 -0.866032 -0
    outer loop
      vertex 62.6 9.67017 3.2
      vertex 60.4 10.9403 2.2
      vertex 62.6 9.67017 2.2
    endloop
  endfacet
  facet normal 1 -0 0
    outer loop
      vertex 58.2 7.12983 3.2
      vertex 58.2 9.67017 2.2
      vertex 58.2 9.67017 3.2
    endloop
  endfacet
  facet normal 1 0 0
    outer loop
      vertex 58.2 9.67017 2.2
      vertex 58.2 7.12983 3.2
      vertex 58.2 7.12983 2.2
    endloop
  endfacet
  facet normal 0.5 0.866026 -0
    outer loop
      vertex 60.4 5.85966 2.2
      vertex 58.2 7.12983 3.2
      vertex 60.4 5.85966 3.2
    endloop
  endfacet
  facet normal 0.5 0.866026 0
    outer loop
      vertex 58.2 7.12983 3.2
      vertex 60.4 5.85966 2.2
      vertex 58.2 7.12983 2.2
    endloop
  endfacet
  facet normal 0 0 1
    outer loop
      vertex 62.6 9.67017 2.2
      vertex 61.5 8.4 2.2
      vertex 62.6 7.12983 2.2
    endloop
  endfacet
  facet normal 0 0 1
    outer loop
      vertex 62.6 9.67017 2.2
      vertex 61.4865 8.57208 2.2
      vertex 61.5 8.4 2.2
    endloop
  endfacet
  facet normal 0 0 1
    outer loop
      vertex 62.6 9.67017 2.2
      vertex 61.4462 8.73992 2.2
      vertex 61.4865 8.57208 2.2
    endloop
  endfacet
  facet normal 0 0 1
    outer loop
      vertex 62.6 9.67017 2.2
      vertex 61.3801 8.89939 2.2
      vertex 61.4462 8.73992 2.2
    endloop
  endfacet
  facet normal 0 0 1
    outer loop
      vertex 62.6 9.67017 2.2
      vertex 61.2899 9.04656 2.2
      vertex 61.3801 8.89939 2.2
    endloop
  endfacet
  facet normal 0 0 1
    outer loop
      vertex 62.6 9.67017 2.2
      vertex 61.1778 9.17782 2.2
      vertex 61.2899 9.04656 2.2
    endloop
  endfacet
  facet normal 0 0 1
    outer loop
      vertex 62.6 9.67017 2.2
      vertex 61.0466 9.28992 2.2
      vertex 61.1778 9.17782 2.2
    endloop
  endfacet
  facet normal 0 0 1
    outer loop
      vertex 62.6 9.67017 2.2
      vertex 60.8994 9.38011 2.2
      vertex 61.0466 9.28992 2.2
    endloop
  endfacet
  facet normal 0 0 1
    outer loop
      vertex 60.4 10.9403 2.2
      vertex 60.8994 9.38011 2.2
      vertex 62.6 9.67017 2.2
    endloop
  endfacet
  facet normal 0 0 1
    outer loop
      vertex 60.8994 9.38011 2.2
      vertex 60.4 10.9403 2.2
      vertex 60.7399 9.44616 2.2
    endloop
  endfacet
  facet normal 0 0 1
    outer loop
      vertex 60.7399 9.44616 2.2
      vertex 60.4 10.9403 2.2
      vertex 60.5721 9.48646 2.2
    endloop
  endfacet
  facet normal 0 0 1
    outer loop
      vertex 60.4 10.9403 2.2
      vertex 60.4 9.5 2.2
      vertex 60.5721 9.48646 2.2
    endloop
  endfacet
  facet normal 0 0 1
    outer loop
      vertex 60.4 10.9403 2.2
      vertex 60.2279 9.48646 2.2
      vertex 60.4 9.5 2.2
    endloop
  endfacet
  facet normal 0 0 1
    outer loop
      vertex 60.4 10.9403 2.2
      vertex 60.0601 9.44616 2.2
      vertex 60.2279 9.48646 2.2
    endloop
  endfacet
  facet normal 0 0 1
    outer loop
      vertex 60.4 10.9403 2.2
      vertex 59.9006 9.38011 2.2
      vertex 60.0601 9.44616 2.2
    endloop
  endfacet
  facet normal -0 0 1
    outer loop
      vertex 58.2 9.67017 2.2
      vertex 59.9006 9.38011 2.2
      vertex 60.4 10.9403 2.2
    endloop
  endfacet
  facet normal 0 0 1
    outer loop
      vertex 59.9006 9.38011 2.2
      vertex 58.2 9.67017 2.2
      vertex 59.7534 9.28992 2.2
    endloop
  endfacet
  facet normal 0 0 1
    outer loop
      vertex 59.7534 9.28992 2.2
      vertex 58.2 9.67017 2.2
      vertex 59.6222 9.17782 2.2
    endloop
  endfacet
  facet normal 0 0 1
    outer loop
      vertex 59.6222 9.17782 2.2
      vertex 58.2 9.67017 2.2
      vertex 59.5101 9.04656 2.2
    endloop
  endfacet
  facet normal 0 0 1
    outer loop
      vertex 59.3135 8.57208 2.2
      vertex 58.2 9.67017 2.2
      vertex 59.3 8.4 2.2
    endloop
  endfacet
  facet normal 0 0 1
    outer loop
      vertex 59.3538 8.73992 2.2
      vertex 58.2 9.67017 2.2
      vertex 59.3135 8.57208 2.2
    endloop
  endfacet
  facet normal 0 0 1
    outer loop
      vertex 59.4199 8.89939 2.2
      vertex 58.2 9.67017 2.2
      vertex 59.3538 8.73992 2.2
    endloop
  endfacet
  facet normal 0 0 1
    outer loop
      vertex 59.5101 9.04656 2.2
      vertex 58.2 9.67017 2.2
      vertex 59.4199 8.89939 2.2
    endloop
  endfacet
  facet normal -0 0 1
    outer loop
      vertex 61.4865 8.22792 2.2
      vertex 62.6 7.12983 2.2
      vertex 61.5 8.4 2.2
    endloop
  endfacet
  facet normal -0 0 1
    outer loop
      vertex 61.4462 8.06008 2.2
      vertex 62.6 7.12983 2.2
      vertex 61.4865 8.22792 2.2
    endloop
  endfacet
  facet normal -0 0 1
    outer loop
      vertex 61.3801 7.90061 2.2
      vertex 62.6 7.12983 2.2
      vertex 61.4462 8.06008 2.2
    endloop
  endfacet
  facet normal -0 0 1
    outer loop
      vertex 61.2899 7.75344 2.2
      vertex 62.6 7.12983 2.2
      vertex 61.3801 7.90061 2.2
    endloop
  endfacet
  facet normal -0 0 1
    outer loop
      vertex 61.1778 7.62218 2.2
      vertex 62.6 7.12983 2.2
      vertex 61.2899 7.75344 2.2
    endloop
  endfacet
  facet normal -0 0 1
    outer loop
      vertex 61.0466 7.51008 2.2
      vertex 62.6 7.12983 2.2
      vertex 61.1778 7.62218 2.2
    endloop
  endfacet
  facet normal -0 0 1
    outer loop
      vertex 60.8994 7.41989 2.2
      vertex 62.6 7.12983 2.2
      vertex 61.0466 7.51008 2.2
    endloop
  endfacet
  facet normal 0 0 1
    outer loop
      vertex 60.4 5.85966 2.2
      vertex 60.8994 7.41989 2.2
      vertex 60.7399 7.35384 2.2
    endloop
  endfacet
  facet normal 0 0 1
    outer loop
      vertex 60.4 5.85966 2.2
      vertex 60.7399 7.35384 2.2
      vertex 60.5721 7.31354 2.2
    endloop
  endfacet
  facet normal 0 0 1
    outer loop
      vertex 60.4 5.85966 2.2
      vertex 60.5721 7.31354 2.2
      vertex 60.4 7.3 2.2
    endloop
  endfacet
  facet normal 0 0 1
    outer loop
      vertex 60.8994 7.41989 2.2
      vertex 60.4 5.85966 2.2
      vertex 62.6 7.12983 2.2
    endloop
  endfacet
  facet normal 0 0 1
    outer loop
      vertex 60.2279 7.31354 2.2
      vertex 60.4 5.85966 2.2
      vertex 60.4 7.3 2.2
    endloop
  endfacet
  facet normal 0 0 1
    outer loop
      vertex 60.0601 7.35384 2.2
      vertex 60.4 5.85966 2.2
      vertex 60.2279 7.31354 2.2
    endloop
  endfacet
  facet normal 0 0 1
    outer loop
      vertex 59.9006 7.41989 2.2
      vertex 60.4 5.85966 2.2
      vertex 60.0601 7.35384 2.2
    endloop
  endfacet
  facet normal 0 0 1
    outer loop
      vertex 58.2 7.12983 2.2
      vertex 59.9006 7.41989 2.2
      vertex 59.7534 7.51008 2.2
    endloop
  endfacet
  facet normal 0 0 1
    outer loop
      vertex 58.2 7.12983 2.2
      vertex 59.7534 7.51008 2.2
      vertex 59.6222 7.62218 2.2
    endloop
  endfacet
  facet normal 0 0 1
    outer loop
      vertex 58.2 7.12983 2.2
      vertex 59.6222 7.62218 2.2
      vertex 59.5101 7.75344 2.2
    endloop
  endfacet
  facet normal 0 0 1
    outer loop
      vertex 58.2 7.12983 2.2
      vertex 59.5101 7.75344 2.2
      vertex 59.4199 7.90061 2.2
    endloop
  endfacet
  facet normal 0 0 1
    outer loop
      vertex 58.2 7.12983 2.2
      vertex 59.3 8.4 2.2
      vertex 58.2 9.67017 2.2
    endloop
  endfacet
  facet normal 0 0 1
    outer loop
      vertex 59.3 8.4 2.2
      vertex 58.2 7.12983 2.2
      vertex 59.3135 8.22792 2.2
    endloop
  endfacet
  facet normal 0 0 1
    outer loop
      vertex 59.3135 8.22792 2.2
      vertex 58.2 7.12983 2.2
      vertex 59.3538 8.06008 2.2
    endloop
  endfacet
  facet normal 0 0 1
    outer loop
      vertex 59.3538 8.06008 2.2
      vertex 58.2 7.12983 2.2
      vertex 59.4199 7.90061 2.2
    endloop
  endfacet
  facet normal 0 0 1
    outer loop
      vertex 59.9006 7.41989 2.2
      vertex 58.2 7.12983 2.2
      vertex 60.4 5.85966 2.2
    endloop
  endfacet
  facet normal 0.522438 0.852677 -0
    outer loop
      vertex 59.9006 7.41989 2
      vertex 59.7534 7.51008 2.2
      vertex 59.9006 7.41989 2.2
    endloop
  endfacet
  facet normal 0.522438 0.852677 0
    outer loop
      vertex 59.7534 7.51008 2.2
      vertex 59.9006 7.41989 2
      vertex 59.7534 7.51008 2
    endloop
  endfacet
  facet normal -0.972363 -0.233474 0
    outer loop
      vertex 61.4865 8.57208 2
      vertex 61.4462 8.73992 2.2
      vertex 61.4462 8.73992 2
    endloop
  endfacet
  facet normal -0.972363 -0.233474 0
    outer loop
      vertex 61.4462 8.73992 2.2
      vertex 61.4865 8.57208 2
      vertex 61.4865 8.57208 2.2
    endloop
  endfacet
  facet normal 0.649598 -0.760278 0
    outer loop
      vertex 59.6222 9.17782 2
      vertex 59.7534 9.28992 2.2
      vertex 59.6222 9.17782 2.2
    endloop
  endfacet
  facet normal 0.649598 -0.760278 0
    outer loop
      vertex 59.7534 9.28992 2.2
      vertex 59.6222 9.17782 2
      vertex 59.7534 9.28992 2
    endloop
  endfacet
  facet normal -0.852604 -0.522558 0
    outer loop
      vertex 61.3801 8.89939 2
      vertex 61.2899 9.04656 2.2
      vertex 61.2899 9.04656 2
    endloop
  endfacet
  facet normal -0.852604 -0.522558 0
    outer loop
      vertex 61.2899 9.04656 2.2
      vertex 61.3801 8.89939 2
      vertex 61.3801 8.89939 2.2
    endloop
  endfacet
  facet normal 0.233526 0.97235 -0
    outer loop
      vertex 60.2279 7.31354 2
      vertex 60.0601 7.35384 2.2
      vertex 60.2279 7.31354 2.2
    endloop
  endfacet
  facet normal 0.233526 0.97235 0
    outer loop
      vertex 60.0601 7.35384 2.2
      vertex 60.2279 7.31354 2
      vertex 60.0601 7.35384 2
    endloop
  endfacet
  facet normal 0.0784328 -0.996919 0
    outer loop
      vertex 60.2279 9.48646 2
      vertex 60.4 9.5 2.2
      vertex 60.2279 9.48646 2.2
    endloop
  endfacet
  facet normal 0.0784328 -0.996919 0
    outer loop
      vertex 60.4 9.5 2.2
      vertex 60.2279 9.48646 2
      vertex 60.4 9.5 2
    endloop
  endfacet
  facet normal -0.996937 -0.0782116 0
    outer loop
      vertex 61.5 8.4 2
      vertex 61.4865 8.57208 2.2
      vertex 61.4865 8.57208 2
    endloop
  endfacet
  facet normal -0.996937 -0.0782116 0
    outer loop
      vertex 61.4865 8.57208 2.2
      vertex 61.5 8.4 2
      vertex 61.5 8.4 2.2
    endloop
  endfacet
  facet normal 0.996937 -0.0782116 0
    outer loop
      vertex 59.3 8.4 2.2
      vertex 59.3135 8.57208 2
      vertex 59.3135 8.57208 2.2
    endloop
  endfacet
  facet normal 0.996937 -0.0782116 0
    outer loop
      vertex 59.3135 8.57208 2
      vertex 59.3 8.4 2.2
      vertex 59.3 8.4 2
    endloop
  endfacet
  facet normal -0.382599 -0.923914 0
    outer loop
      vertex 60.7399 9.44616 2
      vertex 60.8994 9.38011 2.2
      vertex 60.7399 9.44616 2.2
    endloop
  endfacet
  facet normal -0.382599 -0.923914 -0
    outer loop
      vertex 60.8994 9.38011 2.2
      vertex 60.7399 9.44616 2
      vertex 60.8994 9.38011 2
    endloop
  endfacet
  facet normal 0.923787 0.382908 0
    outer loop
      vertex 59.4199 7.90061 2.2
      vertex 59.3538 8.06008 2
      vertex 59.3538 8.06008 2.2
    endloop
  endfacet
  facet normal 0.923787 0.382908 0
    outer loop
      vertex 59.3538 8.06008 2
      vertex 59.4199 7.90061 2.2
      vertex 59.4199 7.90061 2
    endloop
  endfacet
  facet normal 0.972363 0.233474 0
    outer loop
      vertex 59.3538 8.06008 2.2
      vertex 59.3135 8.22792 2
      vertex 59.3135 8.22792 2.2
    endloop
  endfacet
  facet normal 0.972363 0.233474 0
    outer loop
      vertex 59.3135 8.22792 2
      vertex 59.3538 8.06008 2.2
      vertex 59.3538 8.06008 2
    endloop
  endfacet
  facet normal 0.233526 -0.97235 0
    outer loop
      vertex 60.0601 9.44616 2
      vertex 60.2279 9.48646 2.2
      vertex 60.0601 9.44616 2.2
    endloop
  endfacet
  facet normal 0.233526 -0.97235 0
    outer loop
      vertex 60.2279 9.48646 2.2
      vertex 60.0601 9.44616 2
      vertex 60.2279 9.48646 2
    endloop
  endfacet
  facet normal 0.972363 -0.233474 0
    outer loop
      vertex 59.3135 8.57208 2.2
      vertex 59.3538 8.73992 2
      vertex 59.3538 8.73992 2.2
    endloop
  endfacet
  facet normal 0.972363 -0.233474 0
    outer loop
      vertex 59.3538 8.73992 2
      vertex 59.3135 8.57208 2.2
      vertex 59.3135 8.57208 2
    endloop
  endfacet
  facet normal 0.852604 -0.522558 0
    outer loop
      vertex 59.4199 8.89939 2.2
      vertex 59.5101 9.04656 2
      vertex 59.5101 9.04656 2.2
    endloop
  endfacet
  facet normal 0.852604 -0.522558 0
    outer loop
      vertex 59.5101 9.04656 2
      vertex 59.4199 8.89939 2.2
      vertex 59.4199 8.89939 2
    endloop
  endfacet
  facet normal -0.649598 -0.760278 0
    outer loop
      vertex 61.0466 9.28992 2
      vertex 61.1778 9.17782 2.2
      vertex 61.0466 9.28992 2.2
    endloop
  endfacet
  facet normal -0.649598 -0.760278 -0
    outer loop
      vertex 61.1778 9.17782 2.2
      vertex 61.0466 9.28992 2
      vertex 61.1778 9.17782 2
    endloop
  endfacet
  facet normal 0.382599 -0.923914 0
    outer loop
      vertex 59.9006 9.38011 2
      vertex 60.0601 9.44616 2.2
      vertex 59.9006 9.38011 2.2
    endloop
  endfacet
  facet normal 0.382599 -0.923914 0
    outer loop
      vertex 60.0601 9.44616 2.2
      vertex 59.9006 9.38011 2
      vertex 60.0601 9.44616 2
    endloop
  endfacet
  facet normal -0.0784328 -0.996919 0
    outer loop
      vertex 60.4 9.5 2
      vertex 60.5721 9.48646 2.2
      vertex 60.4 9.5 2.2
    endloop
  endfacet
  facet normal -0.0784328 -0.996919 -0
    outer loop
      vertex 60.5721 9.48646 2.2
      vertex 60.4 9.5 2
      vertex 60.5721 9.48646 2
    endloop
  endfacet
  facet normal -0.760425 -0.649426 0
    outer loop
      vertex 61.2899 9.04656 2
      vertex 61.1778 9.17782 2.2
      vertex 61.1778 9.17782 2
    endloop
  endfacet
  facet normal -0.760425 -0.649426 0
    outer loop
      vertex 61.1778 9.17782 2.2
      vertex 61.2899 9.04656 2
      vertex 61.2899 9.04656 2.2
    endloop
  endfacet
  facet normal -0.522438 -0.852677 0
    outer loop
      vertex 60.8994 9.38011 2
      vertex 61.0466 9.28992 2.2
      vertex 60.8994 9.38011 2.2
    endloop
  endfacet
  facet normal -0.522438 -0.852677 -0
    outer loop
      vertex 61.0466 9.28992 2.2
      vertex 60.8994 9.38011 2
      vertex 61.0466 9.28992 2
    endloop
  endfacet
  facet normal 0.382599 0.923914 -0
    outer loop
      vertex 60.0601 7.35384 2
      vertex 59.9006 7.41989 2.2
      vertex 60.0601 7.35384 2.2
    endloop
  endfacet
  facet normal 0.382599 0.923914 0
    outer loop
      vertex 59.9006 7.41989 2.2
      vertex 60.0601 7.35384 2
      vertex 59.9006 7.41989 2
    endloop
  endfacet
  facet normal -0.923787 -0.382908 0
    outer loop
      vertex 61.4462 8.73992 2
      vertex 61.3801 8.89939 2.2
      vertex 61.3801 8.89939 2
    endloop
  endfacet
  facet normal -0.923787 -0.382908 0
    outer loop
      vertex 61.3801 8.89939 2.2
      vertex 61.4462 8.73992 2
      vertex 61.4462 8.73992 2.2
    endloop
  endfacet
  facet normal 0.760425 0.649426 0
    outer loop
      vertex 59.6222 7.62218 2.2
      vertex 59.5101 7.75344 2
      vertex 59.5101 7.75344 2.2
    endloop
  endfacet
  facet normal 0.760425 0.649426 0
    outer loop
      vertex 59.5101 7.75344 2
      vertex 59.6222 7.62218 2.2
      vertex 59.6222 7.62218 2
    endloop
  endfacet
  facet normal 0.996937 0.0782116 0
    outer loop
      vertex 59.3135 8.22792 2.2
      vertex 59.3 8.4 2
      vertex 59.3 8.4 2.2
    endloop
  endfacet
  facet normal 0.996937 0.0782116 0
    outer loop
      vertex 59.3 8.4 2
      vertex 59.3135 8.22792 2.2
      vertex 59.3135 8.22792 2
    endloop
  endfacet
  facet normal 0.852604 0.522558 0
    outer loop
      vertex 59.5101 7.75344 2.2
      vertex 59.4199 7.90061 2
      vertex 59.4199 7.90061 2.2
    endloop
  endfacet
  facet normal 0.852604 0.522558 0
    outer loop
      vertex 59.4199 7.90061 2
      vertex 59.5101 7.75344 2.2
      vertex 59.5101 7.75344 2
    endloop
  endfacet
  facet normal 0.923787 -0.382908 0
    outer loop
      vertex 59.3538 8.73992 2.2
      vertex 59.4199 8.89939 2
      vertex 59.4199 8.89939 2.2
    endloop
  endfacet
  facet normal 0.923787 -0.382908 0
    outer loop
      vertex 59.4199 8.89939 2
      vertex 59.3538 8.73992 2.2
      vertex 59.3538 8.73992 2
    endloop
  endfacet
  facet normal 0.649598 0.760278 -0
    outer loop
      vertex 59.7534 7.51008 2
      vertex 59.6222 7.62218 2.2
      vertex 59.7534 7.51008 2.2
    endloop
  endfacet
  facet normal 0.649598 0.760278 0
    outer loop
      vertex 59.6222 7.62218 2.2
      vertex 59.7534 7.51008 2
      vertex 59.6222 7.62218 2
    endloop
  endfacet
  facet normal -0.233526 -0.97235 0
    outer loop
      vertex 60.5721 9.48646 2
      vertex 60.7399 9.44616 2.2
      vertex 60.5721 9.48646 2.2
    endloop
  endfacet
  facet normal -0.233526 -0.97235 -0
    outer loop
      vertex 60.7399 9.44616 2.2
      vertex 60.5721 9.48646 2
      vertex 60.7399 9.44616 2
    endloop
  endfacet
  facet normal 0.522438 -0.852677 0
    outer loop
      vertex 59.7534 9.28992 2
      vertex 59.9006 9.38011 2.2
      vertex 59.7534 9.28992 2.2
    endloop
  endfacet
  facet normal 0.522438 -0.852677 0
    outer loop
      vertex 59.9006 9.38011 2.2
      vertex 59.7534 9.28992 2
      vertex 59.9006 9.38011 2
    endloop
  endfacet
  facet normal 0.0784328 0.996919 -0
    outer loop
      vertex 60.4 7.3 2
      vertex 60.2279 7.31354 2.2
      vertex 60.4 7.3 2.2
    endloop
  endfacet
  facet normal 0.0784328 0.996919 0
    outer loop
      vertex 60.2279 7.31354 2.2
      vertex 60.4 7.3 2
      vertex 60.2279 7.31354 2
    endloop
  endfacet
  facet normal 0.760425 -0.649426 0
    outer loop
      vertex 59.5101 9.04656 2.2
      vertex 59.6222 9.17782 2
      vertex 59.6222 9.17782 2.2
    endloop
  endfacet
  facet normal 0.760425 -0.649426 0
    outer loop
      vertex 59.6222 9.17782 2
      vertex 59.5101 9.04656 2.2
      vertex 59.5101 9.04656 2
    endloop
  endfacet
  facet normal 0 -1 0
    outer loop
      vertex 63.9908 59.8 3.1485
      vertex 66.8 59.8 3.2
      vertex 63.9468 59.8 3.2
    endloop
  endfacet
  facet normal 0 -1 0
    outer loop
      vertex 64.1882 59.8 2.91743
      vertex 66.8 59.8 3.2
      vertex 63.9908 59.8 3.1485
    endloop
  endfacet
  facet normal 0 -1 0
    outer loop
      vertex 64.9528 59.8 2
      vertex 66.8 59.8 3.2
      vertex 64.1882 59.8 2.91743
    endloop
  endfacet
  facet normal 0 -1 -0
    outer loop
      vertex 66.8 59.8 3.2
      vertex 64.9528 59.8 2
      vertex 66.8 59.8 2
    endloop
  endfacet
  facet normal 0 1 0
    outer loop
      vertex 66.8 61 3.2
      vertex 63.9908 61 3.1485
      vertex 63.9468 61 3.2
    endloop
  endfacet
  facet normal 0 1 0
    outer loop
      vertex 66.8 61 3.2
      vertex 64.1882 61 2.91743
      vertex 63.9908 61 3.1485
    endloop
  endfacet
  facet normal 0 1 0
    outer loop
      vertex 64.9528 61 2
      vertex 66.8 61 3.2
      vertex 66.8 61 2
    endloop
  endfacet
  facet normal 0 1 0
    outer loop
      vertex 66.8 61 3.2
      vertex 64.9528 61 2
      vertex 64.1882 61 2.91743
    endloop
  endfacet
  facet normal 0 0 1
    outer loop
      vertex 59.8 63.9468 3.2
      vertex 61 63.9468 3.2
      vertex 61 66.8 3.2
    endloop
  endfacet
  facet normal 0 0 1
    outer loop
      vertex 59.8 63.9468 3.2
      vertex 61 66.8 3.2
      vertex 59.8 66.8 3.2
    endloop
  endfacet
  facet normal 0 0 1
    outer loop
      vertex 61 63.9468 3.2
      vertex 59.8 63.9468 3.2
      vertex 60.4 62.9403 3.2
    endloop
  endfacet
  facet normal -0 0 1
    outer loop
      vertex 59.2875 63.8238 3.2
      vertex 60.4 62.9403 3.2
      vertex 59.8 63.9468 3.2
    endloop
  endfacet
  facet normal -0 0 1
    outer loop
      vertex 58.7656 63.6076 3.2
      vertex 60.4 62.9403 3.2
      vertex 59.2875 63.8238 3.2
    endloop
  endfacet
  facet normal 0 0 1
    outer loop
      vertex 58.2 61.6702 3.2
      vertex 58.7656 63.6076 3.2
      vertex 58.284 63.3125 3.2
    endloop
  endfacet
  facet normal 0 0 1
    outer loop
      vertex 58.7656 63.6076 3.2
      vertex 58.2 61.6702 3.2
      vertex 60.4 62.9403 3.2
    endloop
  endfacet
  facet normal -0 0 1
    outer loop
      vertex 57.4875 62.516 3.2
      vertex 58.2 61.6702 3.2
      vertex 57.8544 62.9456 3.2
    endloop
  endfacet
  facet normal -0 0 1
    outer loop
      vertex 57.8544 62.9456 3.2
      vertex 58.2 61.6702 3.2
      vertex 58.284 63.3125 3.2
    endloop
  endfacet
  facet normal -0 0 1
    outer loop
      vertex 63.9468 61 3.2
      vertex 66.8 59.8 3.2
      vertex 66.8 61 3.2
    endloop
  endfacet
  facet normal 0 0 1
    outer loop
      vertex 63.9468 61 3.2
      vertex 63.9468 59.8 3.2
      vertex 66.8 59.8 3.2
    endloop
  endfacet
  facet normal 0 0 1
    outer loop
      vertex 62.6 61.6702 3.2
      vertex 63.9468 61 3.2
      vertex 63.8238 61.5125 3.2
    endloop
  endfacet
  facet normal 0 0 1
    outer loop
      vertex 63.9468 61 3.2
      vertex 62.6 61.6702 3.2
      vertex 63.9468 59.8 3.2
    endloop
  endfacet
  facet normal -0 0 1
    outer loop
      vertex 62.6 61.6702 3.2
      vertex 63.8238 61.5125 3.2
      vertex 63.6076 62.0344 3.2
    endloop
  endfacet
  facet normal 0 0 1
    outer loop
      vertex 62.6 59.1298 3.2
      vertex 63.9468 59.8 3.2
      vertex 62.6 61.6702 3.2
    endloop
  endfacet
  facet normal 0 0 1
    outer loop
      vertex 62.6 61.6702 3.2
      vertex 63.6076 62.0344 3.2
      vertex 63.3125 62.516 3.2
    endloop
  endfacet
  facet normal 0 0 1
    outer loop
      vertex 63.9468 59.8 3.2
      vertex 62.6 59.1298 3.2
      vertex 63.8238 59.2875 3.2
    endloop
  endfacet
  facet normal 0 0 1
    outer loop
      vertex 62.6 61.6702 3.2
      vertex 63.3125 62.516 3.2
      vertex 62.9456 62.9456 3.2
    endloop
  endfacet
  facet normal 0 0 1
    outer loop
      vertex 63.8238 59.2875 3.2
      vertex 62.6 59.1298 3.2
      vertex 63.6076 58.7656 3.2
    endloop
  endfacet
  facet normal 0 0 1
    outer loop
      vertex 63.6076 58.7656 3.2
      vertex 62.6 59.1298 3.2
      vertex 63.3125 58.284 3.2
    endloop
  endfacet
  facet normal 0 0 1
    outer loop
      vertex 62.516 63.3125 3.2
      vertex 62.6 61.6702 3.2
      vertex 62.9456 62.9456 3.2
    endloop
  endfacet
  facet normal 0 0 1
    outer loop
      vertex 62.0344 63.6076 3.2
      vertex 62.6 61.6702 3.2
      vertex 62.516 63.3125 3.2
    endloop
  endfacet
  facet normal 0 0 1
    outer loop
      vertex 60.4 62.9403 3.2
      vertex 62.0344 63.6076 3.2
      vertex 61.5125 63.8238 3.2
    endloop
  endfacet
  facet normal 0 0 1
    outer loop
      vertex 60.4 62.9403 3.2
      vertex 61.5125 63.8238 3.2
      vertex 61 63.9468 3.2
    endloop
  endfacet
  facet normal 0 0 1
    outer loop
      vertex 62.0344 63.6076 3.2
      vertex 60.4 62.9403 3.2
      vertex 62.6 61.6702 3.2
    endloop
  endfacet
  facet normal 0 0 1
    outer loop
      vertex 63.3125 58.284 3.2
      vertex 62.6 59.1298 3.2
      vertex 62.9456 57.8544 3.2
    endloop
  endfacet
  facet normal 0 0 1
    outer loop
      vertex 62.6 59.1298 3.2
      vertex 62.516 57.4875 3.2
      vertex 62.9456 57.8544 3.2
    endloop
  endfacet
  facet normal 0 0 1
    outer loop
      vertex 62.6 59.1298 3.2
      vertex 62.0344 57.1924 3.2
      vertex 62.516 57.4875 3.2
    endloop
  endfacet
  facet normal -0 0 1
    outer loop
      vertex 60.4 57.8597 3.2
      vertex 62.0344 57.1924 3.2
      vertex 62.6 59.1298 3.2
    endloop
  endfacet
  facet normal 0 0 1
    outer loop
      vertex 62.0344 57.1924 3.2
      vertex 60.4 57.8597 3.2
      vertex 61.5125 56.9762 3.2
    endloop
  endfacet
  facet normal 0 0 1
    outer loop
      vertex 61.5125 56.9762 3.2
      vertex 60.4 57.8597 3.2
      vertex 60.9632 56.8443 3.2
    endloop
  endfacet
  facet normal 0 0 1
    outer loop
      vertex 60.4 57.8597 3.2
      vertex 60.4 56.8 3.2
      vertex 60.9632 56.8443 3.2
    endloop
  endfacet
  facet normal 0 0 1
    outer loop
      vertex 60.4 57.8597 3.2
      vertex 59.8368 56.8443 3.2
      vertex 60.4 56.8 3.2
    endloop
  endfacet
  facet normal 0 0 1
    outer loop
      vertex 60.4 57.8597 3.2
      vertex 59.2875 56.9762 3.2
      vertex 59.8368 56.8443 3.2
    endloop
  endfacet
  facet normal 0 0 1
    outer loop
      vertex 60.4 57.8597 3.2
      vertex 58.7656 57.1924 3.2
      vertex 59.2875 56.9762 3.2
    endloop
  endfacet
  facet normal 0 0 1
    outer loop
      vertex 58.2 59.1298 3.2
      vertex 58.7656 57.1924 3.2
      vertex 60.4 57.8597 3.2
    endloop
  endfacet
  facet normal 0 0 1
    outer loop
      vertex 58.7656 57.1924 3.2
      vertex 58.2 59.1298 3.2
      vertex 58.284 57.4875 3.2
    endloop
  endfacet
  facet normal -0 0 1
    outer loop
      vertex 57.1924 62.0344 3.2
      vertex 58.2 61.6702 3.2
      vertex 57.4875 62.516 3.2
    endloop
  endfacet
  facet normal 0 0 1
    outer loop
      vertex 58.2 59.1298 3.2
      vertex 57.8544 57.8544 3.2
      vertex 58.284 57.4875 3.2
    endloop
  endfacet
  facet normal 0 0 1
    outer loop
      vertex 56.9762 61.5125 3.2
      vertex 58.2 61.6702 3.2
      vertex 57.1924 62.0344 3.2
    endloop
  endfacet
  facet normal 0 0 1
    outer loop
      vertex 58.2 59.1298 3.2
      vertex 57.4875 58.284 3.2
      vertex 57.8544 57.8544 3.2
    endloop
  endfacet
  facet normal 0 0 1
    outer loop
      vertex 56.8443 60.9632 3.2
      vertex 58.2 61.6702 3.2
      vertex 56.9762 61.5125 3.2
    endloop
  endfacet
  facet normal 0 0 1
    outer loop
      vertex 58.2 59.1298 3.2
      vertex 57.1924 58.7656 3.2
      vertex 57.4875 58.284 3.2
    endloop
  endfacet
  facet normal 0 0 1
    outer loop
      vertex 56.8 60.4 3.2
      vertex 58.2 61.6702 3.2
      vertex 56.8443 60.9632 3.2
    endloop
  endfacet
  facet normal 0 0 1
    outer loop
      vertex 58.2 59.1298 3.2
      vertex 56.9762 59.2875 3.2
      vertex 57.1924 58.7656 3.2
    endloop
  endfacet
  facet normal 0 0 1
    outer loop
      vertex 58.2 61.6702 3.2
      vertex 56.8 60.4 3.2
      vertex 58.2 59.1298 3.2
    endloop
  endfacet
  facet normal 0 0 1
    outer loop
      vertex 58.2 59.1298 3.2
      vertex 56.8443 59.8368 3.2
      vertex 56.9762 59.2875 3.2
    endloop
  endfacet
  facet normal 0 0 1
    outer loop
      vertex 58.2 59.1298 3.2
      vertex 56.8 60.4 3.2
      vertex 56.8443 59.8368 3.2
    endloop
  endfacet
  facet normal 1 0 0
    outer loop
      vertex 61 66.8 3.2
      vertex 61 64.9528 2
      vertex 61 66.8 2
    endloop
  endfacet
  facet normal 1 0 0
    outer loop
      vertex 61 66.8 3.2
      vertex 61 64.1882 2.91743
      vertex 61 64.9528 2
    endloop
  endfacet
  facet normal 1 0 0
    outer loop
      vertex 61 66.8 3.2
      vertex 61 63.9908 3.1485
      vertex 61 64.1882 2.91743
    endloop
  endfacet
  facet normal 1 0 -0
    outer loop
      vertex 61 63.9908 3.1485
      vertex 61 66.8 3.2
      vertex 61 63.9468 3.2
    endloop
  endfacet
  facet normal -1 0 0
    outer loop
      vertex 59.8 64.9528 2
      vertex 59.8 66.8 3.2
      vertex 59.8 66.8 2
    endloop
  endfacet
  facet normal -1 0 0
    outer loop
      vertex 59.8 64.1882 2.91743
      vertex 59.8 66.8 3.2
      vertex 59.8 64.9528 2
    endloop
  endfacet
  facet normal -1 0 0
    outer loop
      vertex 59.8 63.9908 3.1485
      vertex 59.8 66.8 3.2
      vertex 59.8 64.1882 2.91743
    endloop
  endfacet
  facet normal -1 -0 0
    outer loop
      vertex 59.8 66.8 3.2
      vertex 59.8 63.9908 3.1485
      vertex 59.8 63.9468 3.2
    endloop
  endfacet
  facet normal 0.294409 -0.71061 0.639028
    outer loop
      vertex 62.4884 56.3014 2
      vertex 61.5125 56.9762 3.2
      vertex 61.8215 56.0251 2
    endloop
  endfacet
  facet normal -0.71063 -0.294383 0.639018
    outer loop
      vertex 56.9762 59.2875 3.2
      vertex 56.3014 58.3116 2
      vertex 57.1924 58.7656 3.2
    endloop
  endfacet
  facet normal -0.49954 0.584908 0.639017
    outer loop
      vertex 58.284 63.3125 3.2
      vertex 57.6962 64.1215 2
      vertex 57.8544 62.9456 3.2
    endloop
  endfacet
  facet normal 0.766794 0.0602664 0.639058
    outer loop
      vertex 64.9434 61.1196 2
      vertex 64.1882 61 2.91743
      vertex 64.9528 61 2
    endloop
  endfacet
  facet normal -0.655855 0.40189 0.639014
    outer loop
      vertex 56.6785 63.1038 2
      vertex 56.3014 62.4884 2
      vertex 57.4875 62.516 3.2
    endloop
  endfacet
  facet normal 0.584903 0.499549 0.639014
    outer loop
      vertex 63.6527 63.6527 2
      vertex 62.9456 62.9456 3.2
      vertex 64.1215 63.1038 2
    endloop
  endfacet
  facet normal -0.40189 0.655855 0.639014
    outer loop
      vertex 58.3116 64.4986 2
      vertex 57.6962 64.1215 2
      vertex 58.284 63.3125 3.2
    endloop
  endfacet
  facet normal 0.747991 0.179416 0.638999
    outer loop
      vertex 64.1882 61 2.91743
      vertex 64.7749 61.8215 2
      vertex 63.9908 61 3.1485
    endloop
  endfacet
  facet normal 0.747907 0.179545 0.63906
    outer loop
      vertex 64.7749 61.8215 2
      vertex 64.1882 61 2.91743
      vertex 64.9434 61.1196 2
    endloop
  endfacet
  facet normal -0.766822 0.0603143 0.63902
    outer loop
      vertex 55.8566 61.1196 2
      vertex 55.8 60.4 2
      vertex 56.8443 60.9632 3.2
    endloop
  endfacet
  facet normal -0.294383 -0.71063 0.639018
    outer loop
      vertex 58.7656 57.1924 3.2
      vertex 58.3116 56.3014 2
      vertex 59.2875 56.9762 3.2
    endloop
  endfacet
  facet normal -0.0603165 -0.766823 0.639019
    outer loop
      vertex 60.4 56.8 3.2
      vertex 59.8368 56.8443 3.2
      vertex 60.4 55.8 2
    endloop
  endfacet
  facet normal -0.584908 0.49954 0.639017
    outer loop
      vertex 57.8544 62.9456 3.2
      vertex 56.6785 63.1038 2
      vertex 57.4875 62.516 3.2
    endloop
  endfacet
  facet normal 0.655859 -0.401877 0.639018
    outer loop
      vertex 63.6076 58.7656 3.2
      vertex 63.3125 58.284 3.2
      vertex 64.4986 58.3116 2
    endloop
  endfacet
  facet normal 0.655855 0.40189 0.639014
    outer loop
      vertex 64.1215 63.1038 2
      vertex 63.3125 62.516 3.2
      vertex 64.4986 62.4884 2
    endloop
  endfacet
  facet normal -0.747919 0.179593 0.639033
    outer loop
      vertex 56.9762 61.5125 3.2
      vertex 56.0251 61.8215 2
      vertex 56.8443 60.9632 3.2
    endloop
  endfacet
  facet normal -0.655859 -0.401877 0.639018
    outer loop
      vertex 57.1924 58.7656 3.2
      vertex 56.3014 58.3116 2
      vertex 57.4875 58.284 3.2
    endloop
  endfacet
  facet normal -0.584908 -0.49954 0.639017
    outer loop
      vertex 57.4875 58.284 3.2
      vertex 56.6785 57.6962 2
      vertex 57.8544 57.8544 3.2
    endloop
  endfacet
  facet normal 0.0602664 0.766794 0.639058
    outer loop
      vertex 61 64.9528 2
      vertex 61 64.1882 2.91743
      vertex 61.1196 64.9434 2
    endloop
  endfacet
  facet normal -0.40189 -0.655855 0.639014
    outer loop
      vertex 58.284 57.4875 3.2
      vertex 57.6962 56.6785 2
      vertex 58.3116 56.3014 2
    endloop
  endfacet
  facet normal 0.584908 0.49954 0.639017
    outer loop
      vertex 64.1215 63.1038 2
      vertex 62.9456 62.9456 3.2
      vertex 63.3125 62.516 3.2
    endloop
  endfacet
  facet normal -0.584903 -0.499549 0.639014
    outer loop
      vertex 57.8544 57.8544 3.2
      vertex 56.6785 57.6962 2
      vertex 57.1473 57.1473 2
    endloop
  endfacet
  facet normal -0.499549 0.584903 0.639014
    outer loop
      vertex 57.6962 64.1215 2
      vertex 57.1473 63.6527 2
      vertex 57.8544 62.9456 3.2
    endloop
  endfacet
  facet normal 0.0603165 -0.766823 0.639019
    outer loop
      vertex 60.4 56.8 3.2
      vertex 60.4 55.8 2
      vertex 60.9632 56.8443 3.2
    endloop
  endfacet
  facet normal 0.179416 0.747991 0.638999
    outer loop
      vertex 61.8215 64.7749 2
      vertex 61 64.1882 2.91743
      vertex 61 63.9908 3.1485
    endloop
  endfacet
  facet normal 0.179545 0.747907 0.63906
    outer loop
      vertex 61 64.1882 2.91743
      vertex 61.8215 64.7749 2
      vertex 61.1196 64.9434 2
    endloop
  endfacet
  facet normal 0.766794 -0.0602664 0.639058
    outer loop
      vertex 64.9528 59.8 2
      vertex 64.1882 59.8 2.91743
      vertex 64.9434 59.6804 2
    endloop
  endfacet
  facet normal 0.584903 -0.499549 0.639014
    outer loop
      vertex 64.1215 57.6962 2
      vertex 62.9456 57.8544 3.2
      vertex 63.6527 57.1473 2
    endloop
  endfacet
  facet normal 0.40189 0.655855 0.639014
    outer loop
      vertex 63.1038 64.1215 2
      vertex 62.4884 64.4986 2
      vertex 62.516 63.3125 3.2
    endloop
  endfacet
  facet normal 0.71063 0.294383 0.639018
    outer loop
      vertex 64.4986 62.4884 2
      vertex 63.6076 62.0344 3.2
      vertex 63.8238 61.5125 3.2
    endloop
  endfacet
  facet normal 0.0603143 -0.766822 0.63902
    outer loop
      vertex 60.9632 56.8443 3.2
      vertex 60.4 55.8 2
      vertex 61.1196 55.8566 2
    endloop
  endfacet
  facet normal -0.71061 -0.294409 0.639028
    outer loop
      vertex 56.9762 59.2875 3.2
      vertex 56.0251 58.9785 2
      vertex 56.3014 58.3116 2
    endloop
  endfacet
  facet normal -0.655855 -0.40189 0.639014
    outer loop
      vertex 57.4875 58.284 3.2
      vertex 56.3014 58.3116 2
      vertex 56.6785 57.6962 2
    endloop
  endfacet
  facet normal 0.294383 -0.71063 0.639018
    outer loop
      vertex 62.0344 57.1924 3.2
      vertex 61.5125 56.9762 3.2
      vertex 62.4884 56.3014 2
    endloop
  endfacet
  facet normal -0.179553 -0.747941 0.639019
    outer loop
      vertex 59.8368 56.8443 3.2
      vertex 58.9785 56.0251 2
      vertex 59.6804 55.8566 2
    endloop
  endfacet
  facet normal 0.655855 -0.40189 0.639014
    outer loop
      vertex 64.4986 58.3116 2
      vertex 63.3125 58.284 3.2
      vertex 64.1215 57.6962 2
    endloop
  endfacet
  facet normal -0.401877 0.655859 0.639018
    outer loop
      vertex 58.3116 64.4986 2
      vertex 58.284 63.3125 3.2
      vertex 58.7656 63.6076 3.2
    endloop
  endfacet
  facet normal 0.747948 -0.179507 0.639023
    outer loop
      vertex 63.8238 59.2875 3.2
      vertex 63.9908 59.8 3.1485
      vertex 63.9468 59.8 3.2
    endloop
  endfacet
  facet normal 0.747943 -0.179505 0.63903
    outer loop
      vertex 63.9908 59.8 3.1485
      vertex 63.8238 59.2875 3.2
      vertex 64.7749 58.9785 2
    endloop
  endfacet
  facet normal -0.584903 0.499549 0.639014
    outer loop
      vertex 57.1473 63.6527 2
      vertex 56.6785 63.1038 2
      vertex 57.8544 62.9456 3.2
    endloop
  endfacet
  facet normal 0.179593 -0.747919 0.639033
    outer loop
      vertex 61.5125 56.9762 3.2
      vertex 60.9632 56.8443 3.2
      vertex 61.8215 56.0251 2
    endloop
  endfacet
  facet normal 0.401877 0.655859 0.639018
    outer loop
      vertex 62.4884 64.4986 2
      vertex 62.0344 63.6076 3.2
      vertex 62.516 63.3125 3.2
    endloop
  endfacet
  facet normal 0.294409 0.71061 0.639028
    outer loop
      vertex 61.8215 64.7749 2
      vertex 61.5125 63.8238 3.2
      vertex 62.4884 64.4986 2
    endloop
  endfacet
  facet normal -0.655859 0.401877 0.639018
    outer loop
      vertex 57.4875 62.516 3.2
      vertex 56.3014 62.4884 2
      vertex 57.1924 62.0344 3.2
    endloop
  endfacet
  facet normal 0.294383 0.71063 0.639018
    outer loop
      vertex 62.4884 64.4986 2
      vertex 61.5125 63.8238 3.2
      vertex 62.0344 63.6076 3.2
    endloop
  endfacet
  facet normal -0.401877 -0.655859 0.639018
    outer loop
      vertex 58.7656 57.1924 3.2
      vertex 58.284 57.4875 3.2
      vertex 58.3116 56.3014 2
    endloop
  endfacet
  facet normal -0.179593 -0.747919 0.639033
    outer loop
      vertex 59.2875 56.9762 3.2
      vertex 58.9785 56.0251 2
      vertex 59.8368 56.8443 3.2
    endloop
  endfacet
  facet normal -0.747941 -0.179553 0.639019
    outer loop
      vertex 56.8443 59.8368 3.2
      vertex 55.8566 59.6804 2
      vertex 56.0251 58.9785 2
    endloop
  endfacet
  facet normal 0.655859 0.401877 0.639018
    outer loop
      vertex 64.4986 62.4884 2
      vertex 63.3125 62.516 3.2
      vertex 63.6076 62.0344 3.2
    endloop
  endfacet
  facet normal 0.747948 0.179507 0.639023
    outer loop
      vertex 63.9908 61 3.1485
      vertex 63.8238 61.5125 3.2
      vertex 63.9468 61 3.2
    endloop
  endfacet
  facet normal 0.747943 0.179505 0.63903
    outer loop
      vertex 63.8238 61.5125 3.2
      vertex 63.9908 61 3.1485
      vertex 64.7749 61.8215 2
    endloop
  endfacet
  facet normal 0.71061 0.294409 0.639028
    outer loop
      vertex 64.4986 62.4884 2
      vertex 63.8238 61.5125 3.2
      vertex 64.7749 61.8215 2
    endloop
  endfacet
  facet normal 0.747991 -0.179416 0.638999
    outer loop
      vertex 64.7749 58.9785 2
      vertex 64.1882 59.8 2.91743
      vertex 63.9908 59.8 3.1485
    endloop
  endfacet
  facet normal 0.747907 -0.179545 0.63906
    outer loop
      vertex 64.1882 59.8 2.91743
      vertex 64.7749 58.9785 2
      vertex 64.9434 59.6804 2
    endloop
  endfacet
  facet normal 0.49954 -0.584908 0.639017
    outer loop
      vertex 62.9456 57.8544 3.2
      vertex 62.516 57.4875 3.2
      vertex 63.1038 56.6785 2
    endloop
  endfacet
  facet normal -0.747919 -0.179593 0.639033
    outer loop
      vertex 56.8443 59.8368 3.2
      vertex 56.0251 58.9785 2
      vertex 56.9762 59.2875 3.2
    endloop
  endfacet
  facet normal 0.584908 -0.49954 0.639017
    outer loop
      vertex 63.3125 58.284 3.2
      vertex 62.9456 57.8544 3.2
      vertex 64.1215 57.6962 2
    endloop
  endfacet
  facet normal -0.49954 -0.584908 0.639017
    outer loop
      vertex 57.8544 57.8544 3.2
      vertex 57.6962 56.6785 2
      vertex 58.284 57.4875 3.2
    endloop
  endfacet
  facet normal -0.499549 -0.584903 0.639014
    outer loop
      vertex 57.8544 57.8544 3.2
      vertex 57.1473 57.1473 2
      vertex 57.6962 56.6785 2
    endloop
  endfacet
  facet normal -0.179545 0.747907 0.63906
    outer loop
      vertex 58.9785 64.7749 2
      vertex 59.8 64.1882 2.91743
      vertex 59.6804 64.9434 2
    endloop
  endfacet
  facet normal -0.179416 0.747991 0.638999
    outer loop
      vertex 59.8 64.1882 2.91743
      vertex 58.9785 64.7749 2
      vertex 59.8 63.9908 3.1485
    endloop
  endfacet
  facet normal 0.401877 -0.655859 0.639018
    outer loop
      vertex 62.516 57.4875 3.2
      vertex 62.0344 57.1924 3.2
      vertex 62.4884 56.3014 2
    endloop
  endfacet
  facet normal -0.294409 0.71061 0.639028
    outer loop
      vertex 58.9785 64.7749 2
      vertex 58.3116 64.4986 2
      vertex 59.2875 63.8238 3.2
    endloop
  endfacet
  facet normal 0.179507 0.747948 0.639023
    outer loop
      vertex 61.5125 63.8238 3.2
      vertex 61 63.9908 3.1485
      vertex 61 63.9468 3.2
    endloop
  endfacet
  facet normal 0.179505 0.747943 0.63903
    outer loop
      vertex 61 63.9908 3.1485
      vertex 61.5125 63.8238 3.2
      vertex 61.8215 64.7749 2
    endloop
  endfacet
  facet normal 0.499549 0.584903 0.639014
    outer loop
      vertex 63.1038 64.1215 2
      vertex 62.9456 62.9456 3.2
      vertex 63.6527 63.6527 2
    endloop
  endfacet
  facet normal 0.49954 0.584908 0.639017
    outer loop
      vertex 63.1038 64.1215 2
      vertex 62.516 63.3125 3.2
      vertex 62.9456 62.9456 3.2
    endloop
  endfacet
  facet normal -0.179507 0.747948 0.639023
    outer loop
      vertex 59.8 63.9908 3.1485
      vertex 59.2875 63.8238 3.2
      vertex 59.8 63.9468 3.2
    endloop
  endfacet
  facet normal -0.179505 0.747943 0.63903
    outer loop
      vertex 59.2875 63.8238 3.2
      vertex 59.8 63.9908 3.1485
      vertex 58.9785 64.7749 2
    endloop
  endfacet
  facet normal 0.71063 -0.294383 0.639018
    outer loop
      vertex 63.8238 59.2875 3.2
      vertex 63.6076 58.7656 3.2
      vertex 64.4986 58.3116 2
    endloop
  endfacet
  facet normal 0.71061 -0.294409 0.639028
    outer loop
      vertex 64.7749 58.9785 2
      vertex 63.8238 59.2875 3.2
      vertex 64.4986 58.3116 2
    endloop
  endfacet
  facet normal -0.766823 -0.0603165 0.639019
    outer loop
      vertex 56.8 60.4 3.2
      vertex 55.8 60.4 2
      vertex 56.8443 59.8368 3.2
    endloop
  endfacet
  facet normal -0.766822 -0.0603143 0.63902
    outer loop
      vertex 56.8443 59.8368 3.2
      vertex 55.8 60.4 2
      vertex 55.8566 59.6804 2
    endloop
  endfacet
  facet normal 0.179553 -0.747941 0.639019
    outer loop
      vertex 61.8215 56.0251 2
      vertex 60.9632 56.8443 3.2
      vertex 61.1196 55.8566 2
    endloop
  endfacet
  facet normal -0.71063 0.294383 0.639018
    outer loop
      vertex 57.1924 62.0344 3.2
      vertex 56.3014 62.4884 2
      vertex 56.9762 61.5125 3.2
    endloop
  endfacet
  facet normal 0.499549 -0.584903 0.639014
    outer loop
      vertex 63.6527 57.1473 2
      vertex 62.9456 57.8544 3.2
      vertex 63.1038 56.6785 2
    endloop
  endfacet
  facet normal -0.294383 0.71063 0.639018
    outer loop
      vertex 59.2875 63.8238 3.2
      vertex 58.3116 64.4986 2
      vertex 58.7656 63.6076 3.2
    endloop
  endfacet
  facet normal -0.0602664 0.766794 0.639058
    outer loop
      vertex 59.8 64.9528 2
      vertex 59.6804 64.9434 2
      vertex 59.8 64.1882 2.91743
    endloop
  endfacet
  facet normal -0.747941 0.179553 0.639019
    outer loop
      vertex 56.0251 61.8215 2
      vertex 55.8566 61.1196 2
      vertex 56.8443 60.9632 3.2
    endloop
  endfacet
  facet normal -0.766823 0.0603165 0.639019
    outer loop
      vertex 56.8443 60.9632 3.2
      vertex 55.8 60.4 2
      vertex 56.8 60.4 3.2
    endloop
  endfacet
  facet normal 0.40189 -0.655855 0.639014
    outer loop
      vertex 62.516 57.4875 3.2
      vertex 62.4884 56.3014 2
      vertex 63.1038 56.6785 2
    endloop
  endfacet
  facet normal -0.0603143 -0.766822 0.63902
    outer loop
      vertex 59.8368 56.8443 3.2
      vertex 59.6804 55.8566 2
      vertex 60.4 55.8 2
    endloop
  endfacet
  facet normal -0.71061 0.294409 0.639028
    outer loop
      vertex 56.3014 62.4884 2
      vertex 56.0251 61.8215 2
      vertex 56.9762 61.5125 3.2
    endloop
  endfacet
  facet normal -0.294409 -0.71061 0.639028
    outer loop
      vertex 59.2875 56.9762 3.2
      vertex 58.3116 56.3014 2
      vertex 58.9785 56.0251 2
    endloop
  endfacet
  facet normal -0.499979 0.866037 0
    outer loop
      vertex 62.6 59.1298 2.2
      vertex 60.4 57.8597 3.2
      vertex 62.6 59.1298 3.2
    endloop
  endfacet
  facet normal -0.499979 0.866037 0
    outer loop
      vertex 60.4 57.8597 3.2
      vertex 62.6 59.1298 2.2
      vertex 60.4 57.8597 2.2
    endloop
  endfacet
  facet normal -1 0 0
    outer loop
      vertex 62.6 59.1298 2.2
      vertex 62.6 61.6702 3.2
      vertex 62.6 61.6702 2.2
    endloop
  endfacet
  facet normal -1 -0 0
    outer loop
      vertex 62.6 61.6702 3.2
      vertex 62.6 59.1298 2.2
      vertex 62.6 59.1298 3.2
    endloop
  endfacet
  facet normal 0.499979 -0.866037 0
    outer loop
      vertex 58.2 61.6702 2.2
      vertex 60.4 62.9403 3.2
      vertex 58.2 61.6702 3.2
    endloop
  endfacet
  facet normal 0.499979 -0.866037 0
    outer loop
      vertex 60.4 62.9403 3.2
      vertex 58.2 61.6702 2.2
      vertex 60.4 62.9403 2.2
    endloop
  endfacet
  facet normal -0.499979 -0.866037 0
    outer loop
      vertex 60.4 62.9403 2.2
      vertex 62.6 61.6702 3.2
      vertex 60.4 62.9403 3.2
    endloop
  endfacet
  facet normal -0.499979 -0.866037 -0
    outer loop
      vertex 62.6 61.6702 3.2
      vertex 60.4 62.9403 2.2
      vertex 62.6 61.6702 2.2
    endloop
  endfacet
  facet normal 1 -0 0
    outer loop
      vertex 58.2 59.1298 3.2
      vertex 58.2 61.6702 2.2
      vertex 58.2 61.6702 3.2
    endloop
  endfacet
  facet normal 1 0 0
    outer loop
      vertex 58.2 61.6702 2.2
      vertex 58.2 59.1298 3.2
      vertex 58.2 59.1298 2.2
    endloop
  endfacet
  facet normal 0.499979 0.866037 -0
    outer loop
      vertex 60.4 57.8597 2.2
      vertex 58.2 59.1298 3.2
      vertex 60.4 57.8597 3.2
    endloop
  endfacet
  facet normal 0.499979 0.866037 0
    outer loop
      vertex 58.2 59.1298 3.2
      vertex 60.4 57.8597 2.2
      vertex 58.2 59.1298 2.2
    endloop
  endfacet
  facet normal 0 0 1
    outer loop
      vertex 62.6 61.6702 2.2
      vertex 61.5 60.4 2.2
      vertex 62.6 59.1298 2.2
    endloop
  endfacet
  facet normal 0 0 1
    outer loop
      vertex 62.6 61.6702 2.2
      vertex 61.4865 60.5721 2.2
      vertex 61.5 60.4 2.2
    endloop
  endfacet
  facet normal 0 0 1
    outer loop
      vertex 62.6 61.6702 2.2
      vertex 61.4462 60.7399 2.2
      vertex 61.4865 60.5721 2.2
    endloop
  endfacet
  facet normal 0 0 1
    outer loop
      vertex 62.6 61.6702 2.2
      vertex 61.3801 60.8994 2.2
      vertex 61.4462 60.7399 2.2
    endloop
  endfacet
  facet normal 0 0 1
    outer loop
      vertex 62.6 61.6702 2.2
      vertex 61.2899 61.0466 2.2
      vertex 61.3801 60.8994 2.2
    endloop
  endfacet
  facet normal 0 0 1
    outer loop
      vertex 62.6 61.6702 2.2
      vertex 61.1778 61.1778 2.2
      vertex 61.2899 61.0466 2.2
    endloop
  endfacet
  facet normal 0 0 1
    outer loop
      vertex 62.6 61.6702 2.2
      vertex 61.0466 61.2899 2.2
      vertex 61.1778 61.1778 2.2
    endloop
  endfacet
  facet normal 0 0 1
    outer loop
      vertex 62.6 61.6702 2.2
      vertex 60.8994 61.3801 2.2
      vertex 61.0466 61.2899 2.2
    endloop
  endfacet
  facet normal 0 0 1
    outer loop
      vertex 60.4 62.9403 2.2
      vertex 60.8994 61.3801 2.2
      vertex 62.6 61.6702 2.2
    endloop
  endfacet
  facet normal 0 0 1
    outer loop
      vertex 60.8994 61.3801 2.2
      vertex 60.4 62.9403 2.2
      vertex 60.7399 61.4462 2.2
    endloop
  endfacet
  facet normal 0 0 1
    outer loop
      vertex 60.7399 61.4462 2.2
      vertex 60.4 62.9403 2.2
      vertex 60.5721 61.4865 2.2
    endloop
  endfacet
  facet normal 0 0 1
    outer loop
      vertex 60.4 62.9403 2.2
      vertex 60.4 61.5 2.2
      vertex 60.5721 61.4865 2.2
    endloop
  endfacet
  facet normal 0 0 1
    outer loop
      vertex 60.4 62.9403 2.2
      vertex 60.2279 61.4865 2.2
      vertex 60.4 61.5 2.2
    endloop
  endfacet
  facet normal 0 0 1
    outer loop
      vertex 60.4 62.9403 2.2
      vertex 60.0601 61.4462 2.2
      vertex 60.2279 61.4865 2.2
    endloop
  endfacet
  facet normal 0 0 1
    outer loop
      vertex 60.4 62.9403 2.2
      vertex 59.9006 61.3801 2.2
      vertex 60.0601 61.4462 2.2
    endloop
  endfacet
  facet normal -0 0 1
    outer loop
      vertex 58.2 61.6702 2.2
      vertex 59.9006 61.3801 2.2
      vertex 60.4 62.9403 2.2
    endloop
  endfacet
  facet normal 0 0 1
    outer loop
      vertex 59.9006 61.3801 2.2
      vertex 58.2 61.6702 2.2
      vertex 59.7534 61.2899 2.2
    endloop
  endfacet
  facet normal 0 0 1
    outer loop
      vertex 59.7534 61.2899 2.2
      vertex 58.2 61.6702 2.2
      vertex 59.6222 61.1778 2.2
    endloop
  endfacet
  facet normal 0 0 1
    outer loop
      vertex 59.6222 61.1778 2.2
      vertex 58.2 61.6702 2.2
      vertex 59.5101 61.0466 2.2
    endloop
  endfacet
  facet normal 0 0 1
    outer loop
      vertex 59.3135 60.5721 2.2
      vertex 58.2 61.6702 2.2
      vertex 59.3 60.4 2.2
    endloop
  endfacet
  facet normal 0 0 1
    outer loop
      vertex 59.3538 60.7399 2.2
      vertex 58.2 61.6702 2.2
      vertex 59.3135 60.5721 2.2
    endloop
  endfacet
  facet normal 0 0 1
    outer loop
      vertex 59.4199 60.8994 2.2
      vertex 58.2 61.6702 2.2
      vertex 59.3538 60.7399 2.2
    endloop
  endfacet
  facet normal 0 0 1
    outer loop
      vertex 59.5101 61.0466 2.2
      vertex 58.2 61.6702 2.2
      vertex 59.4199 60.8994 2.2
    endloop
  endfacet
  facet normal -0 0 1
    outer loop
      vertex 61.4865 60.2279 2.2
      vertex 62.6 59.1298 2.2
      vertex 61.5 60.4 2.2
    endloop
  endfacet
  facet normal -0 0 1
    outer loop
      vertex 61.4462 60.0601 2.2
      vertex 62.6 59.1298 2.2
      vertex 61.4865 60.2279 2.2
    endloop
  endfacet
  facet normal -0 0 1
    outer loop
      vertex 61.3801 59.9006 2.2
      vertex 62.6 59.1298 2.2
      vertex 61.4462 60.0601 2.2
    endloop
  endfacet
  facet normal -0 0 1
    outer loop
      vertex 61.2899 59.7534 2.2
      vertex 62.6 59.1298 2.2
      vertex 61.3801 59.9006 2.2
    endloop
  endfacet
  facet normal -0 0 1
    outer loop
      vertex 61.1778 59.6222 2.2
      vertex 62.6 59.1298 2.2
      vertex 61.2899 59.7534 2.2
    endloop
  endfacet
  facet normal -0 0 1
    outer loop
      vertex 61.0466 59.5101 2.2
      vertex 62.6 59.1298 2.2
      vertex 61.1778 59.6222 2.2
    endloop
  endfacet
  facet normal -0 0 1
    outer loop
      vertex 60.8994 59.4199 2.2
      vertex 62.6 59.1298 2.2
      vertex 61.0466 59.5101 2.2
    endloop
  endfacet
  facet normal 0 0 1
    outer loop
      vertex 60.4 57.8597 2.2
      vertex 60.8994 59.4199 2.2
      vertex 60.7399 59.3538 2.2
    endloop
  endfacet
  facet normal 0 0 1
    outer loop
      vertex 60.4 57.8597 2.2
      vertex 60.7399 59.3538 2.2
      vertex 60.5721 59.3135 2.2
    endloop
  endfacet
  facet normal 0 0 1
    outer loop
      vertex 60.4 57.8597 2.2
      vertex 60.5721 59.3135 2.2
      vertex 60.4 59.3 2.2
    endloop
  endfacet
  facet normal 0 0 1
    outer loop
      vertex 60.8994 59.4199 2.2
      vertex 60.4 57.8597 2.2
      vertex 62.6 59.1298 2.2
    endloop
  endfacet
  facet normal 0 0 1
    outer loop
      vertex 60.2279 59.3135 2.2
      vertex 60.4 57.8597 2.2
      vertex 60.4 59.3 2.2
    endloop
  endfacet
  facet normal 0 0 1
    outer loop
      vertex 60.0601 59.3538 2.2
      vertex 60.4 57.8597 2.2
      vertex 60.2279 59.3135 2.2
    endloop
  endfacet
  facet normal 0 0 1
    outer loop
      vertex 59.9006 59.4199 2.2
      vertex 60.4 57.8597 2.2
      vertex 60.0601 59.3538 2.2
    endloop
  endfacet
  facet normal 0 0 1
    outer loop
      vertex 58.2 59.1298 2.2
      vertex 59.9006 59.4199 2.2
      vertex 59.7534 59.5101 2.2
    endloop
  endfacet
  facet normal 0 0 1
    outer loop
      vertex 58.2 59.1298 2.2
      vertex 59.7534 59.5101 2.2
      vertex 59.6222 59.6222 2.2
    endloop
  endfacet
  facet normal 0 0 1
    outer loop
      vertex 58.2 59.1298 2.2
      vertex 59.6222 59.6222 2.2
      vertex 59.5101 59.7534 2.2
    endloop
  endfacet
  facet normal 0 0 1
    outer loop
      vertex 58.2 59.1298 2.2
      vertex 59.5101 59.7534 2.2
      vertex 59.4199 59.9006 2.2
    endloop
  endfacet
  facet normal 0 0 1
    outer loop
      vertex 58.2 59.1298 2.2
      vertex 59.3 60.4 2.2
      vertex 58.2 61.6702 2.2
    endloop
  endfacet
  facet normal 0 0 1
    outer loop
      vertex 59.3 60.4 2.2
      vertex 58.2 59.1298 2.2
      vertex 59.3135 60.2279 2.2
    endloop
  endfacet
  facet normal 0 0 1
    outer loop
      vertex 59.3135 60.2279 2.2
      vertex 58.2 59.1298 2.2
      vertex 59.3538 60.0601 2.2
    endloop
  endfacet
  facet normal 0 0 1
    outer loop
      vertex 59.3538 60.0601 2.2
      vertex 58.2 59.1298 2.2
      vertex 59.4199 59.9006 2.2
    endloop
  endfacet
  facet normal 0 0 1
    outer loop
      vertex 59.9006 59.4199 2.2
      vertex 58.2 59.1298 2.2
      vertex 60.4 57.8597 2.2
    endloop
  endfacet
  facet normal 0.97235 -0.233526 0
    outer loop
      vertex 59.3135 60.5721 2.2
      vertex 59.3538 60.7399 2
      vertex 59.3538 60.7399 2.2
    endloop
  endfacet
  facet normal 0.97235 -0.233526 0
    outer loop
      vertex 59.3538 60.7399 2
      vertex 59.3135 60.5721 2.2
      vertex 59.3135 60.5721 2
    endloop
  endfacet
  facet normal 0.382846 -0.923812 0
    outer loop
      vertex 59.9006 61.3801 2
      vertex 60.0601 61.4462 2.2
      vertex 59.9006 61.3801 2.2
    endloop
  endfacet
  facet normal 0.382846 -0.923812 0
    outer loop
      vertex 60.0601 61.4462 2.2
      vertex 59.9006 61.3801 2
      vertex 60.0601 61.4462 2
    endloop
  endfacet
  facet normal -0.522481 0.852651 0
    outer loop
      vertex 61.0466 59.5101 2
      vertex 60.8994 59.4199 2.2
      vertex 61.0466 59.5101 2.2
    endloop
  endfacet
  facet normal -0.522481 0.852651 0
    outer loop
      vertex 60.8994 59.4199 2.2
      vertex 61.0466 59.5101 2
      vertex 60.8994 59.4199 2
    endloop
  endfacet
  facet normal 0.0782025 0.996937 -0
    outer loop
      vertex 60.4 59.3 2
      vertex 60.2279 59.3135 2.2
      vertex 60.4 59.3 2.2
    endloop
  endfacet
  facet normal 0.0782025 0.996937 0
    outer loop
      vertex 60.2279 59.3135 2.2
      vertex 60.4 59.3 2
      vertex 60.2279 59.3135 2
    endloop
  endfacet
  facet normal 0.382846 0.923812 -0
    outer loop
      vertex 60.0601 59.3538 2
      vertex 59.9006 59.4199 2.2
      vertex 60.0601 59.3538 2.2
    endloop
  endfacet
  facet normal 0.382846 0.923812 0
    outer loop
      vertex 59.9006 59.4199 2.2
      vertex 60.0601 59.3538 2
      vertex 59.9006 59.4199 2
    endloop
  endfacet
  facet normal -0.382846 0.923812 0
    outer loop
      vertex 60.8994 59.4199 2
      vertex 60.7399 59.3538 2.2
      vertex 60.8994 59.4199 2.2
    endloop
  endfacet
  facet normal -0.382846 0.923812 0
    outer loop
      vertex 60.7399 59.3538 2.2
      vertex 60.8994 59.4199 2
      vertex 60.7399 59.3538 2
    endloop
  endfacet
  facet normal 0.233526 -0.97235 0
    outer loop
      vertex 60.0601 61.4462 2
      vertex 60.2279 61.4865 2.2
      vertex 60.0601 61.4462 2.2
    endloop
  endfacet
  facet normal 0.233526 -0.97235 0
    outer loop
      vertex 60.2279 61.4865 2.2
      vertex 60.0601 61.4462 2
      vertex 60.2279 61.4865 2
    endloop
  endfacet
  facet normal 0.852651 0.522481 0
    outer loop
      vertex 59.5101 59.7534 2.2
      vertex 59.4199 59.9006 2
      vertex 59.4199 59.9006 2.2
    endloop
  endfacet
  facet normal 0.852651 0.522481 0
    outer loop
      vertex 59.4199 59.9006 2
      vertex 59.5101 59.7534 2.2
      vertex 59.5101 59.7534 2
    endloop
  endfacet
  facet normal -0.996937 0.0782025 0
    outer loop
      vertex 61.4865 60.2279 2
      vertex 61.5 60.4 2.2
      vertex 61.5 60.4 2
    endloop
  endfacet
  facet normal -0.996937 0.0782025 0
    outer loop
      vertex 61.5 60.4 2.2
      vertex 61.4865 60.2279 2
      vertex 61.4865 60.2279 2.2
    endloop
  endfacet
  facet normal 0.649598 0.760278 -0
    outer loop
      vertex 59.7534 59.5101 2
      vertex 59.6222 59.6222 2.2
      vertex 59.7534 59.5101 2.2
    endloop
  endfacet
  facet normal 0.649598 0.760278 0
    outer loop
      vertex 59.6222 59.6222 2.2
      vertex 59.7534 59.5101 2
      vertex 59.6222 59.6222 2
    endloop
  endfacet
  facet normal 0.97235 0.233526 0
    outer loop
      vertex 59.3538 60.0601 2.2
      vertex 59.3135 60.2279 2
      vertex 59.3135 60.2279 2.2
    endloop
  endfacet
  facet normal 0.97235 0.233526 0
    outer loop
      vertex 59.3135 60.2279 2
      vertex 59.3538 60.0601 2.2
      vertex 59.3538 60.0601 2
    endloop
  endfacet
  facet normal 0.760278 -0.649598 0
    outer loop
      vertex 59.5101 61.0466 2.2
      vertex 59.6222 61.1778 2
      vertex 59.6222 61.1778 2.2
    endloop
  endfacet
  facet normal 0.760278 -0.649598 0
    outer loop
      vertex 59.6222 61.1778 2
      vertex 59.5101 61.0466 2.2
      vertex 59.5101 61.0466 2
    endloop
  endfacet
  facet normal -0.649598 0.760278 0
    outer loop
      vertex 61.1778 59.6222 2
      vertex 61.0466 59.5101 2.2
      vertex 61.1778 59.6222 2.2
    endloop
  endfacet
  facet normal -0.649598 0.760278 0
    outer loop
      vertex 61.0466 59.5101 2.2
      vertex 61.1778 59.6222 2
      vertex 61.0466 59.5101 2
    endloop
  endfacet
  facet normal -0.923812 0.382846 0
    outer loop
      vertex 61.3801 59.9006 2
      vertex 61.4462 60.0601 2.2
      vertex 61.4462 60.0601 2
    endloop
  endfacet
  facet normal -0.923812 0.382846 0
    outer loop
      vertex 61.4462 60.0601 2.2
      vertex 61.3801 59.9006 2
      vertex 61.3801 59.9006 2.2
    endloop
  endfacet
  facet normal 0.649598 -0.760278 0
    outer loop
      vertex 59.6222 61.1778 2
      vertex 59.7534 61.2899 2.2
      vertex 59.6222 61.1778 2.2
    endloop
  endfacet
  facet normal 0.649598 -0.760278 0
    outer loop
      vertex 59.7534 61.2899 2.2
      vertex 59.6222 61.1778 2
      vertex 59.7534 61.2899 2
    endloop
  endfacet
  facet normal -0.852651 0.522481 0
    outer loop
      vertex 61.2899 59.7534 2
      vertex 61.3801 59.9006 2.2
      vertex 61.3801 59.9006 2
    endloop
  endfacet
  facet normal -0.852651 0.522481 0
    outer loop
      vertex 61.3801 59.9006 2.2
      vertex 61.2899 59.7534 2
      vertex 61.2899 59.7534 2.2
    endloop
  endfacet
  facet normal -0.233526 0.97235 0
    outer loop
      vertex 60.7399 59.3538 2
      vertex 60.5721 59.3135 2.2
      vertex 60.7399 59.3538 2.2
    endloop
  endfacet
  facet normal -0.233526 0.97235 0
    outer loop
      vertex 60.5721 59.3135 2.2
      vertex 60.7399 59.3538 2
      vertex 60.5721 59.3135 2
    endloop
  endfacet
  facet normal 0.852651 -0.522481 0
    outer loop
      vertex 59.4199 60.8994 2.2
      vertex 59.5101 61.0466 2
      vertex 59.5101 61.0466 2.2
    endloop
  endfacet
  facet normal 0.852651 -0.522481 0
    outer loop
      vertex 59.5101 61.0466 2
      vertex 59.4199 60.8994 2.2
      vertex 59.4199 60.8994 2
    endloop
  endfacet
  facet normal -0.97235 0.233526 0
    outer loop
      vertex 61.4462 60.0601 2
      vertex 61.4865 60.2279 2.2
      vertex 61.4865 60.2279 2
    endloop
  endfacet
  facet normal -0.97235 0.233526 0
    outer loop
      vertex 61.4865 60.2279 2.2
      vertex 61.4462 60.0601 2
      vertex 61.4462 60.0601 2.2
    endloop
  endfacet
  facet normal 0.923812 -0.382846 0
    outer loop
      vertex 59.3538 60.7399 2.2
      vertex 59.4199 60.8994 2
      vertex 59.4199 60.8994 2.2
    endloop
  endfacet
  facet normal 0.923812 -0.382846 0
    outer loop
      vertex 59.4199 60.8994 2
      vertex 59.3538 60.7399 2.2
      vertex 59.3538 60.7399 2
    endloop
  endfacet
  facet normal -0.0782025 0.996937 0
    outer loop
      vertex 60.5721 59.3135 2
      vertex 60.4 59.3 2.2
      vertex 60.5721 59.3135 2.2
    endloop
  endfacet
  facet normal -0.0782025 0.996937 0
    outer loop
      vertex 60.4 59.3 2.2
      vertex 60.5721 59.3135 2
      vertex 60.4 59.3 2
    endloop
  endfacet
  facet normal 0.0782025 -0.996937 0
    outer loop
      vertex 60.2279 61.4865 2
      vertex 60.4 61.5 2.2
      vertex 60.2279 61.4865 2.2
    endloop
  endfacet
  facet normal 0.0782025 -0.996937 0
    outer loop
      vertex 60.4 61.5 2.2
      vertex 60.2279 61.4865 2
      vertex 60.4 61.5 2
    endloop
  endfacet
  facet normal 0.996937 -0.0782025 0
    outer loop
      vertex 59.3 60.4 2.2
      vertex 59.3135 60.5721 2
      vertex 59.3135 60.5721 2.2
    endloop
  endfacet
  facet normal 0.996937 -0.0782025 0
    outer loop
      vertex 59.3135 60.5721 2
      vertex 59.3 60.4 2.2
      vertex 59.3 60.4 2
    endloop
  endfacet
  facet normal 0.760278 0.649598 0
    outer loop
      vertex 59.6222 59.6222 2.2
      vertex 59.5101 59.7534 2
      vertex 59.5101 59.7534 2.2
    endloop
  endfacet
  facet normal 0.760278 0.649598 0
    outer loop
      vertex 59.5101 59.7534 2
      vertex 59.6222 59.6222 2.2
      vertex 59.6222 59.6222 2
    endloop
  endfacet
  facet normal 0.996937 0.0782025 0
    outer loop
      vertex 59.3135 60.2279 2.2
      vertex 59.3 60.4 2
      vertex 59.3 60.4 2.2
    endloop
  endfacet
  facet normal 0.996937 0.0782025 0
    outer loop
      vertex 59.3 60.4 2
      vertex 59.3135 60.2279 2.2
      vertex 59.3135 60.2279 2
    endloop
  endfacet
  facet normal -0.760278 0.649598 0
    outer loop
      vertex 61.1778 59.6222 2
      vertex 61.2899 59.7534 2.2
      vertex 61.2899 59.7534 2
    endloop
  endfacet
  facet normal -0.760278 0.649598 0
    outer loop
      vertex 61.2899 59.7534 2.2
      vertex 61.1778 59.6222 2
      vertex 61.1778 59.6222 2.2
    endloop
  endfacet
  facet normal 0.522481 -0.852651 0
    outer loop
      vertex 59.7534 61.2899 2
      vertex 59.9006 61.3801 2.2
      vertex 59.7534 61.2899 2.2
    endloop
  endfacet
  facet normal 0.522481 -0.852651 0
    outer loop
      vertex 59.9006 61.3801 2.2
      vertex 59.7534 61.2899 2
      vertex 59.9006 61.3801 2
    endloop
  endfacet
  facet normal 0.233526 0.97235 -0
    outer loop
      vertex 60.2279 59.3135 2
      vertex 60.0601 59.3538 2.2
      vertex 60.2279 59.3135 2.2
    endloop
  endfacet
  facet normal 0.233526 0.97235 0
    outer loop
      vertex 60.0601 59.3538 2.2
      vertex 60.2279 59.3135 2
      vertex 60.0601 59.3538 2
    endloop
  endfacet
  facet normal 0.923812 0.382846 0
    outer loop
      vertex 59.4199 59.9006 2.2
      vertex 59.3538 60.0601 2
      vertex 59.3538 60.0601 2.2
    endloop
  endfacet
  facet normal 0.923812 0.382846 0
    outer loop
      vertex 59.3538 60.0601 2
      vertex 59.4199 59.9006 2.2
      vertex 59.4199 59.9006 2
    endloop
  endfacet
  facet normal 0.522481 0.852651 -0
    outer loop
      vertex 59.9006 59.4199 2
      vertex 59.7534 59.5101 2.2
      vertex 59.9006 59.4199 2.2
    endloop
  endfacet
  facet normal 0.522481 0.852651 0
    outer loop
      vertex 59.7534 59.5101 2.2
      vertex 59.9006 59.4199 2
      vertex 59.7534 59.5101 2
    endloop
  endfacet
  facet normal 0.0784506 -0.996918 0
    outer loop
      vertex 17.4 8.5 19.2
      vertex 17.8224 8.53324 20.2
      vertex 17.4 8.5 20.2
    endloop
  endfacet
  facet normal 0.0784506 -0.996918 0
    outer loop
      vertex 17.8224 8.53324 20.2
      vertex 17.4 8.5 19.2
      vertex 17.8224 8.53324 19.1444
    endloop
  endfacet
  facet normal 0.0784506 -0.996918 0
    outer loop
      vertex 17.4 8.5 15.8
      vertex 17.8224 8.53324 13.232
      vertex 17.8224 8.53324 15.8556
    endloop
  endfacet
  facet normal 0.0784506 -0.996918 0
    outer loop
      vertex 17.8224 8.53324 13.232
      vertex 17.4 8.5 15.8
      vertex 17.4 8.5 13.1452
    endloop
  endfacet
  facet normal 0.972364 0.233471 0
    outer loop
      vertex 20.0668 11.6224 20.2
      vertex 19.9679 12.0343 4.5
      vertex 19.9679 12.0343 20.2
    endloop
  endfacet
  facet normal 0.972364 0.233471 0
    outer loop
      vertex 19.9679 12.0343 4.5
      vertex 20.0668 11.6224 20.2
      vertex 20.0668 11.6224 4.5
    endloop
  endfacet
  facet normal 0.996984 0.0776095 0
    outer loop
      vertex 20.0668 11.6224 20.2
      vertex 20.0694 11.589 6
      vertex 20.0668 11.6224 4.5
    endloop
  endfacet
  facet normal 0.996925 0.0783568 -1.76845e-06
    outer loop
      vertex 20.1 11.2 20.2
      vertex 20.0694 11.589 6
      vertex 20.0668 11.6224 20.2
    endloop
  endfacet
  facet normal 0.99692 0.078421 0
    outer loop
      vertex 20.0694 11.589 6
      vertex 20.1 11.2 20.2
      vertex 20.1 11.2 6
    endloop
  endfacet
  facet normal 0.996984 0.0776095 0
    outer loop
      vertex 20.0668 11.6224 4.5
      vertex 20.0694 11.589 6
      vertex 20.0694 11.589 4.5
    endloop
  endfacet
  facet normal 0.92385 0.382755 0
    outer loop
      vertex 19.9679 12.0343 20.2
      vertex 19.8057 12.4258 4.5
      vertex 19.8057 12.4258 20.2
    endloop
  endfacet
  facet normal 0.92385 0.382755 0
    outer loop
      vertex 19.8057 12.4258 4.5
      vertex 19.9679 12.0343 20.2
      vertex 19.9679 12.0343 4.5
    endloop
  endfacet
  facet normal 0.522544 -0.852612 0
    outer loop
      vertex 18.6258 8.79428 18.6712
      vertex 18.987 9.01565 20.2
      vertex 18.6258 8.79428 20.2
    endloop
  endfacet
  facet normal 0.522597 -0.85258 -1.74422e-05
    outer loop
      vertex 18.8722 8.94532 18.35
      vertex 18.987 9.01565 20.2
      vertex 18.6258 8.79428 18.6712
    endloop
  endfacet
  facet normal 0.522393 -0.852705 0
    outer loop
      vertex 18.987 9.01565 20.2
      vertex 18.8722 8.94532 18.35
      vertex 18.987 9.01565 18.0729
    endloop
  endfacet
  facet normal 0.522544 -0.852612 0
    outer loop
      vertex 18.987 9.01565 4.5
      vertex 18.6258 8.79428 16.3288
      vertex 18.6258 8.79428 4.5
    endloop
  endfacet
  facet normal 0.522611 -0.852571 2.83568e-06
    outer loop
      vertex 18.6258 8.79428 16.3288
      vertex 18.987 9.01565 4.5
      vertex 18.8722 8.94532 16.65
    endloop
  endfacet
  facet normal 0.522393 -0.852705 0
    outer loop
      vertex 18.8722 8.94532 16.65
      vertex 18.987 9.01565 4.5
      vertex 18.987 9.01565 16.9271
    endloop
  endfacet
  facet normal 0.852581 0.522595 0
    outer loop
      vertex 19.8057 12.4258 20.2
      vertex 19.5843 12.787 4.5
      vertex 19.5843 12.787 20.2
    endloop
  endfacet
  facet normal 0.852581 0.522595 0
    outer loop
      vertex 19.5843 12.787 4.5
      vertex 19.8057 12.4258 20.2
      vertex 19.8057 12.4258 4.5
    endloop
  endfacet
  facet normal 0.760505 0.649332 0
    outer loop
      vertex 19.5843 12.787 20.2
      vertex 19.3092 13.1092 4.5
      vertex 19.3092 13.1092 20.2
    endloop
  endfacet
  facet normal 0.760505 0.649332 0
    outer loop
      vertex 19.3092 13.1092 4.5
      vertex 19.5843 12.787 20.2
      vertex 19.5843 12.787 4.5
    endloop
  endfacet
  facet normal -0.996925 0.0783568 0
    outer loop
      vertex 14.7 11.2 4.5
      vertex 14.7332 11.6224 20.2
      vertex 14.7332 11.6224 4.5
    endloop
  endfacet
  facet normal -0.996925 0.0783568 0
    outer loop
      vertex 14.7332 11.6224 20.2
      vertex 14.7 11.2 4.5
      vertex 14.7 11.2 20.2
    endloop
  endfacet
  facet normal 0.233686 -0.972312 0
    outer loop
      vertex 17.84 8.53747 19.1421
      vertex 17.8224 8.53324 20.2
      vertex 17.8224 8.53324 19.1444
    endloop
  endfacet
  facet normal 0.233493 -0.972358 -3.39406e-06
    outer loop
      vertex 17.8224 8.53324 20.2
      vertex 17.84 8.53747 19.1421
      vertex 18.2343 8.63215 20.2
    endloop
  endfacet
  facet normal 0.233485 -0.97236 0
    outer loop
      vertex 18.2343 8.63215 20.2
      vertex 17.84 8.53747 19.1421
      vertex 18.2343 8.63215 18.9787
    endloop
  endfacet
  facet normal 0.233508 -0.972355 0
    outer loop
      vertex 17.8224 8.53324 15.8556
      vertex 17.8224 8.53324 13.232
      vertex 18 8.57589 13.3434
    endloop
  endfacet
  facet normal 0.233685 -0.972312 1.3248e-05
    outer loop
      vertex 18 8.57589 13.3434
      vertex 17.84 8.53747 15.8579
      vertex 17.8224 8.53324 15.8556
    endloop
  endfacet
  facet normal 0.233485 -0.97236 -1.9684e-07
    outer loop
      vertex 18 8.57589 13.3434
      vertex 18.2343 8.63215 16.0213
      vertex 17.84 8.53747 15.8579
    endloop
  endfacet
  facet normal 0.233483 -0.972361 0
    outer loop
      vertex 18.2343 8.63215 4.5
      vertex 18 8.57589 13.3434
      vertex 18 8.57589 4.5
    endloop
  endfacet
  facet normal 0.233483 -0.972361 0
    outer loop
      vertex 18 8.57589 13.3434
      vertex 18.2343 8.63215 4.5
      vertex 18.2343 8.63215 16.0213
    endloop
  endfacet
  facet normal -0.852613 -0.522543 0
    outer loop
      vertex 15.2157 9.61298 4.5
      vertex 14.9943 9.97423 20.2
      vertex 14.9943 9.97423 4.5
    endloop
  endfacet
  facet normal -0.852613 -0.522543 0
    outer loop
      vertex 14.9943 9.97423 20.2
      vertex 15.2157 9.61298 4.5
      vertex 15.2157 9.61298 20.2
    endloop
  endfacet
  facet normal -0.92384 -0.38278 0
    outer loop
      vertex 14.9943 9.97423 4.5
      vertex 14.8321 10.3657 20.2
      vertex 14.8321 10.3657 4.5
    endloop
  endfacet
  facet normal -0.92384 -0.38278 0
    outer loop
      vertex 14.8321 10.3657 20.2
      vertex 14.9943 9.97423 4.5
      vertex 14.9943 9.97423 20.2
    endloop
  endfacet
  facet normal 0.522595 0.852581 -0
    outer loop
      vertex 18.987 13.3843 4.5
      vertex 18.6258 13.6057 20.2
      vertex 18.987 13.3843 20.2
    endloop
  endfacet
  facet normal 0.522595 0.852581 0
    outer loop
      vertex 18.6258 13.6057 20.2
      vertex 18.987 13.3843 4.5
      vertex 18.6258 13.6057 4.5
    endloop
  endfacet
  facet normal -0.760505 0.649332 0
    outer loop
      vertex 15.2157 12.787 4.5
      vertex 15.4908 13.1092 20.2
      vertex 15.4908 13.1092 4.5
    endloop
  endfacet
  facet normal -0.760505 0.649332 0
    outer loop
      vertex 15.4908 13.1092 20.2
      vertex 15.2157 12.787 4.5
      vertex 15.2157 12.787 20.2
    endloop
  endfacet
  facet normal -0.996925 -0.0783568 0
    outer loop
      vertex 14.7332 10.7776 4.5
      vertex 14.7 11.2 20.2
      vertex 14.7 11.2 4.5
    endloop
  endfacet
  facet normal -0.996925 -0.0783568 0
    outer loop
      vertex 14.7 11.2 20.2
      vertex 14.7332 10.7776 4.5
      vertex 14.7332 10.7776 20.2
    endloop
  endfacet
  facet normal 0.760475 -0.649367 0
    outer loop
      vertex 19.3092 9.29081 20.2
      vertex 19.5843 9.61298 4.5
      vertex 19.5843 9.61298 20.2
    endloop
  endfacet
  facet normal 0.760475 -0.649367 0
    outer loop
      vertex 19.5843 9.61298 4.5
      vertex 19.3092 9.29081 20.2
      vertex 19.3092 9.29081 4.5
    endloop
  endfacet
  facet normal 0.852613 -0.522543 0
    outer loop
      vertex 19.5843 9.61298 20.2
      vertex 19.8057 9.97423 4.5
      vertex 19.8057 9.97423 20.2
    endloop
  endfacet
  facet normal 0.852613 -0.522543 0
    outer loop
      vertex 19.8057 9.97423 4.5
      vertex 19.5843 9.61298 20.2
      vertex 19.5843 9.61298 4.5
    endloop
  endfacet
  facet normal -0.233493 -0.972358 -3.39406e-06
    outer loop
      vertex 16.96 8.53747 19.1421
      vertex 16.9776 8.53324 20.2
      vertex 16.5657 8.63215 20.2
    endloop
  endfacet
  facet normal -0.233686 -0.972312 -0
    outer loop
      vertex 16.9776 8.53324 20.2
      vertex 16.96 8.53747 19.1421
      vertex 16.9776 8.53324 19.1444
    endloop
  endfacet
  facet normal -0.233485 -0.97236 0
    outer loop
      vertex 16.96 8.53747 19.1421
      vertex 16.5657 8.63215 20.2
      vertex 16.5657 8.63215 18.9787
    endloop
  endfacet
  facet normal -0.233685 -0.972312 1.3248e-05
    outer loop
      vertex 16.96 8.53747 15.8579
      vertex 16.8 8.57589 13.3434
      vertex 16.9776 8.53324 15.8556
    endloop
  endfacet
  facet normal -0.233485 -0.97236 -1.9684e-07
    outer loop
      vertex 16.5657 8.63215 16.0213
      vertex 16.8 8.57589 13.3434
      vertex 16.96 8.53747 15.8579
    endloop
  endfacet
  facet normal -0.233483 -0.972361 0
    outer loop
      vertex 16.5657 8.63215 4.5
      vertex 16.8 8.57589 13.3434
      vertex 16.5657 8.63215 16.0213
    endloop
  endfacet
  facet normal -0.233483 -0.972361 -0
    outer loop
      vertex 16.8 8.57589 13.3434
      vertex 16.5657 8.63215 4.5
      vertex 16.8 8.57589 4.5
    endloop
  endfacet
  facet normal -0.233508 -0.972355 -0
    outer loop
      vertex 16.9776 8.53324 15.8556
      vertex 16.8 8.57589 13.3434
      vertex 16.9776 8.53324 13.232
    endloop
  endfacet
  facet normal 0 0 1
    outer loop
      vertex 20.0668 11.6224 20.2
      vertex 20.0668 10.7776 20.2
      vertex 20.1 11.2 20.2
    endloop
  endfacet
  facet normal 0 0 1
    outer loop
      vertex 19.9679 12.0343 20.2
      vertex 20.0668 10.7776 20.2
      vertex 20.0668 11.6224 20.2
    endloop
  endfacet
  facet normal 0 0 1
    outer loop
      vertex 19.9679 12.0343 20.2
      vertex 19.9679 10.3657 20.2
      vertex 20.0668 10.7776 20.2
    endloop
  endfacet
  facet normal 0 0 1
    outer loop
      vertex 19.8057 12.4258 20.2
      vertex 19.9679 10.3657 20.2
      vertex 19.9679 12.0343 20.2
    endloop
  endfacet
  facet normal 0 0 1
    outer loop
      vertex 19.8057 12.4258 20.2
      vertex 19.8057 9.97423 20.2
      vertex 19.9679 10.3657 20.2
    endloop
  endfacet
  facet normal 0 0 1
    outer loop
      vertex 19.5843 12.787 20.2
      vertex 19.8057 9.97423 20.2
      vertex 19.8057 12.4258 20.2
    endloop
  endfacet
  facet normal 0 0 1
    outer loop
      vertex 19.5843 12.787 20.2
      vertex 19.5843 9.61298 20.2
      vertex 19.8057 9.97423 20.2
    endloop
  endfacet
  facet normal 0 0 1
    outer loop
      vertex 19.3092 13.1092 20.2
      vertex 19.5843 9.61298 20.2
      vertex 19.5843 12.787 20.2
    endloop
  endfacet
  facet normal 0 0 1
    outer loop
      vertex 19.3092 13.1092 20.2
      vertex 19.3092 9.29081 20.2
      vertex 19.5843 9.61298 20.2
    endloop
  endfacet
  facet normal 0 0 1
    outer loop
      vertex 18.987 13.3843 20.2
      vertex 19.3092 9.29081 20.2
      vertex 19.3092 13.1092 20.2
    endloop
  endfacet
  facet normal 0 0 1
    outer loop
      vertex 18.987 13.3843 20.2
      vertex 18.987 9.01565 20.2
      vertex 19.3092 9.29081 20.2
    endloop
  endfacet
  facet normal 0 0 1
    outer loop
      vertex 18.6258 13.6057 20.2
      vertex 18.987 9.01565 20.2
      vertex 18.987 13.3843 20.2
    endloop
  endfacet
  facet normal 0 0 1
    outer loop
      vertex 18.6258 13.6057 20.2
      vertex 18.6258 8.79428 20.2
      vertex 18.987 9.01565 20.2
    endloop
  endfacet
  facet normal 0 0 1
    outer loop
      vertex 18.2343 13.7679 20.2
      vertex 18.6258 8.79428 20.2
      vertex 18.6258 13.6057 20.2
    endloop
  endfacet
  facet normal 0 0 1
    outer loop
      vertex 18.2343 13.7679 20.2
      vertex 18.2343 8.63215 20.2
      vertex 18.6258 8.79428 20.2
    endloop
  endfacet
  facet normal 0 0 1
    outer loop
      vertex 17.8224 13.8668 20.2
      vertex 18.2343 8.63215 20.2
      vertex 18.2343 13.7679 20.2
    endloop
  endfacet
  facet normal 0 0 1
    outer loop
      vertex 17.8224 13.8668 20.2
      vertex 17.8224 8.53324 20.2
      vertex 18.2343 8.63215 20.2
    endloop
  endfacet
  facet normal 0 0 1
    outer loop
      vertex 17.4 13.9 20.2
      vertex 17.8224 8.53324 20.2
      vertex 17.8224 13.8668 20.2
    endloop
  endfacet
  facet normal 0 0 1
    outer loop
      vertex 17.4 13.9 20.2
      vertex 17.4 8.5 20.2
      vertex 17.8224 8.53324 20.2
    endloop
  endfacet
  facet normal -0 0 1
    outer loop
      vertex 16.9776 13.8668 20.2
      vertex 17.4 8.5 20.2
      vertex 17.4 13.9 20.2
    endloop
  endfacet
  facet normal 0 0 1
    outer loop
      vertex 16.9776 13.8668 20.2
      vertex 16.9776 8.53324 20.2
      vertex 17.4 8.5 20.2
    endloop
  endfacet
  facet normal -0 0 1
    outer loop
      vertex 16.5657 13.7679 20.2
      vertex 16.9776 8.53324 20.2
      vertex 16.9776 13.8668 20.2
    endloop
  endfacet
  facet normal 0 0 1
    outer loop
      vertex 16.5657 13.7679 20.2
      vertex 16.5657 8.63215 20.2
      vertex 16.9776 8.53324 20.2
    endloop
  endfacet
  facet normal -0 0 1
    outer loop
      vertex 16.1742 13.6057 20.2
      vertex 16.5657 8.63215 20.2
      vertex 16.5657 13.7679 20.2
    endloop
  endfacet
  facet normal 0 0 1
    outer loop
      vertex 16.1742 13.6057 20.2
      vertex 16.1742 8.79428 20.2
      vertex 16.5657 8.63215 20.2
    endloop
  endfacet
  facet normal -0 0 1
    outer loop
      vertex 15.813 13.3843 20.2
      vertex 16.1742 8.79428 20.2
      vertex 16.1742 13.6057 20.2
    endloop
  endfacet
  facet normal 0 0 1
    outer loop
      vertex 15.813 13.3843 20.2
      vertex 15.813 9.01565 20.2
      vertex 16.1742 8.79428 20.2
    endloop
  endfacet
  facet normal -0 0 1
    outer loop
      vertex 15.4908 13.1092 20.2
      vertex 15.813 9.01565 20.2
      vertex 15.813 13.3843 20.2
    endloop
  endfacet
  facet normal 0 0 1
    outer loop
      vertex 15.4908 13.1092 20.2
      vertex 15.4908 9.29081 20.2
      vertex 15.813 9.01565 20.2
    endloop
  endfacet
  facet normal -0 0 1
    outer loop
      vertex 15.2157 12.787 20.2
      vertex 15.4908 9.29081 20.2
      vertex 15.4908 13.1092 20.2
    endloop
  endfacet
  facet normal 0 0 1
    outer loop
      vertex 15.2157 12.787 20.2
      vertex 15.2157 9.61298 20.2
      vertex 15.4908 9.29081 20.2
    endloop
  endfacet
  facet normal -0 0 1
    outer loop
      vertex 14.9943 12.4258 20.2
      vertex 15.2157 9.61298 20.2
      vertex 15.2157 12.787 20.2
    endloop
  endfacet
  facet normal 0 0 1
    outer loop
      vertex 14.9943 12.4258 20.2
      vertex 14.9943 9.97423 20.2
      vertex 15.2157 9.61298 20.2
    endloop
  endfacet
  facet normal -0 0 1
    outer loop
      vertex 14.8321 12.0343 20.2
      vertex 14.9943 9.97423 20.2
      vertex 14.9943 12.4258 20.2
    endloop
  endfacet
  facet normal 0 0 1
    outer loop
      vertex 14.8321 12.0343 20.2
      vertex 14.8321 10.3657 20.2
      vertex 14.9943 9.97423 20.2
    endloop
  endfacet
  facet normal -0 0 1
    outer loop
      vertex 14.7332 11.6224 20.2
      vertex 14.8321 10.3657 20.2
      vertex 14.8321 12.0343 20.2
    endloop
  endfacet
  facet normal 0 0 1
    outer loop
      vertex 14.7332 11.6224 20.2
      vertex 14.7332 10.7776 20.2
      vertex 14.8321 10.3657 20.2
    endloop
  endfacet
  facet normal 0 -0 1
    outer loop
      vertex 14.7332 10.7776 20.2
      vertex 14.7332 11.6224 20.2
      vertex 14.7 11.2 20.2
    endloop
  endfacet
  facet normal -0.972364 -0.233471 0
    outer loop
      vertex 14.8321 10.3657 4.5
      vertex 14.7332 10.7776 20.2
      vertex 14.7332 10.7776 4.5
    endloop
  endfacet
  facet normal -0.972364 -0.233471 0
    outer loop
      vertex 14.7332 10.7776 20.2
      vertex 14.8321 10.3657 4.5
      vertex 14.8321 10.3657 20.2
    endloop
  endfacet
  facet normal -0.382614 -0.923908 0
    outer loop
      vertex 16.1742 8.79428 20.2
      vertex 16.5657 8.63215 18.9787
      vertex 16.5657 8.63215 20.2
    endloop
  endfacet
  facet normal -0.381648 -0.924308 0.00036263
    outer loop
      vertex 16.1742 8.79428 20.2
      vertex 16.55 8.63863 18.9722
      vertex 16.5657 8.63215 18.9787
    endloop
  endfacet
  facet normal -0.382671 -0.923885 -3.9928e-06
    outer loop
      vertex 16.1742 8.79428 20.2
      vertex 16.1979 8.78447 18.7021
      vertex 16.55 8.63863 18.9722
    endloop
  endfacet
  facet normal -0.382455 -0.923974 0
    outer loop
      vertex 16.1979 8.78447 18.7021
      vertex 16.1742 8.79428 20.2
      vertex 16.1742 8.79428 18.6712
    endloop
  endfacet
  facet normal -0.382455 -0.923974 0
    outer loop
      vertex 16.1742 8.79428 4.5
      vertex 16.1979 8.78447 16.2979
      vertex 16.1742 8.79428 16.3288
    endloop
  endfacet
  facet normal -0.382673 -0.923884 5.12301e-07
    outer loop
      vertex 16.1742 8.79428 4.5
      vertex 16.55 8.63863 16.0278
      vertex 16.1979 8.78447 16.2979
    endloop
  endfacet
  facet normal -0.381535 -0.924354 -4.29399e-05
    outer loop
      vertex 16.1742 8.79428 4.5
      vertex 16.5657 8.63215 16.0213
      vertex 16.55 8.63863 16.0278
    endloop
  endfacet
  facet normal -0.382614 -0.923908 -0
    outer loop
      vertex 16.5657 8.63215 16.0213
      vertex 16.1742 8.79428 4.5
      vertex 16.5657 8.63215 4.5
    endloop
  endfacet
  facet normal 0.996925 -0.0783568 0
    outer loop
      vertex 20.0668 10.7776 20.2
      vertex 20.1 11.2 6
      vertex 20.1 11.2 20.2
    endloop
  endfacet
  facet normal 0.996925 -0.0783568 0
    outer loop
      vertex 20.1 11.2 6
      vertex 20.0668 10.7776 20.2
      vertex 20.0668 10.7776 6
    endloop
  endfacet
  facet normal 0.972369 -0.233448 0
    outer loop
      vertex 20.0668 10.7776 20.2
      vertex 19.9966 10.4852 6
      vertex 20.0668 10.7776 6
    endloop
  endfacet
  facet normal 0.972364 -0.233471 4.9541e-07
    outer loop
      vertex 19.9679 10.3657 20.2
      vertex 19.9966 10.4852 6
      vertex 20.0668 10.7776 20.2
    endloop
  endfacet
  facet normal 0.97235 -0.233527 0
    outer loop
      vertex 19.9679 10.3657 4.5
      vertex 19.9966 10.4852 6
      vertex 19.9679 10.3657 20.2
    endloop
  endfacet
  facet normal 0.97235 -0.233527 0
    outer loop
      vertex 19.9966 10.4852 6
      vertex 19.9679 10.3657 4.5
      vertex 19.9966 10.4852 4.5
    endloop
  endfacet
  facet normal -0.649332 0.760505 0
    outer loop
      vertex 15.813 13.3843 4.5
      vertex 15.4908 13.1092 20.2
      vertex 15.813 13.3843 20.2
    endloop
  endfacet
  facet normal -0.649332 0.760505 0
    outer loop
      vertex 15.4908 13.1092 20.2
      vertex 15.813 13.3843 4.5
      vertex 15.4908 13.1092 4.5
    endloop
  endfacet
  facet normal -0.382755 0.92385 0
    outer loop
      vertex 16.5657 13.7679 4.5
      vertex 16.1742 13.6057 20.2
      vertex 16.5657 13.7679 20.2
    endloop
  endfacet
  facet normal -0.382755 0.92385 0
    outer loop
      vertex 16.1742 13.6057 20.2
      vertex 16.5657 13.7679 4.5
      vertex 16.1742 13.6057 4.5
    endloop
  endfacet
  facet normal 0.649332 0.760505 -0
    outer loop
      vertex 19.3092 13.1092 4.5
      vertex 18.987 13.3843 20.2
      vertex 19.3092 13.1092 20.2
    endloop
  endfacet
  facet normal 0.649332 0.760505 0
    outer loop
      vertex 18.987 13.3843 20.2
      vertex 19.3092 13.1092 4.5
      vertex 18.987 13.3843 4.5
    endloop
  endfacet
  facet normal -0.852581 0.522595 0
    outer loop
      vertex 14.9943 12.4258 4.5
      vertex 15.2157 12.787 20.2
      vertex 15.2157 12.787 4.5
    endloop
  endfacet
  facet normal -0.852581 0.522595 0
    outer loop
      vertex 15.2157 12.787 20.2
      vertex 14.9943 12.4258 4.5
      vertex 14.9943 12.4258 20.2
    endloop
  endfacet
  facet normal -0.92385 0.382755 0
    outer loop
      vertex 14.8321 12.0343 4.5
      vertex 14.9943 12.4258 20.2
      vertex 14.9943 12.4258 4.5
    endloop
  endfacet
  facet normal -0.92385 0.382755 0
    outer loop
      vertex 14.9943 12.4258 20.2
      vertex 14.8321 12.0343 4.5
      vertex 14.8321 12.0343 20.2
    endloop
  endfacet
  facet normal -0.233471 0.972364 0
    outer loop
      vertex 16.9776 13.8668 4.5
      vertex 16.5657 13.7679 20.2
      vertex 16.9776 13.8668 20.2
    endloop
  endfacet
  facet normal -0.233471 0.972364 0
    outer loop
      vertex 16.5657 13.7679 20.2
      vertex 16.9776 13.8668 4.5
      vertex 16.5657 13.7679 4.5
    endloop
  endfacet
  facet normal -0.0783568 0.996925 0
    outer loop
      vertex 17.4 13.9 4.5
      vertex 16.9776 13.8668 20.2
      vertex 17.4 13.9 20.2
    endloop
  endfacet
  facet normal -0.0783568 0.996925 0
    outer loop
      vertex 16.9776 13.8668 20.2
      vertex 17.4 13.9 4.5
      vertex 16.9776 13.8668 4.5
    endloop
  endfacet
  facet normal -0.649414 -0.760435 0
    outer loop
      vertex 15.4908 9.29081 20.2
      vertex 15.813 9.01565 18.0729
      vertex 15.813 9.01565 20.2
    endloop
  endfacet
  facet normal -0.649206 -0.760613 5.45279e-05
    outer loop
      vertex 15.4908 9.29081 20.2
      vertex 15.7579 9.06267 17.94
      vertex 15.813 9.01565 18.0729
    endloop
  endfacet
  facet normal -0.649575 -0.760298 -2.08213e-05
    outer loop
      vertex 15.4908 9.29081 20.2
      vertex 15.7 9.11215 17.5
      vertex 15.7579 9.06267 17.94
    endloop
  endfacet
  facet normal -0.649419 -0.760431 0
    outer loop
      vertex 15.4908 9.29081 4.5
      vertex 15.7 9.11215 17.5
      vertex 15.4908 9.29081 20.2
    endloop
  endfacet
  facet normal -0.649639 -0.760243 6.12155e-06
    outer loop
      vertex 15.4908 9.29081 4.5
      vertex 15.7579 9.06267 17.06
      vertex 15.7 9.11215 17.5
    endloop
  endfacet
  facet normal -0.649147 -0.760663 -1.19941e-05
    outer loop
      vertex 15.4908 9.29081 4.5
      vertex 15.813 9.01565 16.9271
      vertex 15.7579 9.06267 17.06
    endloop
  endfacet
  facet normal -0.649414 -0.760435 -0
    outer loop
      vertex 15.813 9.01565 16.9271
      vertex 15.4908 9.29081 4.5
      vertex 15.813 9.01565 4.5
    endloop
  endfacet
  facet normal 0.0783568 0.996925 -0
    outer loop
      vertex 17.8224 13.8668 4.5
      vertex 17.4 13.9 20.2
      vertex 17.8224 13.8668 20.2
    endloop
  endfacet
  facet normal 0.0783568 0.996925 0
    outer loop
      vertex 17.4 13.9 20.2
      vertex 17.8224 13.8668 4.5
      vertex 17.4 13.9 4.5
    endloop
  endfacet
  facet normal -0.760475 -0.649367 0
    outer loop
      vertex 15.4908 9.29081 4.5
      vertex 15.2157 9.61298 20.2
      vertex 15.2157 9.61298 4.5
    endloop
  endfacet
  facet normal -0.760475 -0.649367 0
    outer loop
      vertex 15.2157 9.61298 20.2
      vertex 15.4908 9.29081 4.5
      vertex 15.4908 9.29081 20.2
    endloop
  endfacet
  facet normal 0.649414 -0.760435 0
    outer loop
      vertex 18.987 9.01565 18.0729
      vertex 19.3092 9.29081 20.2
      vertex 18.987 9.01565 20.2
    endloop
  endfacet
  facet normal 0.649206 -0.760613 5.45279e-05
    outer loop
      vertex 19.0421 9.06267 17.94
      vertex 19.3092 9.29081 20.2
      vertex 18.987 9.01565 18.0729
    endloop
  endfacet
  facet normal 0.649575 -0.760298 -2.08213e-05
    outer loop
      vertex 19.1 9.11215 17.5
      vertex 19.3092 9.29081 20.2
      vertex 19.0421 9.06267 17.94
    endloop
  endfacet
  facet normal 0.649414 -0.760435 0
    outer loop
      vertex 19.3092 9.29081 4.5
      vertex 18.987 9.01565 16.9271
      vertex 18.987 9.01565 4.5
    endloop
  endfacet
  facet normal 0.649147 -0.760663 -1.19941e-05
    outer loop
      vertex 18.987 9.01565 16.9271
      vertex 19.3092 9.29081 4.5
      vertex 19.0421 9.06267 17.06
    endloop
  endfacet
  facet normal 0.649639 -0.760243 6.12155e-06
    outer loop
      vertex 19.0421 9.06267 17.06
      vertex 19.3092 9.29081 4.5
      vertex 19.1 9.11215 17.5
    endloop
  endfacet
  facet normal 0.649419 -0.760431 0
    outer loop
      vertex 19.1 9.11215 17.5
      vertex 19.3092 9.29081 4.5
      vertex 19.3092 9.29081 20.2
    endloop
  endfacet
  facet normal 0.382755 0.92385 -0
    outer loop
      vertex 18.6258 13.6057 4.5
      vertex 18.2343 13.7679 20.2
      vertex 18.6258 13.6057 20.2
    endloop
  endfacet
  facet normal 0.382755 0.92385 0
    outer loop
      vertex 18.2343 13.7679 20.2
      vertex 18.6258 13.6057 4.5
      vertex 18.2343 13.7679 4.5
    endloop
  endfacet
  facet normal -0.972364 0.233471 0
    outer loop
      vertex 14.7332 11.6224 4.5
      vertex 14.8321 12.0343 20.2
      vertex 14.8321 12.0343 4.5
    endloop
  endfacet
  facet normal -0.972364 0.233471 0
    outer loop
      vertex 14.8321 12.0343 20.2
      vertex 14.7332 11.6224 4.5
      vertex 14.7332 11.6224 20.2
    endloop
  endfacet
  facet normal 0.233471 0.972364 -0
    outer loop
      vertex 18.2343 13.7679 4.5
      vertex 17.8224 13.8668 20.2
      vertex 18.2343 13.7679 20.2
    endloop
  endfacet
  facet normal 0.233471 0.972364 0
    outer loop
      vertex 17.8224 13.8668 20.2
      vertex 18.2343 13.7679 4.5
      vertex 17.8224 13.8668 4.5
    endloop
  endfacet
  facet normal 0.92384 -0.38278 0
    outer loop
      vertex 19.8057 9.97423 20.2
      vertex 19.9679 10.3657 4.5
      vertex 19.9679 10.3657 20.2
    endloop
  endfacet
  facet normal 0.92384 -0.38278 0
    outer loop
      vertex 19.9679 10.3657 4.5
      vertex 19.8057 9.97423 20.2
      vertex 19.8057 9.97423 4.5
    endloop
  endfacet
  facet normal 0.382614 -0.923908 0
    outer loop
      vertex 18.2343 8.63215 18.9787
      vertex 18.6258 8.79428 20.2
      vertex 18.2343 8.63215 20.2
    endloop
  endfacet
  facet normal 0.381648 -0.924308 0.00036263
    outer loop
      vertex 18.25 8.63863 18.9722
      vertex 18.6258 8.79428 20.2
      vertex 18.2343 8.63215 18.9787
    endloop
  endfacet
  facet normal 0.382671 -0.923885 -3.9928e-06
    outer loop
      vertex 18.6021 8.78447 18.7021
      vertex 18.6258 8.79428 20.2
      vertex 18.25 8.63863 18.9722
    endloop
  endfacet
  facet normal 0.382455 -0.923974 0
    outer loop
      vertex 18.6258 8.79428 20.2
      vertex 18.6021 8.78447 18.7021
      vertex 18.6258 8.79428 18.6712
    endloop
  endfacet
  facet normal 0.382614 -0.923908 0
    outer loop
      vertex 18.6258 8.79428 4.5
      vertex 18.2343 8.63215 16.0213
      vertex 18.2343 8.63215 4.5
    endloop
  endfacet
  facet normal 0.381535 -0.924354 -4.29399e-05
    outer loop
      vertex 18.2343 8.63215 16.0213
      vertex 18.6258 8.79428 4.5
      vertex 18.25 8.63863 16.0278
    endloop
  endfacet
  facet normal 0.382673 -0.923884 5.12301e-07
    outer loop
      vertex 18.25 8.63863 16.0278
      vertex 18.6258 8.79428 4.5
      vertex 18.6021 8.78447 16.2979
    endloop
  endfacet
  facet normal 0.382455 -0.923974 0
    outer loop
      vertex 18.6021 8.78447 16.2979
      vertex 18.6258 8.79428 4.5
      vertex 18.6258 8.79428 16.3288
    endloop
  endfacet
  facet normal -0.522595 0.852581 0
    outer loop
      vertex 16.1742 13.6057 4.5
      vertex 15.813 13.3843 20.2
      vertex 16.1742 13.6057 20.2
    endloop
  endfacet
  facet normal -0.522595 0.852581 0
    outer loop
      vertex 15.813 13.3843 20.2
      vertex 16.1742 13.6057 4.5
      vertex 15.813 13.3843 4.5
    endloop
  endfacet
  facet normal -0.0784506 -0.996918 0
    outer loop
      vertex 16.9776 8.53324 20.2
      vertex 17.4 8.5 19.2
      vertex 17.4 8.5 20.2
    endloop
  endfacet
  facet normal -0.0784506 -0.996918 0
    outer loop
      vertex 17.4 8.5 19.2
      vertex 16.9776 8.53324 20.2
      vertex 16.9776 8.53324 19.1444
    endloop
  endfacet
  facet normal -0.0784506 -0.996918 0
    outer loop
      vertex 16.9776 8.53324 13.232
      vertex 17.4 8.5 15.8
      vertex 16.9776 8.53324 15.8556
    endloop
  endfacet
  facet normal -0.0784506 -0.996918 -0
    outer loop
      vertex 17.4 8.5 15.8
      vertex 16.9776 8.53324 13.232
      vertex 17.4 8.5 13.1452
    endloop
  endfacet
  facet normal -0.522544 -0.852612 0
    outer loop
      vertex 15.813 9.01565 20.2
      vertex 16.1742 8.79428 18.6712
      vertex 16.1742 8.79428 20.2
    endloop
  endfacet
  facet normal -0.522597 -0.85258 -1.74422e-05
    outer loop
      vertex 15.813 9.01565 20.2
      vertex 15.9278 8.94532 18.35
      vertex 16.1742 8.79428 18.6712
    endloop
  endfacet
  facet normal -0.522393 -0.852705 0
    outer loop
      vertex 15.9278 8.94532 18.35
      vertex 15.813 9.01565 20.2
      vertex 15.813 9.01565 18.0729
    endloop
  endfacet
  facet normal -0.522393 -0.852705 0
    outer loop
      vertex 15.813 9.01565 4.5
      vertex 15.9278 8.94532 16.65
      vertex 15.813 9.01565 16.9271
    endloop
  endfacet
  facet normal -0.522611 -0.852571 2.83568e-06
    outer loop
      vertex 15.813 9.01565 4.5
      vertex 16.1742 8.79428 16.3288
      vertex 15.9278 8.94532 16.65
    endloop
  endfacet
  facet normal -0.522544 -0.852612 -0
    outer loop
      vertex 16.1742 8.79428 16.3288
      vertex 15.813 9.01565 4.5
      vertex 16.1742 8.79428 4.5
    endloop
  endfacet
  facet normal 0.603231 -0.706338 0.370404
    outer loop
      vertex 19.5748 8.20664 2
      vertex 20.0099 8.59012 2.02268
      vertex 19.3092 9.29081 4.5
    endloop
  endfacet
  facet normal 0.603258 -0.706363 0.370311
    outer loop
      vertex 20.0099 8.59012 2.02268
      vertex 19.5748 8.20664 2
      vertex 20.0099 8.57823 2
    endloop
  endfacet
  facet normal -0.706377 -0.603173 0.370425
    outer loop
      vertex 15.2157 9.61298 4.5
      vertex 14.4066 9.0252 2
      vertex 15.4908 9.29081 4.5
    endloop
  endfacet
  facet normal 0.35547 -0.858158 0.370414
    outer loop
      vertex 19.0798 7.90328 2
      vertex 18.2343 8.63215 4.5
      vertex 18.5434 7.68109 2
    endloop
  endfacet
  facet normal -0.355486 0.858159 0.370396
    outer loop
      vertex 16.2566 14.7189 2
      vertex 15.7202 14.4967 2
      vertex 16.5657 13.7679 4.5
    endloop
  endfacet
  facet normal -0.792011 0.485287 0.370427
    outer loop
      vertex 14.4066 13.3748 2
      vertex 14.1033 12.8798 2
      vertex 15.2157 12.787 4.5
    endloop
  endfacet
  facet normal -0.706301 0.603276 0.370401
    outer loop
      vertex 14.7837 13.8163 2
      vertex 14.4066 13.3748 2
      vertex 15.4908 13.1092 4.5
    endloop
  endfacet
  facet normal 0.355486 0.858159 0.370396
    outer loop
      vertex 18.5434 14.7189 2
      vertex 18.2343 13.7679 4.5
      vertex 19.0798 14.4967 2
    endloop
  endfacet
  facet normal 0.216867 0.903213 0.370372
    outer loop
      vertex 17.9788 14.8544 2
      vertex 17.8224 13.8668 4.5
      vertex 18.2343 13.7679 4.5
    endloop
  endfacet
  facet normal 0.856584 -0.359176 0.370481
    outer loop
      vertex 19.9966 10.3563 4.42453
      vertex 19.9679 10.3657 4.5
      vertex 19.9948 10.3344 4.40746
    endloop
  endfacet
  facet normal -0.603221 -0.706345 0.370406
    outer loop
      vertex 15.4908 9.29081 4.5
      vertex 15.2252 8.20664 2
      vertex 15.813 9.01565 4.5
    endloop
  endfacet
  facet normal -0.485361 -0.791976 0.370405
    outer loop
      vertex 15.813 9.01565 4.5
      vertex 15.2252 8.20664 2
      vertex 15.7202 7.90328 2
    endloop
  endfacet
  facet normal -0.903213 0.216867 0.370372
    outer loop
      vertex 14.8321 12.0343 4.5
      vertex 13.7456 11.7788 2
      vertex 14.7332 11.6224 4.5
    endloop
  endfacet
  facet normal 0.485361 -0.791976 0.370405
    outer loop
      vertex 19.5748 8.20664 2
      vertex 18.987 9.01565 4.5
      vertex 19.0798 7.90328 2
    endloop
  endfacet
  facet normal -0.485424 0.791939 0.3704
    outer loop
      vertex 16.1742 13.6057 4.5
      vertex 15.7202 14.4967 2
      vertex 15.813 13.3843 4.5
    endloop
  endfacet
  facet normal 0.792197 0.484942 0.370478
    outer loop
      vertex 20.2299 12.9005 2.97094
      vertex 19.5843 12.787 4.5
      vertex 20.2203 12.84 3.07066
    endloop
  endfacet
  facet normal 0.79197 0.485362 0.370414
    outer loop
      vertex 19.5843 12.787 4.5
      vertex 20.2299 12.9005 2.97094
      vertex 20.2935 13.3023 2.30847
    endloop
  endfacet
  facet normal -0.791969 -0.485375 0.3704
    outer loop
      vertex 14.9943 9.97423 4.5
      vertex 14.1033 9.52024 2
      vertex 15.2157 9.61298 4.5
    endloop
  endfacet
  facet normal -0.791939 0.485424 0.3704
    outer loop
      vertex 15.2157 12.787 4.5
      vertex 14.1033 12.8798 2
      vertex 14.9943 12.4258 4.5
    endloop
  endfacet
  facet normal 0.706375 -0.603172 0.37043
    outer loop
      vertex 19.3092 9.29081 4.5
      vertex 19.9902 9.31811 3.24585
      vertex 19.5843 9.61298 4.5
    endloop
  endfacet
  facet normal 0.70632 -0.603256 0.370398
    outer loop
      vertex 19.9902 9.31811 3.24585
      vertex 19.3092 9.29081 4.5
      vertex 19.9902 9.12397 2.92966
    endloop
  endfacet
  facet normal 0.791988 -0.485342 0.370403
    outer loop
      vertex 19.5843 9.61298 4.5
      vertex 19.9838 9.39885 3.36522
      vertex 19.9838 9.57967 3.60215
    endloop
  endfacet
  facet normal 0.792292 -0.484836 0.370414
    outer loop
      vertex 19.9838 9.39885 3.36522
      vertex 19.5843 9.61298 4.5
      vertex 19.9902 9.31811 3.24585
    endloop
  endfacet
  facet normal 0.705972 0.603731 0.370288
    outer loop
      vertex 19.3092 13.1092 4.5
      vertex 20.2946 13.3161 2.28395
      vertex 20.3003 13.352 2.21455
    endloop
  endfacet
  facet normal 0.707092 0.6022 0.370643
    outer loop
      vertex 19.3092 13.1092 4.5
      vertex 20.2935 13.3023 2.30847
      vertex 20.2946 13.3161 2.28395
    endloop
  endfacet
  facet normal 0.706406 0.603142 0.370418
    outer loop
      vertex 20.2935 13.3023 2.30847
      vertex 19.3092 13.1092 4.5
      vertex 19.5843 12.787 4.5
    endloop
  endfacet
  facet normal -0.603276 0.706301 0.370401
    outer loop
      vertex 15.2252 14.1934 2
      vertex 14.7837 13.8163 2
      vertex 15.4908 13.1092 4.5
    endloop
  endfacet
  facet normal 0.216769 0.903229 0.37039
    outer loop
      vertex 18.5434 14.7189 2
      vertex 17.9788 14.8544 2
      vertex 18.2343 13.7679 4.5
    endloop
  endfacet
  facet normal 0.485287 0.792011 0.370427
    outer loop
      vertex 19.0798 14.4967 2
      vertex 18.987 13.3843 4.5
      vertex 19.5748 14.1934 2
    endloop
  endfacet
  facet normal 0.903147 0.217214 0.370329
    outer loop
      vertex 20.1264 12.0859 4.08319
      vertex 19.9679 12.0343 4.5
      vertex 20.1129 12.0002 4.16638
    endloop
  endfacet
  facet normal -0.355399 -0.858193 0.3704
    outer loop
      vertex 16.1742 8.79428 4.5
      vertex 15.7202 7.90328 2
      vertex 16.5657 8.63215 4.5
    endloop
  endfacet
  facet normal 0.858805 0.354173 0.370156
    outer loop
      vertex 19.9679 12.0343 4.5
      vertex 20.133 12.1698 3.9873
      vertex 20.1379 12.2316 3.9168
    endloop
  endfacet
  facet normal 0.858068 0.355764 0.370339
    outer loop
      vertex 20.133 12.1698 3.9873
      vertex 19.9679 12.0343 4.5
      vertex 20.1264 12.0859 4.08319
    endloop
  endfacet
  facet normal 0.791952 -0.485365 0.370449
    outer loop
      vertex 19.5843 9.61298 4.5
      vertex 19.9866 9.88207 3.99252
      vertex 19.8057 9.97423 4.5
    endloop
  endfacet
  facet normal 0.791753 -0.486113 0.369894
    outer loop
      vertex 19.9866 9.88207 3.99252
      vertex 19.5843 9.61298 4.5
      vertex 19.9838 9.84724 3.95274
    endloop
  endfacet
  facet normal 0.791995 -0.485328 0.370407
    outer loop
      vertex 19.5843 9.61298 4.5
      vertex 19.9838 9.60589 3.63651
      vertex 19.9838 9.84724 3.95274
    endloop
  endfacet
  facet normal 0.791966 -0.485383 0.370395
    outer loop
      vertex 19.9838 9.60589 3.63651
      vertex 19.5843 9.61298 4.5
      vertex 19.9838 9.57967 3.60215
    endloop
  endfacet
  facet normal 0.603139 0.706403 0.37043
    outer loop
      vertex 19.5748 14.1934 2
      vertex 18.987 13.3843 4.5
      vertex 19.3092 13.1092 4.5
    endloop
  endfacet
  facet normal 0.216825 -0.903203 0.370421
    outer loop
      vertex 18.5434 7.68109 2
      vertex 18 7.63567 2.20733
      vertex 18 7.55064 2
    endloop
  endfacet
  facet normal 0.216821 -0.903208 0.37041
    outer loop
      vertex 18 7.63567 2.20733
      vertex 18.5434 7.68109 2
      vertex 18.2343 8.63215 4.5
    endloop
  endfacet
  facet normal 0.0729539 0.926003 0.370401
    outer loop
      vertex 17.4 14.9 2
      vertex 17.4 13.9 4.5
      vertex 17.9788 14.8544 2
    endloop
  endfacet
  facet normal -0.485287 0.792011 0.370427
    outer loop
      vertex 15.7202 14.4967 2
      vertex 15.2252 14.1934 2
      vertex 15.813 13.3843 4.5
    endloop
  endfacet
  facet normal 0.903199 -0.216759 0.37047
    outer loop
      vertex 19.9966 10.3724 4.43395
      vertex 19.9679 10.3657 4.5
      vertex 19.9966 10.3563 4.42453
    endloop
  endfacet
  facet normal -0.216867 0.903213 0.370372
    outer loop
      vertex 16.8212 14.8544 2
      vertex 16.5657 13.7679 4.5
      vertex 16.9776 13.8668 4.5
    endloop
  endfacet
  facet normal 0.485376 -0.791968 0.370402
    outer loop
      vertex 18.987 9.01565 4.5
      vertex 18.6258 8.79428 4.5
      vertex 19.0798 7.90328 2
    endloop
  endfacet
  facet normal 0.35553 0.858137 0.370404
    outer loop
      vertex 19.0798 14.4967 2
      vertex 18.2343 13.7679 4.5
      vertex 18.6258 13.6057 4.5
    endloop
  endfacet
  facet normal -0.926003 -0.0729539 0.370401
    outer loop
      vertex 14.7 11.2 4.5
      vertex 13.7 11.2 2
      vertex 13.7456 10.6212 2
    endloop
  endfacet
  facet normal -0.0727844 0.926028 0.370371
    outer loop
      vertex 17.4 13.9 4.5
      vertex 16.8212 14.8544 2
      vertex 16.9776 13.8668 4.5
    endloop
  endfacet
  facet normal -0.79203 -0.485259 0.370423
    outer loop
      vertex 15.2157 9.61298 4.5
      vertex 14.1033 9.52024 2
      vertex 14.4066 9.0252 2
    endloop
  endfacet
  facet normal -0.485376 -0.791968 0.370402
    outer loop
      vertex 15.813 9.01565 4.5
      vertex 15.7202 7.90328 2
      vertex 16.1742 8.79428 4.5
    endloop
  endfacet
  facet normal -0.903229 -0.216769 0.37039
    outer loop
      vertex 14.8321 10.3657 4.5
      vertex 13.7456 10.6212 2
      vertex 13.8811 10.0566 2
    endloop
  endfacet
  facet normal 0.706409 0.603208 0.370306
    outer loop
      vertex 20.0163 13.8163 2
      vertex 20.3003 13.352 2.21455
      vertex 20.3179 13.4631 2
    endloop
  endfacet
  facet normal 0.706353 0.603216 0.370399
    outer loop
      vertex 20.3003 13.352 2.21455
      vertex 20.0163 13.8163 2
      vertex 19.3092 13.1092 4.5
    endloop
  endfacet
  facet normal -0.35553 0.858137 0.370404
    outer loop
      vertex 16.5657 13.7679 4.5
      vertex 15.7202 14.4967 2
      vertex 16.1742 13.6057 4.5
    endloop
  endfacet
  facet normal 0.0727844 0.926028 0.370371
    outer loop
      vertex 17.9788 14.8544 2
      vertex 17.4 13.9 4.5
      vertex 17.8224 13.8668 4.5
    endloop
  endfacet
  facet normal 0.903201 0.216891 0.370386
    outer loop
      vertex 19.9679 12.0343 4.5
      vertex 20.0963 11.8955 4.26817
      vertex 20.1129 12.0002 4.16638
    endloop
  endfacet
  facet normal 0.903199 0.216379 0.370691
    outer loop
      vertex 19.9679 12.0343 4.5
      vertex 20.093 11.8537 4.30061
      vertex 20.0963 11.8955 4.26817
    endloop
  endfacet
  facet normal 0.903251 0.216877 0.370273
    outer loop
      vertex 20.0668 11.6224 4.5
      vertex 20.093 11.8537 4.30061
      vertex 19.9679 12.0343 4.5
    endloop
  endfacet
  facet normal 0.90334 0.216746 0.370133
    outer loop
      vertex 20.093 11.8537 4.30061
      vertex 20.0668 11.6224 4.5
      vertex 20.0749 11.6237 4.47947
    endloop
  endfacet
  facet normal -0.926028 -0.0727844 0.370371
    outer loop
      vertex 14.7 11.2 4.5
      vertex 13.7456 10.6212 2
      vertex 14.7332 10.7776 4.5
    endloop
  endfacet
  facet normal 0.603276 0.706301 0.370401
    outer loop
      vertex 19.5748 14.1934 2
      vertex 19.3092 13.1092 4.5
      vertex 20.0163 13.8163 2
    endloop
  endfacet
  facet normal -0.603139 0.706403 0.37043
    outer loop
      vertex 15.813 13.3843 4.5
      vertex 15.2252 14.1934 2
      vertex 15.4908 13.1092 4.5
    endloop
  endfacet
  facet normal 0.485424 0.791939 0.3704
    outer loop
      vertex 19.0798 14.4967 2
      vertex 18.6258 13.6057 4.5
      vertex 18.987 13.3843 4.5
    endloop
  endfacet
  facet normal -0.0729539 0.926003 0.370401
    outer loop
      vertex 17.4 14.9 2
      vertex 16.8212 14.8544 2
      vertex 17.4 13.9 4.5
    endloop
  endfacet
  facet normal -0.706301 -0.603275 0.370403
    outer loop
      vertex 15.4908 9.29081 4.5
      vertex 14.4066 9.0252 2
      vertex 14.7837 8.5837 2
    endloop
  endfacet
  facet normal -0.216821 -0.903208 0.37041
    outer loop
      vertex 16.2566 7.68109 2
      vertex 16.8 7.63567 2.20733
      vertex 16.5657 8.63215 4.5
    endloop
  endfacet
  facet normal -0.216825 -0.903203 0.370421
    outer loop
      vertex 16.8 7.63567 2.20733
      vertex 16.2566 7.68109 2
      vertex 16.8 7.55064 2
    endloop
  endfacet
  facet normal -0.85815 -0.355509 0.370395
    outer loop
      vertex 14.8321 10.3657 4.5
      vertex 13.8811 10.0566 2
      vertex 14.1033 9.52024 2
    endloop
  endfacet
  facet normal -0.926003 0.0729539 0.370401
    outer loop
      vertex 13.7456 11.7788 2
      vertex 13.7 11.2 2
      vertex 14.7 11.2 4.5
    endloop
  endfacet
  facet normal 0.858306 0.355116 0.370409
    outer loop
      vertex 19.8057 12.4258 4.5
      vertex 20.1729 12.4803 3.59688
      vertex 20.1958 12.6245 3.40557
    endloop
  endfacet
  facet normal 0.858104 0.355655 0.37036
    outer loop
      vertex 19.8057 12.4258 4.5
      vertex 20.1422 12.2861 3.8545
      vertex 20.1729 12.4803 3.59688
    endloop
  endfacet
  facet normal 0.858103 0.35566 0.370358
    outer loop
      vertex 19.8057 12.4258 4.5
      vertex 20.1379 12.2316 3.9168
      vertex 20.1422 12.2861 3.8545
    endloop
  endfacet
  facet normal 0.858132 0.355527 0.370418
    outer loop
      vertex 20.1379 12.2316 3.9168
      vertex 19.8057 12.4258 4.5
      vertex 19.9679 12.0343 4.5
    endloop
  endfacet
  facet normal 0.79184 0.485628 0.370345
    outer loop
      vertex 19.5843 12.787 4.5
      vertex 20.2052 12.7448 3.22778
      vertex 20.2203 12.84 3.07066
    endloop
  endfacet
  facet normal 0.791902 0.485501 0.370379
    outer loop
      vertex 19.5843 12.787 4.5
      vertex 20.1958 12.6245 3.40557
      vertex 20.2052 12.7448 3.22778
    endloop
  endfacet
  facet normal 0.791936 0.485422 0.37041
    outer loop
      vertex 20.1958 12.6245 3.40557
      vertex 19.5843 12.787 4.5
      vertex 19.8057 12.4258 4.5
    endloop
  endfacet
  facet normal -0.903213 -0.216867 0.370372
    outer loop
      vertex 14.7332 10.7776 4.5
      vertex 13.7456 10.6212 2
      vertex 14.8321 10.3657 4.5
    endloop
  endfacet
  facet normal 0.216876 -0.903199 0.3704
    outer loop
      vertex 18 8.57589 4.5
      vertex 18 7.63567 2.20733
      vertex 18.2343 8.63215 4.5
    endloop
  endfacet
  facet normal 0.603221 -0.706345 0.370406
    outer loop
      vertex 19.3092 9.29081 4.5
      vertex 18.987 9.01565 4.5
      vertex 19.5748 8.20664 2
    endloop
  endfacet
  facet normal -0.706403 0.603139 0.37043
    outer loop
      vertex 15.4908 13.1092 4.5
      vertex 14.4066 13.3748 2
      vertex 15.2157 12.787 4.5
    endloop
  endfacet
  facet normal -0.603238 -0.706333 0.370402
    outer loop
      vertex 15.4908 9.29081 4.5
      vertex 14.7837 8.5837 2
      vertex 15.2252 8.20664 2
    endloop
  endfacet
  facet normal -0.926028 0.0727844 0.370371
    outer loop
      vertex 14.7332 11.6224 4.5
      vertex 13.7456 11.7788 2
      vertex 14.7 11.2 4.5
    endloop
  endfacet
  facet normal -0.35547 -0.858158 0.370414
    outer loop
      vertex 16.5657 8.63215 4.5
      vertex 15.7202 7.90328 2
      vertex 16.2566 7.68109 2
    endloop
  endfacet
  facet normal -0.858128 -0.355553 0.370404
    outer loop
      vertex 14.8321 10.3657 4.5
      vertex 14.1033 9.52024 2
      vertex 14.9943 9.97423 4.5
    endloop
  endfacet
  facet normal 0.70633 -0.603242 0.370401
    outer loop
      vertex 19.3092 9.29081 4.5
      vertex 19.9902 8.96478 2.6704
      vertex 19.9902 9.12397 2.92966
    endloop
  endfacet
  facet normal 0.706317 -0.603259 0.370399
    outer loop
      vertex 19.3092 9.29081 4.5
      vertex 19.9902 8.8402 2.4675
      vertex 19.9902 8.96478 2.6704
    endloop
  endfacet
  facet normal 0.706756 -0.602726 0.370428
    outer loop
      vertex 19.3092 9.29081 4.5
      vertex 19.9951 8.77855 2.35784
      vertex 19.9902 8.8402 2.4675
    endloop
  endfacet
  facet normal 0.70621 -0.603377 0.370409
    outer loop
      vertex 19.9951 8.77855 2.35784
      vertex 19.3092 9.29081 4.5
      vertex 20.0099 8.59012 2.02268
    endloop
  endfacet
  facet normal -0.858137 0.35553 0.370404
    outer loop
      vertex 14.9943 12.4258 4.5
      vertex 14.1033 12.8798 2
      vertex 14.8321 12.0343 4.5
    endloop
  endfacet
  facet normal 0.355399 -0.858193 0.3704
    outer loop
      vertex 18.6258 8.79428 4.5
      vertex 18.2343 8.63215 4.5
      vertex 19.0798 7.90328 2
    endloop
  endfacet
  facet normal 0.926228 0.0721016 0.370004
    outer loop
      vertex 20.0749 11.6237 4.47947
      vertex 20.0668 11.6224 4.5
      vertex 20.0694 11.589 4.5
    endloop
  endfacet
  facet normal 0.85835 -0.355645 0.3698
    outer loop
      vertex 19.8057 9.97423 4.5
      vertex 19.9948 10.3344 4.40746
      vertex 19.9679 10.3657 4.5
    endloop
  endfacet
  facet normal 0.858117 -0.355298 0.370673
    outer loop
      vertex 19.9948 10.3344 4.40746
      vertex 19.8057 9.97423 4.5
      vertex 19.9866 10.2296 4.32599
    endloop
  endfacet
  facet normal 0.858142 -0.355461 0.37046
    outer loop
      vertex 19.8057 9.97423 4.5
      vertex 19.9866 9.9458 4.05368
      vertex 19.9866 10.2296 4.32599
    endloop
  endfacet
  facet normal 0.858121 -0.355516 0.370455
    outer loop
      vertex 19.9866 9.9458 4.05368
      vertex 19.8057 9.97423 4.5
      vertex 19.9866 9.88207 3.99252
    endloop
  endfacet
  facet normal -0.858159 0.355486 0.370396
    outer loop
      vertex 14.1033 12.8798 2
      vertex 13.8811 12.3434 2
      vertex 14.8321 12.0343 4.5
    endloop
  endfacet
  facet normal 0.903173 -0.216913 0.370443
    outer loop
      vertex 19.9966 10.4852 4.5
      vertex 19.9679 10.3657 4.5
      vertex 19.9966 10.3724 4.43395
    endloop
  endfacet
  facet normal -0.903229 0.216769 0.37039
    outer loop
      vertex 13.8811 12.3434 2
      vertex 13.7456 11.7788 2
      vertex 14.8321 12.0343 4.5
    endloop
  endfacet
  facet normal -0.216769 0.903229 0.37039
    outer loop
      vertex 16.8212 14.8544 2
      vertex 16.2566 14.7189 2
      vertex 16.5657 13.7679 4.5
    endloop
  endfacet
  facet normal -0.216876 -0.903199 0.3704
    outer loop
      vertex 16.8 8.57589 4.5
      vertex 16.5657 8.63215 4.5
      vertex 16.8 7.63567 2.20733
    endloop
  endfacet
  facet normal -1 0 0
    outer loop
      vertex 16.8 5 4
      vertex 16.8 8.57589 4.5
      vertex 16.8 7.63567 2.20733
    endloop
  endfacet
  facet normal -1 0 0
    outer loop
      vertex 16.8 5 2
      vertex 16.8 7.63567 2.20733
      vertex 16.8 7.55064 2
    endloop
  endfacet
  facet normal -1 -0 0
    outer loop
      vertex 16.8 7.63567 2.20733
      vertex 16.8 5 2
      vertex 16.8 5 4
    endloop
  endfacet
  facet normal -1 -0 0
    outer loop
      vertex 16.8 8.57589 4.5
      vertex 16.8 5 4
      vertex 16.8 8.57589 13.3434
    endloop
  endfacet
  facet normal -4.44777e-05 -0.933938 0.357435
    outer loop
      vertex 16.9776 8.53324 13.232
      vertex 16.8 5 4
      vertex 17.4 8.5 13.1452
    endloop
  endfacet
  facet normal -7.9844e-05 -0.933938 0.357435
    outer loop
      vertex 16.8 5 4
      vertex 16.9776 8.53324 13.232
      vertex 16.8 8.57589 13.3434
    endloop
  endfacet
  facet normal 0 -0.933939 0.357432
    outer loop
      vertex 18 5 4
      vertex 17.4 8.5 13.1452
      vertex 16.8 5 4
    endloop
  endfacet
  facet normal 4.44777e-05 -0.933938 0.357435
    outer loop
      vertex 17.4 8.5 13.1452
      vertex 18 5 4
      vertex 17.8224 8.53324 13.232
    endloop
  endfacet
  facet normal 7.9844e-05 -0.933938 0.357435
    outer loop
      vertex 17.8224 8.53324 13.232
      vertex 18 5 4
      vertex 18 8.57589 13.3434
    endloop
  endfacet
  facet normal 0 -1 0
    outer loop
      vertex 16.8 5 2
      vertex 18 5 4
      vertex 16.8 5 4
    endloop
  endfacet
  facet normal 0 -1 -0
    outer loop
      vertex 18 5 4
      vertex 16.8 5 2
      vertex 18 5 2
    endloop
  endfacet
  facet normal 1 0 0
    outer loop
      vertex 18 5 4
      vertex 18 8.57589 4.5
      vertex 18 8.57589 13.3434
    endloop
  endfacet
  facet normal 1 0 0
    outer loop
      vertex 18 8.57589 4.5
      vertex 18 5 4
      vertex 18 7.63567 2.20733
    endloop
  endfacet
  facet normal 1 0 0
    outer loop
      vertex 18 5 2
      vertex 18 7.63567 2.20733
      vertex 18 5 4
    endloop
  endfacet
  facet normal 1 0 0
    outer loop
      vertex 18 7.63567 2.20733
      vertex 18 5 2
      vertex 18 7.55064 2
    endloop
  endfacet
  facet normal 0.923822 0 -0.382823
    outer loop
      vertex 15.9278 11.05 18.35
      vertex 15.7579 9.06267 17.94
      vertex 15.7579 11.05 17.94
    endloop
  endfacet
  facet normal 0.923759 3.68011e-05 -0.382975
    outer loop
      vertex 15.9278 11.05 18.35
      vertex 15.813 9.01565 18.0729
      vertex 15.7579 9.06267 17.94
    endloop
  endfacet
  facet normal 0.923854 0 -0.382744
    outer loop
      vertex 15.813 9.01565 18.0729
      vertex 15.9278 11.05 18.35
      vertex 15.9278 8.94532 18.35
    endloop
  endfacet
  facet normal -0.923822 0 0.382823
    outer loop
      vertex 18.8722 11.05 16.65
      vertex 19.0421 9.06267 17.06
      vertex 19.0421 11.05 17.06
    endloop
  endfacet
  facet normal -0.923759 3.68011e-05 0.382975
    outer loop
      vertex 18.8722 11.05 16.65
      vertex 18.987 9.01565 16.9271
      vertex 19.0421 9.06267 17.06
    endloop
  endfacet
  facet normal -0.923854 0 0.382744
    outer loop
      vertex 18.987 9.01565 16.9271
      vertex 18.8722 11.05 16.65
      vertex 18.8722 8.94532 16.65
    endloop
  endfacet
  facet normal -0.991453 0 0.130466
    outer loop
      vertex 19.0421 11.05 17.06
      vertex 19.1 9.11215 17.5
      vertex 19.1 11.05 17.5
    endloop
  endfacet
  facet normal -0.991453 0 0.130466
    outer loop
      vertex 19.1 9.11215 17.5
      vertex 19.0421 11.05 17.06
      vertex 19.0421 9.06267 17.06
    endloop
  endfacet
  facet normal -0.793436 0 0.608654
    outer loop
      vertex 18.6021 11.05 16.2979
      vertex 18.8722 8.94532 16.65
      vertex 18.8722 11.05 16.65
    endloop
  endfacet
  facet normal -0.793432 1.43626e-06 0.608659
    outer loop
      vertex 18.6021 11.05 16.2979
      vertex 18.6258 8.79428 16.3288
      vertex 18.8722 8.94532 16.65
    endloop
  endfacet
  facet normal -0.793482 0 0.608593
    outer loop
      vertex 18.6258 8.79428 16.3288
      vertex 18.6021 11.05 16.2979
      vertex 18.6021 8.78447 16.2979
    endloop
  endfacet
  facet normal -0.608654 0 0.793436
    outer loop
      vertex 18.25 11.05 16.0278
      vertex 18.6021 8.78447 16.2979
      vertex 18.6021 11.05 16.2979
    endloop
  endfacet
  facet normal -0.608654 0 0.793436
    outer loop
      vertex 18.6021 8.78447 16.2979
      vertex 18.25 11.05 16.0278
      vertex 18.25 8.63863 16.0278
    endloop
  endfacet
  facet normal -0.130466 0 0.991453
    outer loop
      vertex 17.4 11.05 15.8
      vertex 17.84 8.53747 15.8579
      vertex 17.84 11.05 15.8579
    endloop
  endfacet
  facet normal -0.129616 0.000151483 0.991564
    outer loop
      vertex 17.84 8.53747 15.8579
      vertex 17.4 11.05 15.8
      vertex 17.8224 8.53324 15.8556
    endloop
  endfacet
  facet normal -0.130503 0 0.991448
    outer loop
      vertex 17.8224 8.53324 15.8556
      vertex 17.4 11.05 15.8
      vertex 17.4 8.5 15.8
    endloop
  endfacet
  facet normal 0.991453 -0 0.130466
    outer loop
      vertex 15.7 9.11215 17.5
      vertex 15.7579 11.05 17.06
      vertex 15.7 11.05 17.5
    endloop
  endfacet
  facet normal 0.991453 0 0.130466
    outer loop
      vertex 15.7579 11.05 17.06
      vertex 15.7 9.11215 17.5
      vertex 15.7579 9.06267 17.06
    endloop
  endfacet
  facet normal 0.382835 0 -0.923817
    outer loop
      vertex 16.5657 8.63215 18.9787
      vertex 16.96 11.05 19.1421
      vertex 16.96 8.53747 19.1421
    endloop
  endfacet
  facet normal 0.382545 5.54153e-05 -0.923937
    outer loop
      vertex 16.55 8.63863 18.9722
      vertex 16.96 11.05 19.1421
      vertex 16.5657 8.63215 18.9787
    endloop
  endfacet
  facet normal 0.382823 0 -0.923822
    outer loop
      vertex 16.96 11.05 19.1421
      vertex 16.55 8.63863 18.9722
      vertex 16.55 11.05 18.9722
    endloop
  endfacet
  facet normal -0.382545 5.54153e-05 -0.923937
    outer loop
      vertex 17.84 11.05 19.1421
      vertex 18.25 8.63863 18.9722
      vertex 18.2343 8.63215 18.9787
    endloop
  endfacet
  facet normal -0.382835 -0 -0.923817
    outer loop
      vertex 17.84 11.05 19.1421
      vertex 18.2343 8.63215 18.9787
      vertex 17.84 8.53747 19.1421
    endloop
  endfacet
  facet normal -0.382823 0 -0.923822
    outer loop
      vertex 18.25 8.63863 18.9722
      vertex 17.84 11.05 19.1421
      vertex 18.25 11.05 18.9722
    endloop
  endfacet
  facet normal 0.382835 0 0.923817
    outer loop
      vertex 16.96 11.05 15.8579
      vertex 16.5657 8.63215 16.0213
      vertex 16.96 8.53747 15.8579
    endloop
  endfacet
  facet normal 0.382823 -0 0.923822
    outer loop
      vertex 16.55 8.63863 16.0278
      vertex 16.96 11.05 15.8579
      vertex 16.55 11.05 16.0278
    endloop
  endfacet
  facet normal 0.382545 5.54153e-05 0.923937
    outer loop
      vertex 16.96 11.05 15.8579
      vertex 16.55 8.63863 16.0278
      vertex 16.5657 8.63215 16.0213
    endloop
  endfacet
  facet normal 0.793436 -0 0.608654
    outer loop
      vertex 15.9278 8.94532 16.65
      vertex 16.1979 11.05 16.2979
      vertex 15.9278 11.05 16.65
    endloop
  endfacet
  facet normal 0.793432 1.43626e-06 0.608659
    outer loop
      vertex 16.1742 8.79428 16.3288
      vertex 16.1979 11.05 16.2979
      vertex 15.9278 8.94532 16.65
    endloop
  endfacet
  facet normal 0.793482 0 0.608593
    outer loop
      vertex 16.1979 11.05 16.2979
      vertex 16.1742 8.79428 16.3288
      vertex 16.1979 8.78447 16.2979
    endloop
  endfacet
  facet normal 0.608654 -0 0.793436
    outer loop
      vertex 16.1979 8.78447 16.2979
      vertex 16.55 11.05 16.0278
      vertex 16.1979 11.05 16.2979
    endloop
  endfacet
  facet normal 0.608654 0 0.793436
    outer loop
      vertex 16.55 11.05 16.0278
      vertex 16.1979 8.78447 16.2979
      vertex 16.55 8.63863 16.0278
    endloop
  endfacet
  facet normal 0 -1 0
    outer loop
      vertex 16.96 11.05 19.1421
      vertex 17.84 11.05 19.1421
      vertex 17.4 11.05 19.2
    endloop
  endfacet
  facet normal 0 -1 0
    outer loop
      vertex 16.55 11.05 18.9722
      vertex 17.84 11.05 19.1421
      vertex 16.96 11.05 19.1421
    endloop
  endfacet
  facet normal 0 -1 0
    outer loop
      vertex 16.55 11.05 18.9722
      vertex 18.25 11.05 18.9722
      vertex 17.84 11.05 19.1421
    endloop
  endfacet
  facet normal 0 -1 0
    outer loop
      vertex 16.1979 11.05 18.7021
      vertex 18.25 11.05 18.9722
      vertex 16.55 11.05 18.9722
    endloop
  endfacet
  facet normal 0 -1 0
    outer loop
      vertex 16.1979 11.05 18.7021
      vertex 18.6021 11.05 18.7021
      vertex 18.25 11.05 18.9722
    endloop
  endfacet
  facet normal 0 -1 0
    outer loop
      vertex 15.9278 11.05 18.35
      vertex 18.6021 11.05 18.7021
      vertex 16.1979 11.05 18.7021
    endloop
  endfacet
  facet normal 0 -1 0
    outer loop
      vertex 15.9278 11.05 18.35
      vertex 18.8722 11.05 18.35
      vertex 18.6021 11.05 18.7021
    endloop
  endfacet
  facet normal 0 -1 0
    outer loop
      vertex 15.7579 11.05 17.94
      vertex 18.8722 11.05 18.35
      vertex 15.9278 11.05 18.35
    endloop
  endfacet
  facet normal 0 -1 0
    outer loop
      vertex 15.7579 11.05 17.94
      vertex 19.0421 11.05 17.94
      vertex 18.8722 11.05 18.35
    endloop
  endfacet
  facet normal 0 -1 0
    outer loop
      vertex 15.7 11.05 17.5
      vertex 19.0421 11.05 17.94
      vertex 15.7579 11.05 17.94
    endloop
  endfacet
  facet normal 0 -1 0
    outer loop
      vertex 15.7 11.05 17.5
      vertex 19.1 11.05 17.5
      vertex 19.0421 11.05 17.94
    endloop
  endfacet
  facet normal 0 -1 0
    outer loop
      vertex 15.7579 11.05 17.06
      vertex 19.1 11.05 17.5
      vertex 15.7 11.05 17.5
    endloop
  endfacet
  facet normal 0 -1 0
    outer loop
      vertex 15.7579 11.05 17.06
      vertex 19.0421 11.05 17.06
      vertex 19.1 11.05 17.5
    endloop
  endfacet
  facet normal 0 -1 0
    outer loop
      vertex 15.9278 11.05 16.65
      vertex 19.0421 11.05 17.06
      vertex 15.7579 11.05 17.06
    endloop
  endfacet
  facet normal 0 -1 0
    outer loop
      vertex 15.9278 11.05 16.65
      vertex 18.8722 11.05 16.65
      vertex 19.0421 11.05 17.06
    endloop
  endfacet
  facet normal 0 -1 0
    outer loop
      vertex 16.1979 11.05 16.2979
      vertex 18.8722 11.05 16.65
      vertex 15.9278 11.05 16.65
    endloop
  endfacet
  facet normal 0 -1 0
    outer loop
      vertex 16.1979 11.05 16.2979
      vertex 18.6021 11.05 16.2979
      vertex 18.8722 11.05 16.65
    endloop
  endfacet
  facet normal 0 -1 0
    outer loop
      vertex 16.55 11.05 16.0278
      vertex 18.6021 11.05 16.2979
      vertex 16.1979 11.05 16.2979
    endloop
  endfacet
  facet normal 0 -1 0
    outer loop
      vertex 16.55 11.05 16.0278
      vertex 18.25 11.05 16.0278
      vertex 18.6021 11.05 16.2979
    endloop
  endfacet
  facet normal 0 -1 0
    outer loop
      vertex 16.96 11.05 15.8579
      vertex 18.25 11.05 16.0278
      vertex 16.55 11.05 16.0278
    endloop
  endfacet
  facet normal 0 -1 0
    outer loop
      vertex 16.96 11.05 15.8579
      vertex 17.84 11.05 15.8579
      vertex 18.25 11.05 16.0278
    endloop
  endfacet
  facet normal -0 -1 0
    outer loop
      vertex 17.84 11.05 15.8579
      vertex 16.96 11.05 15.8579
      vertex 17.4 11.05 15.8
    endloop
  endfacet
  facet normal -0.991453 0 -0.130466
    outer loop
      vertex 19.1 9.11215 17.5
      vertex 19.0421 11.05 17.94
      vertex 19.1 11.05 17.5
    endloop
  endfacet
  facet normal -0.991453 -0 -0.130466
    outer loop
      vertex 19.0421 11.05 17.94
      vertex 19.1 9.11215 17.5
      vertex 19.0421 9.06267 17.94
    endloop
  endfacet
  facet normal 0.793436 0 -0.608654
    outer loop
      vertex 16.1979 11.05 18.7021
      vertex 15.9278 8.94532 18.35
      vertex 15.9278 11.05 18.35
    endloop
  endfacet
  facet normal 0.793432 1.43626e-06 -0.608659
    outer loop
      vertex 16.1979 11.05 18.7021
      vertex 16.1742 8.79428 18.6712
      vertex 15.9278 8.94532 18.35
    endloop
  endfacet
  facet normal 0.793482 0 -0.608593
    outer loop
      vertex 16.1742 8.79428 18.6712
      vertex 16.1979 11.05 18.7021
      vertex 16.1979 8.78447 18.7021
    endloop
  endfacet
  facet normal -0.382823 0 0.923822
    outer loop
      vertex 17.84 11.05 15.8579
      vertex 18.25 8.63863 16.0278
      vertex 18.25 11.05 16.0278
    endloop
  endfacet
  facet normal -0.382545 5.54153e-05 0.923937
    outer loop
      vertex 18.25 8.63863 16.0278
      vertex 17.84 11.05 15.8579
      vertex 18.2343 8.63215 16.0213
    endloop
  endfacet
  facet normal -0.382835 0 0.923817
    outer loop
      vertex 18.2343 8.63215 16.0213
      vertex 17.84 11.05 15.8579
      vertex 17.84 8.53747 15.8579
    endloop
  endfacet
  facet normal 0.130503 0 0.991448
    outer loop
      vertex 17.4 11.05 15.8
      vertex 16.9776 8.53324 15.8556
      vertex 17.4 8.5 15.8
    endloop
  endfacet
  facet normal 0.130466 -0 0.991453
    outer loop
      vertex 16.96 8.53747 15.8579
      vertex 17.4 11.05 15.8
      vertex 16.96 11.05 15.8579
    endloop
  endfacet
  facet normal 0.129616 0.000151483 0.991564
    outer loop
      vertex 17.4 11.05 15.8
      vertex 16.96 8.53747 15.8579
      vertex 16.9776 8.53324 15.8556
    endloop
  endfacet
  facet normal -0.793436 0 -0.608654
    outer loop
      vertex 18.8722 8.94532 18.35
      vertex 18.6021 11.05 18.7021
      vertex 18.8722 11.05 18.35
    endloop
  endfacet
  facet normal -0.793432 1.43626e-06 -0.608659
    outer loop
      vertex 18.6258 8.79428 18.6712
      vertex 18.6021 11.05 18.7021
      vertex 18.8722 8.94532 18.35
    endloop
  endfacet
  facet normal -0.793482 -0 -0.608593
    outer loop
      vertex 18.6021 11.05 18.7021
      vertex 18.6258 8.79428 18.6712
      vertex 18.6021 8.78447 18.7021
    endloop
  endfacet
  facet normal 0.923822 -0 0.382823
    outer loop
      vertex 15.7579 9.06267 17.06
      vertex 15.9278 11.05 16.65
      vertex 15.7579 11.05 17.06
    endloop
  endfacet
  facet normal 0.923759 3.68011e-05 0.382975
    outer loop
      vertex 15.813 9.01565 16.9271
      vertex 15.9278 11.05 16.65
      vertex 15.7579 9.06267 17.06
    endloop
  endfacet
  facet normal 0.923854 0 0.382744
    outer loop
      vertex 15.9278 11.05 16.65
      vertex 15.813 9.01565 16.9271
      vertex 15.9278 8.94532 16.65
    endloop
  endfacet
  facet normal -0.129616 0.000151483 -0.991564
    outer loop
      vertex 17.4 11.05 19.2
      vertex 17.84 8.53747 19.1421
      vertex 17.8224 8.53324 19.1444
    endloop
  endfacet
  facet normal -0.130503 -0 -0.991448
    outer loop
      vertex 17.4 11.05 19.2
      vertex 17.8224 8.53324 19.1444
      vertex 17.4 8.5 19.2
    endloop
  endfacet
  facet normal -0.130466 0 -0.991453
    outer loop
      vertex 17.84 8.53747 19.1421
      vertex 17.4 11.05 19.2
      vertex 17.84 11.05 19.1421
    endloop
  endfacet
  facet normal 0.608654 0 -0.793436
    outer loop
      vertex 16.1979 8.78447 18.7021
      vertex 16.55 11.05 18.9722
      vertex 16.55 8.63863 18.9722
    endloop
  endfacet
  facet normal 0.608654 0 -0.793436
    outer loop
      vertex 16.55 11.05 18.9722
      vertex 16.1979 8.78447 18.7021
      vertex 16.1979 11.05 18.7021
    endloop
  endfacet
  facet normal 0.991453 0 -0.130466
    outer loop
      vertex 15.7579 11.05 17.94
      vertex 15.7 9.11215 17.5
      vertex 15.7 11.05 17.5
    endloop
  endfacet
  facet normal 0.991453 0 -0.130466
    outer loop
      vertex 15.7 9.11215 17.5
      vertex 15.7579 11.05 17.94
      vertex 15.7579 9.06267 17.94
    endloop
  endfacet
  facet normal -0.608654 -0 -0.793436
    outer loop
      vertex 18.25 11.05 18.9722
      vertex 18.6021 8.78447 18.7021
      vertex 18.25 8.63863 18.9722
    endloop
  endfacet
  facet normal -0.608654 0 -0.793436
    outer loop
      vertex 18.6021 8.78447 18.7021
      vertex 18.25 11.05 18.9722
      vertex 18.6021 11.05 18.7021
    endloop
  endfacet
  facet normal -0.923822 0 -0.382823
    outer loop
      vertex 19.0421 9.06267 17.94
      vertex 18.8722 11.05 18.35
      vertex 19.0421 11.05 17.94
    endloop
  endfacet
  facet normal -0.923759 3.68011e-05 -0.382975
    outer loop
      vertex 18.987 9.01565 18.0729
      vertex 18.8722 11.05 18.35
      vertex 19.0421 9.06267 17.94
    endloop
  endfacet
  facet normal -0.923854 -0 -0.382744
    outer loop
      vertex 18.8722 11.05 18.35
      vertex 18.987 9.01565 18.0729
      vertex 18.8722 8.94532 18.35
    endloop
  endfacet
  facet normal 0.130503 0 -0.991448
    outer loop
      vertex 16.9776 8.53324 19.1444
      vertex 17.4 11.05 19.2
      vertex 17.4 8.5 19.2
    endloop
  endfacet
  facet normal 0.129616 0.000151483 -0.991564
    outer loop
      vertex 16.96 8.53747 19.1421
      vertex 17.4 11.05 19.2
      vertex 16.9776 8.53324 19.1444
    endloop
  endfacet
  facet normal 0.130466 0 -0.991453
    outer loop
      vertex 17.4 11.05 19.2
      vertex 16.96 8.53747 19.1421
      vertex 16.96 11.05 19.1421
    endloop
  endfacet
  facet normal 0.0784506 -0.996918 0
    outer loop
      vertex 51.4 8.5 19.2
      vertex 51.8224 8.53324 20.2
      vertex 51.4 8.5 20.2
    endloop
  endfacet
  facet normal 0.0784506 -0.996918 0
    outer loop
      vertex 51.8224 8.53324 20.2
      vertex 51.4 8.5 19.2
      vertex 51.8224 8.53324 19.1444
    endloop
  endfacet
  facet normal 0.0784506 -0.996918 0
    outer loop
      vertex 51.4 8.5 15.8
      vertex 51.8224 8.53324 13.232
      vertex 51.8224 8.53324 15.8556
    endloop
  endfacet
  facet normal 0.0784506 -0.996918 0
    outer loop
      vertex 51.8224 8.53324 13.232
      vertex 51.4 8.5 15.8
      vertex 51.4 8.5 13.1452
    endloop
  endfacet
  facet normal 0.972364 0.233471 0
    outer loop
      vertex 54.0668 11.6224 20.2
      vertex 53.9679 12.0343 4.5
      vertex 53.9679 12.0343 20.2
    endloop
  endfacet
  facet normal 0.972364 0.233471 0
    outer loop
      vertex 53.9679 12.0343 4.5
      vertex 54.0668 11.6224 20.2
      vertex 54.0668 11.6224 4.5
    endloop
  endfacet
  facet normal 0.996925 0.0783568 0
    outer loop
      vertex 54.1 11.2 20.2
      vertex 54.0668 11.6224 4.5
      vertex 54.0668 11.6224 20.2
    endloop
  endfacet
  facet normal 0.996925 0.0783568 0
    outer loop
      vertex 54.0668 11.6224 4.5
      vertex 54.1 11.2 20.2
      vertex 54.1 11.2 4.5
    endloop
  endfacet
  facet normal 0.92385 0.382755 0
    outer loop
      vertex 53.9679 12.0343 20.2
      vertex 53.8057 12.4258 4.5
      vertex 53.8057 12.4258 20.2
    endloop
  endfacet
  facet normal 0.92385 0.382755 0
    outer loop
      vertex 53.8057 12.4258 4.5
      vertex 53.9679 12.0343 20.2
      vertex 53.9679 12.0343 4.5
    endloop
  endfacet
  facet normal 0.522544 -0.852612 0
    outer loop
      vertex 52.6258 8.79428 18.6712
      vertex 52.987 9.01565 20.2
      vertex 52.6258 8.79428 20.2
    endloop
  endfacet
  facet normal 0.522597 -0.85258 -1.74422e-05
    outer loop
      vertex 52.8722 8.94532 18.35
      vertex 52.987 9.01565 20.2
      vertex 52.6258 8.79428 18.6712
    endloop
  endfacet
  facet normal 0.522393 -0.852705 0
    outer loop
      vertex 52.987 9.01565 20.2
      vertex 52.8722 8.94532 18.35
      vertex 52.987 9.01565 18.0729
    endloop
  endfacet
  facet normal 0.522544 -0.852612 0
    outer loop
      vertex 52.987 9.01565 4.5
      vertex 52.6258 8.79428 16.3288
      vertex 52.6258 8.79428 4.5
    endloop
  endfacet
  facet normal 0.522611 -0.852571 2.83568e-06
    outer loop
      vertex 52.6258 8.79428 16.3288
      vertex 52.987 9.01565 4.5
      vertex 52.8722 8.94532 16.65
    endloop
  endfacet
  facet normal 0.522393 -0.852705 0
    outer loop
      vertex 52.8722 8.94532 16.65
      vertex 52.987 9.01565 4.5
      vertex 52.987 9.01565 16.9271
    endloop
  endfacet
  facet normal 0.852581 0.522595 0
    outer loop
      vertex 53.8057 12.4258 20.2
      vertex 53.5843 12.787 4.5
      vertex 53.5843 12.787 20.2
    endloop
  endfacet
  facet normal 0.852581 0.522595 0
    outer loop
      vertex 53.5843 12.787 4.5
      vertex 53.8057 12.4258 20.2
      vertex 53.8057 12.4258 4.5
    endloop
  endfacet
  facet normal 0.760505 0.649332 0
    outer loop
      vertex 53.5843 12.787 20.2
      vertex 53.3092 13.1092 4.5
      vertex 53.3092 13.1092 20.2
    endloop
  endfacet
  facet normal 0.760505 0.649332 0
    outer loop
      vertex 53.3092 13.1092 4.5
      vertex 53.5843 12.787 20.2
      vertex 53.5843 12.787 4.5
    endloop
  endfacet
  facet normal -0.996984 0.0776095 0
    outer loop
      vertex 48.7306 11.589 6
      vertex 48.7332 11.6224 4.5
      vertex 48.7306 11.589 4.5
    endloop
  endfacet
  facet normal -0.996984 0.0776095 0
    outer loop
      vertex 48.7332 11.6224 4.5
      vertex 48.7306 11.589 6
      vertex 48.7332 11.6224 20.2
    endloop
  endfacet
  facet normal -0.99692 0.078421 -1.92028e-06
    outer loop
      vertex 48.7 11.2 6
      vertex 48.7332 11.6224 20.2
      vertex 48.7306 11.589 6
    endloop
  endfacet
  facet normal -0.996925 0.0783568 0
    outer loop
      vertex 48.7332 11.6224 20.2
      vertex 48.7 11.2 6
      vertex 48.7 11.2 20.2
    endloop
  endfacet
  facet normal 0.233686 -0.972312 0
    outer loop
      vertex 51.84 8.53747 19.1421
      vertex 51.8224 8.53324 20.2
      vertex 51.8224 8.53324 19.1444
    endloop
  endfacet
  facet normal 0.233493 -0.972358 -3.39406e-06
    outer loop
      vertex 51.8224 8.53324 20.2
      vertex 51.84 8.53747 19.1421
      vertex 52.2343 8.63215 20.2
    endloop
  endfacet
  facet normal 0.233485 -0.97236 0
    outer loop
      vertex 52.2343 8.63215 20.2
      vertex 51.84 8.53747 19.1421
      vertex 52.2343 8.63215 18.9787
    endloop
  endfacet
  facet normal 0.233508 -0.972355 0
    outer loop
      vertex 51.8224 8.53324 15.8556
      vertex 51.8224 8.53324 13.232
      vertex 52 8.57589 13.3434
    endloop
  endfacet
  facet normal 0.233685 -0.972312 1.3248e-05
    outer loop
      vertex 52 8.57589 13.3434
      vertex 51.84 8.53747 15.8579
      vertex 51.8224 8.53324 15.8556
    endloop
  endfacet
  facet normal 0.233485 -0.97236 -1.9684e-07
    outer loop
      vertex 52 8.57589 13.3434
      vertex 52.2343 8.63215 16.0213
      vertex 51.84 8.53747 15.8579
    endloop
  endfacet
  facet normal 0.233483 -0.972361 0
    outer loop
      vertex 52.2343 8.63215 4.5
      vertex 52 8.57589 13.3434
      vertex 52 8.57589 4.5
    endloop
  endfacet
  facet normal 0.233483 -0.972361 0
    outer loop
      vertex 52 8.57589 13.3434
      vertex 52.2343 8.63215 4.5
      vertex 52.2343 8.63215 16.0213
    endloop
  endfacet
  facet normal -0.852613 -0.522543 0
    outer loop
      vertex 49.2157 9.61298 4.5
      vertex 48.9943 9.97423 20.2
      vertex 48.9943 9.97423 4.5
    endloop
  endfacet
  facet normal -0.852613 -0.522543 0
    outer loop
      vertex 48.9943 9.97423 20.2
      vertex 49.2157 9.61298 4.5
      vertex 49.2157 9.61298 20.2
    endloop
  endfacet
  facet normal -0.92384 -0.38278 0
    outer loop
      vertex 48.9943 9.97423 4.5
      vertex 48.8321 10.3657 20.2
      vertex 48.8321 10.3657 4.5
    endloop
  endfacet
  facet normal -0.92384 -0.38278 0
    outer loop
      vertex 48.8321 10.3657 20.2
      vertex 48.9943 9.97423 4.5
      vertex 48.9943 9.97423 20.2
    endloop
  endfacet
  facet normal 0.522595 0.852581 -0
    outer loop
      vertex 52.987 13.3843 4.5
      vertex 52.6258 13.6057 20.2
      vertex 52.987 13.3843 20.2
    endloop
  endfacet
  facet normal 0.522595 0.852581 0
    outer loop
      vertex 52.6258 13.6057 20.2
      vertex 52.987 13.3843 4.5
      vertex 52.6258 13.6057 4.5
    endloop
  endfacet
  facet normal -0.760505 0.649332 0
    outer loop
      vertex 49.2157 12.787 4.5
      vertex 49.4908 13.1092 20.2
      vertex 49.4908 13.1092 4.5
    endloop
  endfacet
  facet normal -0.760505 0.649332 0
    outer loop
      vertex 49.4908 13.1092 20.2
      vertex 49.2157 12.787 4.5
      vertex 49.2157 12.787 20.2
    endloop
  endfacet
  facet normal -0.996925 -0.0783568 0
    outer loop
      vertex 48.7332 10.7776 6
      vertex 48.7 11.2 20.2
      vertex 48.7 11.2 6
    endloop
  endfacet
  facet normal -0.996925 -0.0783568 0
    outer loop
      vertex 48.7 11.2 20.2
      vertex 48.7332 10.7776 6
      vertex 48.7332 10.7776 20.2
    endloop
  endfacet
  facet normal 0.760475 -0.649367 0
    outer loop
      vertex 53.3092 9.29081 20.2
      vertex 53.5843 9.61298 4.5
      vertex 53.5843 9.61298 20.2
    endloop
  endfacet
  facet normal 0.760475 -0.649367 0
    outer loop
      vertex 53.5843 9.61298 4.5
      vertex 53.3092 9.29081 20.2
      vertex 53.3092 9.29081 4.5
    endloop
  endfacet
  facet normal 0.852613 -0.522543 0
    outer loop
      vertex 53.5843 9.61298 20.2
      vertex 53.8057 9.97423 4.5
      vertex 53.8057 9.97423 20.2
    endloop
  endfacet
  facet normal 0.852613 -0.522543 0
    outer loop
      vertex 53.8057 9.97423 4.5
      vertex 53.5843 9.61298 20.2
      vertex 53.5843 9.61298 4.5
    endloop
  endfacet
  facet normal -0.233493 -0.972358 -3.39406e-06
    outer loop
      vertex 50.96 8.53747 19.1421
      vertex 50.9776 8.53324 20.2
      vertex 50.5657 8.63215 20.2
    endloop
  endfacet
  facet normal -0.233686 -0.972312 -0
    outer loop
      vertex 50.9776 8.53324 20.2
      vertex 50.96 8.53747 19.1421
      vertex 50.9776 8.53324 19.1444
    endloop
  endfacet
  facet normal -0.233485 -0.97236 0
    outer loop
      vertex 50.96 8.53747 19.1421
      vertex 50.5657 8.63215 20.2
      vertex 50.5657 8.63215 18.9787
    endloop
  endfacet
  facet normal -0.233685 -0.972312 1.3248e-05
    outer loop
      vertex 50.96 8.53747 15.8579
      vertex 50.8 8.57589 13.3434
      vertex 50.9776 8.53324 15.8556
    endloop
  endfacet
  facet normal -0.233485 -0.97236 -1.9684e-07
    outer loop
      vertex 50.5657 8.63215 16.0213
      vertex 50.8 8.57589 13.3434
      vertex 50.96 8.53747 15.8579
    endloop
  endfacet
  facet normal -0.233483 -0.972361 0
    outer loop
      vertex 50.5657 8.63215 4.5
      vertex 50.8 8.57589 13.3434
      vertex 50.5657 8.63215 16.0213
    endloop
  endfacet
  facet normal -0.233483 -0.972361 -0
    outer loop
      vertex 50.8 8.57589 13.3434
      vertex 50.5657 8.63215 4.5
      vertex 50.8 8.57589 4.5
    endloop
  endfacet
  facet normal -0.233508 -0.972355 -0
    outer loop
      vertex 50.9776 8.53324 15.8556
      vertex 50.8 8.57589 13.3434
      vertex 50.9776 8.53324 13.232
    endloop
  endfacet
  facet normal 0 0 1
    outer loop
      vertex 54.0668 11.6224 20.2
      vertex 54.0668 10.7776 20.2
      vertex 54.1 11.2 20.2
    endloop
  endfacet
  facet normal 0 0 1
    outer loop
      vertex 53.9679 12.0343 20.2
      vertex 54.0668 10.7776 20.2
      vertex 54.0668 11.6224 20.2
    endloop
  endfacet
  facet normal 0 0 1
    outer loop
      vertex 53.9679 12.0343 20.2
      vertex 53.9679 10.3657 20.2
      vertex 54.0668 10.7776 20.2
    endloop
  endfacet
  facet normal 0 0 1
    outer loop
      vertex 53.8057 12.4258 20.2
      vertex 53.9679 10.3657 20.2
      vertex 53.9679 12.0343 20.2
    endloop
  endfacet
  facet normal 0 0 1
    outer loop
      vertex 53.8057 12.4258 20.2
      vertex 53.8057 9.97423 20.2
      vertex 53.9679 10.3657 20.2
    endloop
  endfacet
  facet normal 0 0 1
    outer loop
      vertex 53.5843 12.787 20.2
      vertex 53.8057 9.97423 20.2
      vertex 53.8057 12.4258 20.2
    endloop
  endfacet
  facet normal 0 0 1
    outer loop
      vertex 53.5843 12.787 20.2
      vertex 53.5843 9.61298 20.2
      vertex 53.8057 9.97423 20.2
    endloop
  endfacet
  facet normal 0 0 1
    outer loop
      vertex 53.3092 13.1092 20.2
      vertex 53.5843 9.61298 20.2
      vertex 53.5843 12.787 20.2
    endloop
  endfacet
  facet normal 0 0 1
    outer loop
      vertex 53.3092 13.1092 20.2
      vertex 53.3092 9.29081 20.2
      vertex 53.5843 9.61298 20.2
    endloop
  endfacet
  facet normal 0 0 1
    outer loop
      vertex 52.987 13.3843 20.2
      vertex 53.3092 9.29081 20.2
      vertex 53.3092 13.1092 20.2
    endloop
  endfacet
  facet normal 0 0 1
    outer loop
      vertex 52.987 13.3843 20.2
      vertex 52.987 9.01565 20.2
      vertex 53.3092 9.29081 20.2
    endloop
  endfacet
  facet normal 0 0 1
    outer loop
      vertex 52.6258 13.6057 20.2
      vertex 52.987 9.01565 20.2
      vertex 52.987 13.3843 20.2
    endloop
  endfacet
  facet normal 0 0 1
    outer loop
      vertex 52.6258 13.6057 20.2
      vertex 52.6258 8.79428 20.2
      vertex 52.987 9.01565 20.2
    endloop
  endfacet
  facet normal 0 0 1
    outer loop
      vertex 52.2343 13.7679 20.2
      vertex 52.6258 8.79428 20.2
      vertex 52.6258 13.6057 20.2
    endloop
  endfacet
  facet normal 0 0 1
    outer loop
      vertex 52.2343 13.7679 20.2
      vertex 52.2343 8.63215 20.2
      vertex 52.6258 8.79428 20.2
    endloop
  endfacet
  facet normal 0 0 1
    outer loop
      vertex 51.8224 13.8668 20.2
      vertex 52.2343 8.63215 20.2
      vertex 52.2343 13.7679 20.2
    endloop
  endfacet
  facet normal 0 0 1
    outer loop
      vertex 51.8224 13.8668 20.2
      vertex 51.8224 8.53324 20.2
      vertex 52.2343 8.63215 20.2
    endloop
  endfacet
  facet normal 0 0 1
    outer loop
      vertex 51.4 13.9 20.2
      vertex 51.8224 8.53324 20.2
      vertex 51.8224 13.8668 20.2
    endloop
  endfacet
  facet normal 0 0 1
    outer loop
      vertex 51.4 13.9 20.2
      vertex 51.4 8.5 20.2
      vertex 51.8224 8.53324 20.2
    endloop
  endfacet
  facet normal -0 0 1
    outer loop
      vertex 50.9776 13.8668 20.2
      vertex 51.4 8.5 20.2
      vertex 51.4 13.9 20.2
    endloop
  endfacet
  facet normal 0 0 1
    outer loop
      vertex 50.9776 13.8668 20.2
      vertex 50.9776 8.53324 20.2
      vertex 51.4 8.5 20.2
    endloop
  endfacet
  facet normal -0 0 1
    outer loop
      vertex 50.5657 13.7679 20.2
      vertex 50.9776 8.53324 20.2
      vertex 50.9776 13.8668 20.2
    endloop
  endfacet
  facet normal 0 0 1
    outer loop
      vertex 50.5657 13.7679 20.2
      vertex 50.5657 8.63215 20.2
      vertex 50.9776 8.53324 20.2
    endloop
  endfacet
  facet normal -0 0 1
    outer loop
      vertex 50.1742 13.6057 20.2
      vertex 50.5657 8.63215 20.2
      vertex 50.5657 13.7679 20.2
    endloop
  endfacet
  facet normal 0 0 1
    outer loop
      vertex 50.1742 13.6057 20.2
      vertex 50.1742 8.79428 20.2
      vertex 50.5657 8.63215 20.2
    endloop
  endfacet
  facet normal -0 0 1
    outer loop
      vertex 49.813 13.3843 20.2
      vertex 50.1742 8.79428 20.2
      vertex 50.1742 13.6057 20.2
    endloop
  endfacet
  facet normal 0 0 1
    outer loop
      vertex 49.813 13.3843 20.2
      vertex 49.813 9.01565 20.2
      vertex 50.1742 8.79428 20.2
    endloop
  endfacet
  facet normal -0 0 1
    outer loop
      vertex 49.4908 13.1092 20.2
      vertex 49.813 9.01565 20.2
      vertex 49.813 13.3843 20.2
    endloop
  endfacet
  facet normal 0 0 1
    outer loop
      vertex 49.4908 13.1092 20.2
      vertex 49.4908 9.29081 20.2
      vertex 49.813 9.01565 20.2
    endloop
  endfacet
  facet normal -0 0 1
    outer loop
      vertex 49.2157 12.787 20.2
      vertex 49.4908 9.29081 20.2
      vertex 49.4908 13.1092 20.2
    endloop
  endfacet
  facet normal 0 0 1
    outer loop
      vertex 49.2157 12.787 20.2
      vertex 49.2157 9.61298 20.2
      vertex 49.4908 9.29081 20.2
    endloop
  endfacet
  facet normal -0 0 1
    outer loop
      vertex 48.9943 12.4258 20.2
      vertex 49.2157 9.61298 20.2
      vertex 49.2157 12.787 20.2
    endloop
  endfacet
  facet normal 0 0 1
    outer loop
      vertex 48.9943 12.4258 20.2
      vertex 48.9943 9.97423 20.2
      vertex 49.2157 9.61298 20.2
    endloop
  endfacet
  facet normal -0 0 1
    outer loop
      vertex 48.8321 12.0343 20.2
      vertex 48.9943 9.97423 20.2
      vertex 48.9943 12.4258 20.2
    endloop
  endfacet
  facet normal 0 0 1
    outer loop
      vertex 48.8321 12.0343 20.2
      vertex 48.8321 10.3657 20.2
      vertex 48.9943 9.97423 20.2
    endloop
  endfacet
  facet normal -0 0 1
    outer loop
      vertex 48.7332 11.6224 20.2
      vertex 48.8321 10.3657 20.2
      vertex 48.8321 12.0343 20.2
    endloop
  endfacet
  facet normal 0 0 1
    outer loop
      vertex 48.7332 11.6224 20.2
      vertex 48.7332 10.7776 20.2
      vertex 48.8321 10.3657 20.2
    endloop
  endfacet
  facet normal 0 -0 1
    outer loop
      vertex 48.7332 10.7776 20.2
      vertex 48.7332 11.6224 20.2
      vertex 48.7 11.2 20.2
    endloop
  endfacet
  facet normal -0.97235 -0.233527 0
    outer loop
      vertex 48.8034 10.4852 4.5
      vertex 48.8321 10.3657 4.5
      vertex 48.8034 10.4852 6
    endloop
  endfacet
  facet normal -0.972369 -0.233448 0
    outer loop
      vertex 48.8034 10.4852 6
      vertex 48.7332 10.7776 20.2
      vertex 48.7332 10.7776 6
    endloop
  endfacet
  facet normal -0.97235 -0.233527 -0
    outer loop
      vertex 48.8321 10.3657 20.2
      vertex 48.8034 10.4852 6
      vertex 48.8321 10.3657 4.5
    endloop
  endfacet
  facet normal -0.972364 -0.233471 4.9541e-07
    outer loop
      vertex 48.8034 10.4852 6
      vertex 48.8321 10.3657 20.2
      vertex 48.7332 10.7776 20.2
    endloop
  endfacet
  facet normal -0.382614 -0.923908 0
    outer loop
      vertex 50.1742 8.79428 20.2
      vertex 50.5657 8.63215 18.9787
      vertex 50.5657 8.63215 20.2
    endloop
  endfacet
  facet normal -0.381648 -0.924308 0.00036263
    outer loop
      vertex 50.1742 8.79428 20.2
      vertex 50.55 8.63863 18.9722
      vertex 50.5657 8.63215 18.9787
    endloop
  endfacet
  facet normal -0.382671 -0.923885 -3.9928e-06
    outer loop
      vertex 50.1742 8.79428 20.2
      vertex 50.1979 8.78447 18.7021
      vertex 50.55 8.63863 18.9722
    endloop
  endfacet
  facet normal -0.382455 -0.923974 0
    outer loop
      vertex 50.1979 8.78447 18.7021
      vertex 50.1742 8.79428 20.2
      vertex 50.1742 8.79428 18.6712
    endloop
  endfacet
  facet normal -0.382455 -0.923974 0
    outer loop
      vertex 50.1742 8.79428 4.5
      vertex 50.1979 8.78447 16.2979
      vertex 50.1742 8.79428 16.3288
    endloop
  endfacet
  facet normal -0.382673 -0.923884 5.12301e-07
    outer loop
      vertex 50.1742 8.79428 4.5
      vertex 50.55 8.63863 16.0278
      vertex 50.1979 8.78447 16.2979
    endloop
  endfacet
  facet normal -0.381535 -0.924354 -4.29399e-05
    outer loop
      vertex 50.1742 8.79428 4.5
      vertex 50.5657 8.63215 16.0213
      vertex 50.55 8.63863 16.0278
    endloop
  endfacet
  facet normal -0.382614 -0.923908 -0
    outer loop
      vertex 50.5657 8.63215 16.0213
      vertex 50.1742 8.79428 4.5
      vertex 50.5657 8.63215 4.5
    endloop
  endfacet
  facet normal 0.996925 -0.0783568 0
    outer loop
      vertex 54.0668 10.7776 20.2
      vertex 54.1 11.2 4.5
      vertex 54.1 11.2 20.2
    endloop
  endfacet
  facet normal 0.996925 -0.0783568 0
    outer loop
      vertex 54.1 11.2 4.5
      vertex 54.0668 10.7776 20.2
      vertex 54.0668 10.7776 4.5
    endloop
  endfacet
  facet normal 0.972364 -0.233471 0
    outer loop
      vertex 53.9679 10.3657 20.2
      vertex 54.0668 10.7776 4.5
      vertex 54.0668 10.7776 20.2
    endloop
  endfacet
  facet normal 0.972364 -0.233471 0
    outer loop
      vertex 54.0668 10.7776 4.5
      vertex 53.9679 10.3657 20.2
      vertex 53.9679 10.3657 4.5
    endloop
  endfacet
  facet normal -0.649332 0.760505 0
    outer loop
      vertex 49.813 13.3843 4.5
      vertex 49.4908 13.1092 20.2
      vertex 49.813 13.3843 20.2
    endloop
  endfacet
  facet normal -0.649332 0.760505 0
    outer loop
      vertex 49.4908 13.1092 20.2
      vertex 49.813 13.3843 4.5
      vertex 49.4908 13.1092 4.5
    endloop
  endfacet
  facet normal -0.382755 0.92385 0
    outer loop
      vertex 50.5657 13.7679 4.5
      vertex 50.1742 13.6057 20.2
      vertex 50.5657 13.7679 20.2
    endloop
  endfacet
  facet normal -0.382755 0.92385 0
    outer loop
      vertex 50.1742 13.6057 20.2
      vertex 50.5657 13.7679 4.5
      vertex 50.1742 13.6057 4.5
    endloop
  endfacet
  facet normal 0.649332 0.760505 -0
    outer loop
      vertex 53.3092 13.1092 4.5
      vertex 52.987 13.3843 20.2
      vertex 53.3092 13.1092 20.2
    endloop
  endfacet
  facet normal 0.649332 0.760505 0
    outer loop
      vertex 52.987 13.3843 20.2
      vertex 53.3092 13.1092 4.5
      vertex 52.987 13.3843 4.5
    endloop
  endfacet
  facet normal -0.852581 0.522595 0
    outer loop
      vertex 48.9943 12.4258 4.5
      vertex 49.2157 12.787 20.2
      vertex 49.2157 12.787 4.5
    endloop
  endfacet
  facet normal -0.852581 0.522595 0
    outer loop
      vertex 49.2157 12.787 20.2
      vertex 48.9943 12.4258 4.5
      vertex 48.9943 12.4258 20.2
    endloop
  endfacet
  facet normal -0.92385 0.382755 0
    outer loop
      vertex 48.8321 12.0343 4.5
      vertex 48.9943 12.4258 20.2
      vertex 48.9943 12.4258 4.5
    endloop
  endfacet
  facet normal -0.92385 0.382755 0
    outer loop
      vertex 48.9943 12.4258 20.2
      vertex 48.8321 12.0343 4.5
      vertex 48.8321 12.0343 20.2
    endloop
  endfacet
  facet normal -0.233471 0.972364 0
    outer loop
      vertex 50.9776 13.8668 4.5
      vertex 50.5657 13.7679 20.2
      vertex 50.9776 13.8668 20.2
    endloop
  endfacet
  facet normal -0.233471 0.972364 0
    outer loop
      vertex 50.5657 13.7679 20.2
      vertex 50.9776 13.8668 4.5
      vertex 50.5657 13.7679 4.5
    endloop
  endfacet
  facet normal -0.0783568 0.996925 0
    outer loop
      vertex 51.4 13.9 4.5
      vertex 50.9776 13.8668 20.2
      vertex 51.4 13.9 20.2
    endloop
  endfacet
  facet normal -0.0783568 0.996925 0
    outer loop
      vertex 50.9776 13.8668 20.2
      vertex 51.4 13.9 4.5
      vertex 50.9776 13.8668 4.5
    endloop
  endfacet
  facet normal -0.649414 -0.760435 0
    outer loop
      vertex 49.4908 9.29081 20.2
      vertex 49.813 9.01565 18.0729
      vertex 49.813 9.01565 20.2
    endloop
  endfacet
  facet normal -0.649206 -0.760613 5.45279e-05
    outer loop
      vertex 49.4908 9.29081 20.2
      vertex 49.7579 9.06267 17.94
      vertex 49.813 9.01565 18.0729
    endloop
  endfacet
  facet normal -0.649575 -0.760298 -2.08213e-05
    outer loop
      vertex 49.4908 9.29081 20.2
      vertex 49.7 9.11215 17.5
      vertex 49.7579 9.06267 17.94
    endloop
  endfacet
  facet normal -0.649419 -0.760431 0
    outer loop
      vertex 49.4908 9.29081 4.5
      vertex 49.7 9.11215 17.5
      vertex 49.4908 9.29081 20.2
    endloop
  endfacet
  facet normal -0.649639 -0.760243 6.12155e-06
    outer loop
      vertex 49.4908 9.29081 4.5
      vertex 49.7579 9.06267 17.06
      vertex 49.7 9.11215 17.5
    endloop
  endfacet
  facet normal -0.649147 -0.760663 -1.19941e-05
    outer loop
      vertex 49.4908 9.29081 4.5
      vertex 49.813 9.01565 16.9271
      vertex 49.7579 9.06267 17.06
    endloop
  endfacet
  facet normal -0.649414 -0.760435 -0
    outer loop
      vertex 49.813 9.01565 16.9271
      vertex 49.4908 9.29081 4.5
      vertex 49.813 9.01565 4.5
    endloop
  endfacet
  facet normal 0.0783568 0.996925 -0
    outer loop
      vertex 51.8224 13.8668 4.5
      vertex 51.4 13.9 20.2
      vertex 51.8224 13.8668 20.2
    endloop
  endfacet
  facet normal 0.0783568 0.996925 0
    outer loop
      vertex 51.4 13.9 20.2
      vertex 51.8224 13.8668 4.5
      vertex 51.4 13.9 4.5
    endloop
  endfacet
  facet normal -0.760475 -0.649367 0
    outer loop
      vertex 49.4908 9.29081 4.5
      vertex 49.2157 9.61298 20.2
      vertex 49.2157 9.61298 4.5
    endloop
  endfacet
  facet normal -0.760475 -0.649367 0
    outer loop
      vertex 49.2157 9.61298 20.2
      vertex 49.4908 9.29081 4.5
      vertex 49.4908 9.29081 20.2
    endloop
  endfacet
  facet normal 0.649414 -0.760435 0
    outer loop
      vertex 52.987 9.01565 18.0729
      vertex 53.3092 9.29081 20.2
      vertex 52.987 9.01565 20.2
    endloop
  endfacet
  facet normal 0.649206 -0.760613 5.45279e-05
    outer loop
      vertex 53.0421 9.06267 17.94
      vertex 53.3092 9.29081 20.2
      vertex 52.987 9.01565 18.0729
    endloop
  endfacet
  facet normal 0.649575 -0.760298 -2.08213e-05
    outer loop
      vertex 53.1 9.11215 17.5
      vertex 53.3092 9.29081 20.2
      vertex 53.0421 9.06267 17.94
    endloop
  endfacet
  facet normal 0.649414 -0.760435 0
    outer loop
      vertex 53.3092 9.29081 4.5
      vertex 52.987 9.01565 16.9271
      vertex 52.987 9.01565 4.5
    endloop
  endfacet
  facet normal 0.649147 -0.760663 -1.19941e-05
    outer loop
      vertex 52.987 9.01565 16.9271
      vertex 53.3092 9.29081 4.5
      vertex 53.0421 9.06267 17.06
    endloop
  endfacet
  facet normal 0.649639 -0.760243 6.12155e-06
    outer loop
      vertex 53.0421 9.06267 17.06
      vertex 53.3092 9.29081 4.5
      vertex 53.1 9.11215 17.5
    endloop
  endfacet
  facet normal 0.649419 -0.760431 0
    outer loop
      vertex 53.1 9.11215 17.5
      vertex 53.3092 9.29081 4.5
      vertex 53.3092 9.29081 20.2
    endloop
  endfacet
  facet normal 0.382755 0.92385 -0
    outer loop
      vertex 52.6258 13.6057 4.5
      vertex 52.2343 13.7679 20.2
      vertex 52.6258 13.6057 20.2
    endloop
  endfacet
  facet normal 0.382755 0.92385 0
    outer loop
      vertex 52.2343 13.7679 20.2
      vertex 52.6258 13.6057 4.5
      vertex 52.2343 13.7679 4.5
    endloop
  endfacet
  facet normal -0.972364 0.233471 0
    outer loop
      vertex 48.7332 11.6224 4.5
      vertex 48.8321 12.0343 20.2
      vertex 48.8321 12.0343 4.5
    endloop
  endfacet
  facet normal -0.972364 0.233471 0
    outer loop
      vertex 48.8321 12.0343 20.2
      vertex 48.7332 11.6224 4.5
      vertex 48.7332 11.6224 20.2
    endloop
  endfacet
  facet normal 0.233471 0.972364 -0
    outer loop
      vertex 52.2343 13.7679 4.5
      vertex 51.8224 13.8668 20.2
      vertex 52.2343 13.7679 20.2
    endloop
  endfacet
  facet normal 0.233471 0.972364 0
    outer loop
      vertex 51.8224 13.8668 20.2
      vertex 52.2343 13.7679 4.5
      vertex 51.8224 13.8668 4.5
    endloop
  endfacet
  facet normal 0.92384 -0.38278 0
    outer loop
      vertex 53.8057 9.97423 20.2
      vertex 53.9679 10.3657 4.5
      vertex 53.9679 10.3657 20.2
    endloop
  endfacet
  facet normal 0.92384 -0.38278 0
    outer loop
      vertex 53.9679 10.3657 4.5
      vertex 53.8057 9.97423 20.2
      vertex 53.8057 9.97423 4.5
    endloop
  endfacet
  facet normal 0.382614 -0.923908 0
    outer loop
      vertex 52.2343 8.63215 18.9787
      vertex 52.6258 8.79428 20.2
      vertex 52.2343 8.63215 20.2
    endloop
  endfacet
  facet normal 0.381648 -0.924308 0.00036263
    outer loop
      vertex 52.25 8.63863 18.9722
      vertex 52.6258 8.79428 20.2
      vertex 52.2343 8.63215 18.9787
    endloop
  endfacet
  facet normal 0.382671 -0.923885 -3.9928e-06
    outer loop
      vertex 52.6021 8.78447 18.7021
      vertex 52.6258 8.79428 20.2
      vertex 52.25 8.63863 18.9722
    endloop
  endfacet
  facet normal 0.382455 -0.923974 0
    outer loop
      vertex 52.6258 8.79428 20.2
      vertex 52.6021 8.78447 18.7021
      vertex 52.6258 8.79428 18.6712
    endloop
  endfacet
  facet normal 0.382614 -0.923908 0
    outer loop
      vertex 52.6258 8.79428 4.5
      vertex 52.2343 8.63215 16.0213
      vertex 52.2343 8.63215 4.5
    endloop
  endfacet
  facet normal 0.381535 -0.924354 -4.29399e-05
    outer loop
      vertex 52.2343 8.63215 16.0213
      vertex 52.6258 8.79428 4.5
      vertex 52.25 8.63863 16.0278
    endloop
  endfacet
  facet normal 0.382673 -0.923884 5.12301e-07
    outer loop
      vertex 52.25 8.63863 16.0278
      vertex 52.6258 8.79428 4.5
      vertex 52.6021 8.78447 16.2979
    endloop
  endfacet
  facet normal 0.382455 -0.923974 0
    outer loop
      vertex 52.6021 8.78447 16.2979
      vertex 52.6258 8.79428 4.5
      vertex 52.6258 8.79428 16.3288
    endloop
  endfacet
  facet normal -0.522595 0.852581 0
    outer loop
      vertex 50.1742 13.6057 4.5
      vertex 49.813 13.3843 20.2
      vertex 50.1742 13.6057 20.2
    endloop
  endfacet
  facet normal -0.522595 0.852581 0
    outer loop
      vertex 49.813 13.3843 20.2
      vertex 50.1742 13.6057 4.5
      vertex 49.813 13.3843 4.5
    endloop
  endfacet
  facet normal -0.0784506 -0.996918 0
    outer loop
      vertex 50.9776 8.53324 20.2
      vertex 51.4 8.5 19.2
      vertex 51.4 8.5 20.2
    endloop
  endfacet
  facet normal -0.0784506 -0.996918 0
    outer loop
      vertex 51.4 8.5 19.2
      vertex 50.9776 8.53324 20.2
      vertex 50.9776 8.53324 19.1444
    endloop
  endfacet
  facet normal -0.0784506 -0.996918 0
    outer loop
      vertex 50.9776 8.53324 13.232
      vertex 51.4 8.5 15.8
      vertex 50.9776 8.53324 15.8556
    endloop
  endfacet
  facet normal -0.0784506 -0.996918 -0
    outer loop
      vertex 51.4 8.5 15.8
      vertex 50.9776 8.53324 13.232
      vertex 51.4 8.5 13.1452
    endloop
  endfacet
  facet normal -0.522544 -0.852612 0
    outer loop
      vertex 49.813 9.01565 20.2
      vertex 50.1742 8.79428 18.6712
      vertex 50.1742 8.79428 20.2
    endloop
  endfacet
  facet normal -0.522597 -0.85258 -1.74422e-05
    outer loop
      vertex 49.813 9.01565 20.2
      vertex 49.9278 8.94532 18.35
      vertex 50.1742 8.79428 18.6712
    endloop
  endfacet
  facet normal -0.522393 -0.852705 0
    outer loop
      vertex 49.9278 8.94532 18.35
      vertex 49.813 9.01565 20.2
      vertex 49.813 9.01565 18.0729
    endloop
  endfacet
  facet normal -0.522393 -0.852705 0
    outer loop
      vertex 49.813 9.01565 4.5
      vertex 49.9278 8.94532 16.65
      vertex 49.813 9.01565 16.9271
    endloop
  endfacet
  facet normal -0.522611 -0.852571 2.83568e-06
    outer loop
      vertex 49.813 9.01565 4.5
      vertex 50.1742 8.79428 16.3288
      vertex 49.9278 8.94532 16.65
    endloop
  endfacet
  facet normal -0.522544 -0.852612 -0
    outer loop
      vertex 50.1742 8.79428 16.3288
      vertex 49.813 9.01565 4.5
      vertex 50.1742 8.79428 4.5
    endloop
  endfacet
  facet normal 0.926003 0.0729539 0.370401
    outer loop
      vertex 55.0544 11.7788 2
      vertex 54.1 11.2 4.5
      vertex 55.1 11.2 2
    endloop
  endfacet
  facet normal 0.603238 -0.706333 0.370402
    outer loop
      vertex 54.0163 8.5837 2
      vertex 53.3092 9.29081 4.5
      vertex 53.5748 8.20664 2
    endloop
  endfacet
  facet normal -0.706375 -0.603172 0.37043
    outer loop
      vertex 48.8098 9.31811 3.24585
      vertex 49.4908 9.29081 4.5
      vertex 49.2157 9.61298 4.5
    endloop
  endfacet
  facet normal -0.70632 -0.603256 0.370398
    outer loop
      vertex 49.4908 9.29081 4.5
      vertex 48.8098 9.31811 3.24585
      vertex 48.8098 9.12397 2.92966
    endloop
  endfacet
  facet normal 0.35547 -0.858158 0.370414
    outer loop
      vertex 53.0798 7.90328 2
      vertex 52.2343 8.63215 4.5
      vertex 52.5434 7.68109 2
    endloop
  endfacet
  facet normal -0.355486 0.858159 0.370396
    outer loop
      vertex 50.2566 14.7189 2
      vertex 49.7202 14.4967 2
      vertex 50.5657 13.7679 4.5
    endloop
  endfacet
  facet normal -0.79197 0.485362 0.370414
    outer loop
      vertex 48.5701 12.9005 2.97094
      vertex 49.2157 12.787 4.5
      vertex 48.5065 13.3023 2.30847
    endloop
  endfacet
  facet normal -0.792197 0.484942 0.370478
    outer loop
      vertex 49.2157 12.787 4.5
      vertex 48.5701 12.9005 2.97094
      vertex 48.5797 12.84 3.07066
    endloop
  endfacet
  facet normal -0.706409 0.603208 0.370306
    outer loop
      vertex 48.4997 13.352 2.21455
      vertex 48.7837 13.8163 2
      vertex 48.4821 13.4631 2
    endloop
  endfacet
  facet normal -0.706353 0.603216 0.370399
    outer loop
      vertex 48.7837 13.8163 2
      vertex 48.4997 13.352 2.21455
      vertex 49.4908 13.1092 4.5
    endloop
  endfacet
  facet normal 0.355486 0.858159 0.370396
    outer loop
      vertex 52.5434 14.7189 2
      vertex 52.2343 13.7679 4.5
      vertex 53.0798 14.4967 2
    endloop
  endfacet
  facet normal 0.216867 0.903213 0.370372
    outer loop
      vertex 51.9788 14.8544 2
      vertex 51.8224 13.8668 4.5
      vertex 52.2343 13.7679 4.5
    endloop
  endfacet
  facet normal 0.85815 -0.355509 0.370395
    outer loop
      vertex 54.9189 10.0566 2
      vertex 53.9679 10.3657 4.5
      vertex 54.6967 9.52024 2
    endloop
  endfacet
  facet normal -0.603221 -0.706345 0.370406
    outer loop
      vertex 49.4908 9.29081 4.5
      vertex 49.2252 8.20664 2
      vertex 49.813 9.01565 4.5
    endloop
  endfacet
  facet normal -0.485361 -0.791976 0.370405
    outer loop
      vertex 49.813 9.01565 4.5
      vertex 49.2252 8.20664 2
      vertex 49.7202 7.90328 2
    endloop
  endfacet
  facet normal -0.903201 0.216891 0.370386
    outer loop
      vertex 48.7037 11.8955 4.26817
      vertex 48.8321 12.0343 4.5
      vertex 48.6871 12.0002 4.16638
    endloop
  endfacet
  facet normal -0.903199 0.216379 0.370691
    outer loop
      vertex 48.707 11.8537 4.30061
      vertex 48.8321 12.0343 4.5
      vertex 48.7037 11.8955 4.26817
    endloop
  endfacet
  facet normal -0.90334 0.216746 0.370133
    outer loop
      vertex 48.7332 11.6224 4.5
      vertex 48.707 11.8537 4.30061
      vertex 48.7251 11.6237 4.47947
    endloop
  endfacet
  facet normal -0.903251 0.216877 0.370273
    outer loop
      vertex 48.707 11.8537 4.30061
      vertex 48.7332 11.6224 4.5
      vertex 48.8321 12.0343 4.5
    endloop
  endfacet
  facet normal 0.485361 -0.791976 0.370405
    outer loop
      vertex 53.5748 8.20664 2
      vertex 52.987 9.01565 4.5
      vertex 53.0798 7.90328 2
    endloop
  endfacet
  facet normal -0.485424 0.791939 0.3704
    outer loop
      vertex 50.1742 13.6057 4.5
      vertex 49.7202 14.4967 2
      vertex 49.813 13.3843 4.5
    endloop
  endfacet
  facet normal 0.792011 0.485287 0.370427
    outer loop
      vertex 54.3934 13.3748 2
      vertex 53.5843 12.787 4.5
      vertex 54.6967 12.8798 2
    endloop
  endfacet
  facet normal -0.791753 -0.486113 0.369894
    outer loop
      vertex 49.2157 9.61298 4.5
      vertex 48.8134 9.88207 3.99252
      vertex 48.8162 9.84724 3.95274
    endloop
  endfacet
  facet normal -0.791952 -0.485365 0.370449
    outer loop
      vertex 48.8134 9.88207 3.99252
      vertex 49.2157 9.61298 4.5
      vertex 48.9943 9.97423 4.5
    endloop
  endfacet
  facet normal -0.791995 -0.485328 0.370407
    outer loop
      vertex 48.8162 9.60589 3.63651
      vertex 49.2157 9.61298 4.5
      vertex 48.8162 9.84724 3.95274
    endloop
  endfacet
  facet normal -0.791966 -0.485383 0.370395
    outer loop
      vertex 49.2157 9.61298 4.5
      vertex 48.8162 9.60589 3.63651
      vertex 48.8162 9.57967 3.60215
    endloop
  endfacet
  facet normal -0.79184 0.485628 0.370345
    outer loop
      vertex 48.5948 12.7448 3.22778
      vertex 49.2157 12.787 4.5
      vertex 48.5797 12.84 3.07066
    endloop
  endfacet
  facet normal -0.791902 0.485501 0.370379
    outer loop
      vertex 48.6042 12.6245 3.40557
      vertex 49.2157 12.787 4.5
      vertex 48.5948 12.7448 3.22778
    endloop
  endfacet
  facet normal -0.791936 0.485422 0.37041
    outer loop
      vertex 49.2157 12.787 4.5
      vertex 48.6042 12.6245 3.40557
      vertex 48.9943 12.4258 4.5
    endloop
  endfacet
  facet normal 0.706377 -0.603173 0.370425
    outer loop
      vertex 53.5843 9.61298 4.5
      vertex 53.3092 9.29081 4.5
      vertex 54.3934 9.0252 2
    endloop
  endfacet
  facet normal 0.79203 -0.485259 0.370423
    outer loop
      vertex 54.6967 9.52024 2
      vertex 53.5843 9.61298 4.5
      vertex 54.3934 9.0252 2
    endloop
  endfacet
  facet normal 0.706403 0.603139 0.37043
    outer loop
      vertex 54.3934 13.3748 2
      vertex 53.3092 13.1092 4.5
      vertex 53.5843 12.787 4.5
    endloop
  endfacet
  facet normal -0.603276 0.706301 0.370401
    outer loop
      vertex 49.2252 14.1934 2
      vertex 48.7837 13.8163 2
      vertex 49.4908 13.1092 4.5
    endloop
  endfacet
  facet normal 0.216769 0.903229 0.37039
    outer loop
      vertex 52.5434 14.7189 2
      vertex 51.9788 14.8544 2
      vertex 52.2343 13.7679 4.5
    endloop
  endfacet
  facet normal 0.485287 0.792011 0.370427
    outer loop
      vertex 53.0798 14.4967 2
      vertex 52.987 13.3843 4.5
      vertex 53.5748 14.1934 2
    endloop
  endfacet
  facet normal 0.903229 0.216769 0.37039
    outer loop
      vertex 54.9189 12.3434 2
      vertex 53.9679 12.0343 4.5
      vertex 55.0544 11.7788 2
    endloop
  endfacet
  facet normal -0.355399 -0.858193 0.3704
    outer loop
      vertex 50.1742 8.79428 4.5
      vertex 49.7202 7.90328 2
      vertex 50.5657 8.63215 4.5
    endloop
  endfacet
  facet normal 0.926003 -0.0729539 0.370401
    outer loop
      vertex 55.1 11.2 2
      vertex 54.1 11.2 4.5
      vertex 55.0544 10.6212 2
    endloop
  endfacet
  facet normal 0.858159 0.355486 0.370396
    outer loop
      vertex 54.6967 12.8798 2
      vertex 53.9679 12.0343 4.5
      vertex 54.9189 12.3434 2
    endloop
  endfacet
  facet normal 0.791969 -0.485375 0.3704
    outer loop
      vertex 53.8057 9.97423 4.5
      vertex 53.5843 9.61298 4.5
      vertex 54.6967 9.52024 2
    endloop
  endfacet
  facet normal 0.603139 0.706403 0.37043
    outer loop
      vertex 53.5748 14.1934 2
      vertex 52.987 13.3843 4.5
      vertex 53.3092 13.1092 4.5
    endloop
  endfacet
  facet normal 0.216825 -0.903203 0.370421
    outer loop
      vertex 52.5434 7.68109 2
      vertex 52 7.63567 2.20733
      vertex 52 7.55064 2
    endloop
  endfacet
  facet normal 0.216821 -0.903208 0.37041
    outer loop
      vertex 52 7.63567 2.20733
      vertex 52.5434 7.68109 2
      vertex 52.2343 8.63215 4.5
    endloop
  endfacet
  facet normal 0.0729539 0.926003 0.370401
    outer loop
      vertex 51.4 14.9 2
      vertex 51.4 13.9 4.5
      vertex 51.9788 14.8544 2
    endloop
  endfacet
  facet normal -0.485287 0.792011 0.370427
    outer loop
      vertex 49.7202 14.4967 2
      vertex 49.2252 14.1934 2
      vertex 49.813 13.3843 4.5
    endloop
  endfacet
  facet normal 0.903229 -0.216769 0.37039
    outer loop
      vertex 55.0544 10.6212 2
      vertex 53.9679 10.3657 4.5
      vertex 54.9189 10.0566 2
    endloop
  endfacet
  facet normal -0.216867 0.903213 0.370372
    outer loop
      vertex 50.8212 14.8544 2
      vertex 50.5657 13.7679 4.5
      vertex 50.9776 13.8668 4.5
    endloop
  endfacet
  facet normal 0.485376 -0.791968 0.370402
    outer loop
      vertex 52.987 9.01565 4.5
      vertex 52.6258 8.79428 4.5
      vertex 53.0798 7.90328 2
    endloop
  endfacet
  facet normal 0.35553 0.858137 0.370404
    outer loop
      vertex 53.0798 14.4967 2
      vertex 52.2343 13.7679 4.5
      vertex 52.6258 13.6057 4.5
    endloop
  endfacet
  facet normal -0.0727844 0.926028 0.370371
    outer loop
      vertex 51.4 13.9 4.5
      vertex 50.8212 14.8544 2
      vertex 50.9776 13.8668 4.5
    endloop
  endfacet
  facet normal -0.791988 -0.485342 0.370403
    outer loop
      vertex 48.8162 9.39885 3.36522
      vertex 49.2157 9.61298 4.5
      vertex 48.8162 9.57967 3.60215
    endloop
  endfacet
  facet normal -0.792292 -0.484836 0.370414
    outer loop
      vertex 49.2157 9.61298 4.5
      vertex 48.8162 9.39885 3.36522
      vertex 48.8098 9.31811 3.24585
    endloop
  endfacet
  facet normal -0.485376 -0.791968 0.370402
    outer loop
      vertex 49.813 9.01565 4.5
      vertex 49.7202 7.90328 2
      vertex 50.1742 8.79428 4.5
    endloop
  endfacet
  facet normal -0.903199 -0.216759 0.37047
    outer loop
      vertex 48.8034 10.3724 4.43395
      vertex 48.8034 10.3563 4.42453
      vertex 48.8321 10.3657 4.5
    endloop
  endfacet
  facet normal 0.706301 0.603276 0.370401
    outer loop
      vertex 54.0163 13.8163 2
      vertex 53.3092 13.1092 4.5
      vertex 54.3934 13.3748 2
    endloop
  endfacet
  facet normal -0.35553 0.858137 0.370404
    outer loop
      vertex 50.5657 13.7679 4.5
      vertex 49.7202 14.4967 2
      vertex 50.1742 13.6057 4.5
    endloop
  endfacet
  facet normal 0.0727844 0.926028 0.370371
    outer loop
      vertex 51.9788 14.8544 2
      vertex 51.4 13.9 4.5
      vertex 51.8224 13.8668 4.5
    endloop
  endfacet
  facet normal 0.903213 0.216867 0.370372
    outer loop
      vertex 55.0544 11.7788 2
      vertex 53.9679 12.0343 4.5
      vertex 54.0668 11.6224 4.5
    endloop
  endfacet
  facet normal 0.603276 0.706301 0.370401
    outer loop
      vertex 53.5748 14.1934 2
      vertex 53.3092 13.1092 4.5
      vertex 54.0163 13.8163 2
    endloop
  endfacet
  facet normal -0.603139 0.706403 0.37043
    outer loop
      vertex 49.813 13.3843 4.5
      vertex 49.2252 14.1934 2
      vertex 49.4908 13.1092 4.5
    endloop
  endfacet
  facet normal 0.485424 0.791939 0.3704
    outer loop
      vertex 53.0798 14.4967 2
      vertex 52.6258 13.6057 4.5
      vertex 52.987 13.3843 4.5
    endloop
  endfacet
  facet normal -0.0729539 0.926003 0.370401
    outer loop
      vertex 51.4 14.9 2
      vertex 50.8212 14.8544 2
      vertex 51.4 13.9 4.5
    endloop
  endfacet
  facet normal -0.70633 -0.603242 0.370401
    outer loop
      vertex 48.8098 8.96478 2.6704
      vertex 49.4908 9.29081 4.5
      vertex 48.8098 9.12397 2.92966
    endloop
  endfacet
  facet normal -0.706317 -0.603259 0.370399
    outer loop
      vertex 48.8098 8.8402 2.4675
      vertex 49.4908 9.29081 4.5
      vertex 48.8098 8.96478 2.6704
    endloop
  endfacet
  facet normal -0.705841 -0.603835 0.370367
    outer loop
      vertex 48.805 8.77855 2.35784
      vertex 49.4908 9.29081 4.5
      vertex 48.8098 8.8402 2.4675
    endloop
  endfacet
  facet normal -0.706587 -0.602945 0.370394
    outer loop
      vertex 49.4908 9.29081 4.5
      vertex 48.805 8.77855 2.35784
      vertex 48.7901 8.59012 2.02268
    endloop
  endfacet
  facet normal -0.216821 -0.903208 0.37041
    outer loop
      vertex 50.2566 7.68109 2
      vertex 50.8 7.63567 2.20733
      vertex 50.5657 8.63215 4.5
    endloop
  endfacet
  facet normal -0.216825 -0.903203 0.370421
    outer loop
      vertex 50.8 7.63567 2.20733
      vertex 50.2566 7.68109 2
      vertex 50.8 7.55064 2
    endloop
  endfacet
  facet normal -0.856584 -0.359176 0.370481
    outer loop
      vertex 48.8321 10.3657 4.5
      vertex 48.8034 10.3563 4.42453
      vertex 48.8052 10.3344 4.40746
    endloop
  endfacet
  facet normal 0.858137 0.35553 0.370404
    outer loop
      vertex 54.6967 12.8798 2
      vertex 53.8057 12.4258 4.5
      vertex 53.9679 12.0343 4.5
    endloop
  endfacet
  facet normal 0.791939 0.485424 0.3704
    outer loop
      vertex 54.6967 12.8798 2
      vertex 53.5843 12.787 4.5
      vertex 53.8057 12.4258 4.5
    endloop
  endfacet
  facet normal -0.903173 -0.216913 0.370443
    outer loop
      vertex 48.8034 10.4852 4.5
      vertex 48.8034 10.3724 4.43395
      vertex 48.8321 10.3657 4.5
    endloop
  endfacet
  facet normal 0.216876 -0.903199 0.3704
    outer loop
      vertex 52 8.57589 4.5
      vertex 52 7.63567 2.20733
      vertex 52.2343 8.63215 4.5
    endloop
  endfacet
  facet normal 0.603221 -0.706345 0.370406
    outer loop
      vertex 53.3092 9.29081 4.5
      vertex 52.987 9.01565 4.5
      vertex 53.5748 8.20664 2
    endloop
  endfacet
  facet normal -0.705972 0.603731 0.370288
    outer loop
      vertex 48.5054 13.3161 2.28395
      vertex 49.4908 13.1092 4.5
      vertex 48.4997 13.352 2.21455
    endloop
  endfacet
  facet normal -0.707092 0.6022 0.370643
    outer loop
      vertex 48.5065 13.3023 2.30847
      vertex 49.4908 13.1092 4.5
      vertex 48.5054 13.3161 2.28395
    endloop
  endfacet
  facet normal -0.706406 0.603142 0.370418
    outer loop
      vertex 49.4908 13.1092 4.5
      vertex 48.5065 13.3023 2.30847
      vertex 49.2157 12.787 4.5
    endloop
  endfacet
  facet normal -0.603258 -0.706363 0.370311
    outer loop
      vertex 49.2252 8.20664 2
      vertex 48.7901 8.59012 2.02268
      vertex 48.7901 8.57823 2
    endloop
  endfacet
  facet normal -0.603231 -0.706338 0.370404
    outer loop
      vertex 48.7901 8.59012 2.02268
      vertex 49.2252 8.20664 2
      vertex 49.4908 9.29081 4.5
    endloop
  endfacet
  facet normal -0.926228 0.0721016 0.370004
    outer loop
      vertex 48.7332 11.6224 4.5
      vertex 48.7251 11.6237 4.47947
      vertex 48.7306 11.589 4.5
    endloop
  endfacet
  facet normal -0.35547 -0.858158 0.370414
    outer loop
      vertex 50.5657 8.63215 4.5
      vertex 49.7202 7.90328 2
      vertex 50.2566 7.68109 2
    endloop
  endfacet
  facet normal -0.858117 -0.355298 0.370673
    outer loop
      vertex 48.9943 9.97423 4.5
      vertex 48.8052 10.3344 4.40746
      vertex 48.8134 10.2296 4.32599
    endloop
  endfacet
  facet normal -0.85835 -0.355645 0.3698
    outer loop
      vertex 48.8052 10.3344 4.40746
      vertex 48.9943 9.97423 4.5
      vertex 48.8321 10.3657 4.5
    endloop
  endfacet
  facet normal -0.858142 -0.355461 0.37046
    outer loop
      vertex 48.8134 9.9458 4.05368
      vertex 48.9943 9.97423 4.5
      vertex 48.8134 10.2296 4.32599
    endloop
  endfacet
  facet normal -0.858121 -0.355516 0.370455
    outer loop
      vertex 48.9943 9.97423 4.5
      vertex 48.8134 9.9458 4.05368
      vertex 48.8134 9.88207 3.99252
    endloop
  endfacet
  facet normal 0.706301 -0.603275 0.370403
    outer loop
      vertex 54.3934 9.0252 2
      vertex 53.3092 9.29081 4.5
      vertex 54.0163 8.5837 2
    endloop
  endfacet
  facet normal -0.858306 0.355116 0.370409
    outer loop
      vertex 48.6271 12.4803 3.59688
      vertex 48.9943 12.4258 4.5
      vertex 48.6042 12.6245 3.40557
    endloop
  endfacet
  facet normal -0.858104 0.355655 0.37036
    outer loop
      vertex 48.6578 12.2861 3.8545
      vertex 48.9943 12.4258 4.5
      vertex 48.6271 12.4803 3.59688
    endloop
  endfacet
  facet normal -0.858103 0.35566 0.370358
    outer loop
      vertex 48.6621 12.2316 3.9168
      vertex 48.9943 12.4258 4.5
      vertex 48.6578 12.2861 3.8545
    endloop
  endfacet
  facet normal -0.858132 0.355527 0.370418
    outer loop
      vertex 48.9943 12.4258 4.5
      vertex 48.6621 12.2316 3.9168
      vertex 48.8321 12.0343 4.5
    endloop
  endfacet
  facet normal 0.355399 -0.858193 0.3704
    outer loop
      vertex 52.6258 8.79428 4.5
      vertex 52.2343 8.63215 4.5
      vertex 53.0798 7.90328 2
    endloop
  endfacet
  facet normal 0.926028 0.0727844 0.370371
    outer loop
      vertex 55.0544 11.7788 2
      vertex 54.0668 11.6224 4.5
      vertex 54.1 11.2 4.5
    endloop
  endfacet
  facet normal 0.858128 -0.355553 0.370404
    outer loop
      vertex 53.9679 10.3657 4.5
      vertex 53.8057 9.97423 4.5
      vertex 54.6967 9.52024 2
    endloop
  endfacet
  facet normal -0.858068 0.355764 0.370339
    outer loop
      vertex 48.8321 12.0343 4.5
      vertex 48.667 12.1698 3.9873
      vertex 48.6736 12.0859 4.08319
    endloop
  endfacet
  facet normal -0.858805 0.354173 0.370156
    outer loop
      vertex 48.667 12.1698 3.9873
      vertex 48.8321 12.0343 4.5
      vertex 48.6621 12.2316 3.9168
    endloop
  endfacet
  facet normal 0.903213 -0.216867 0.370372
    outer loop
      vertex 54.0668 10.7776 4.5
      vertex 53.9679 10.3657 4.5
      vertex 55.0544 10.6212 2
    endloop
  endfacet
  facet normal 0.926028 -0.0727844 0.370371
    outer loop
      vertex 54.1 11.2 4.5
      vertex 54.0668 10.7776 4.5
      vertex 55.0544 10.6212 2
    endloop
  endfacet
  facet normal -0.903147 0.217214 0.370329
    outer loop
      vertex 48.8321 12.0343 4.5
      vertex 48.6736 12.0859 4.08319
      vertex 48.6871 12.0002 4.16638
    endloop
  endfacet
  facet normal -0.216769 0.903229 0.37039
    outer loop
      vertex 50.8212 14.8544 2
      vertex 50.2566 14.7189 2
      vertex 50.5657 13.7679 4.5
    endloop
  endfacet
  facet normal -0.216876 -0.903199 0.3704
    outer loop
      vertex 50.8 8.57589 4.5
      vertex 50.5657 8.63215 4.5
      vertex 50.8 7.63567 2.20733
    endloop
  endfacet
  facet normal -1 0 0
    outer loop
      vertex 50.8 5 4
      vertex 50.8 8.57589 4.5
      vertex 50.8 7.63567 2.20733
    endloop
  endfacet
  facet normal -1 0 0
    outer loop
      vertex 50.8 5 2
      vertex 50.8 7.63567 2.20733
      vertex 50.8 7.55064 2
    endloop
  endfacet
  facet normal -1 -0 0
    outer loop
      vertex 50.8 7.63567 2.20733
      vertex 50.8 5 2
      vertex 50.8 5 4
    endloop
  endfacet
  facet normal -1 -0 0
    outer loop
      vertex 50.8 8.57589 4.5
      vertex 50.8 5 4
      vertex 50.8 8.57589 13.3434
    endloop
  endfacet
  facet normal -4.44777e-05 -0.933938 0.357435
    outer loop
      vertex 50.9776 8.53324 13.232
      vertex 50.8 5 4
      vertex 51.4 8.5 13.1452
    endloop
  endfacet
  facet normal -7.9844e-05 -0.933938 0.357435
    outer loop
      vertex 50.8 5 4
      vertex 50.9776 8.53324 13.232
      vertex 50.8 8.57589 13.3434
    endloop
  endfacet
  facet normal 0 -0.933939 0.357432
    outer loop
      vertex 52 5 4
      vertex 51.4 8.5 13.1452
      vertex 50.8 5 4
    endloop
  endfacet
  facet normal 4.44777e-05 -0.933938 0.357435
    outer loop
      vertex 51.4 8.5 13.1452
      vertex 52 5 4
      vertex 51.8224 8.53324 13.232
    endloop
  endfacet
  facet normal 7.9844e-05 -0.933938 0.357435
    outer loop
      vertex 51.8224 8.53324 13.232
      vertex 52 5 4
      vertex 52 8.57589 13.3434
    endloop
  endfacet
  facet normal 0 -1 0
    outer loop
      vertex 50.8 5 2
      vertex 52 5 4
      vertex 50.8 5 4
    endloop
  endfacet
  facet normal 0 -1 -0
    outer loop
      vertex 52 5 4
      vertex 50.8 5 2
      vertex 52 5 2
    endloop
  endfacet
  facet normal 1 0 0
    outer loop
      vertex 52 5 4
      vertex 52 8.57589 4.5
      vertex 52 8.57589 13.3434
    endloop
  endfacet
  facet normal 1 0 0
    outer loop
      vertex 52 8.57589 4.5
      vertex 52 5 4
      vertex 52 7.63567 2.20733
    endloop
  endfacet
  facet normal 1 0 0
    outer loop
      vertex 52 5 2
      vertex 52 7.63567 2.20733
      vertex 52 5 4
    endloop
  endfacet
  facet normal 1 0 0
    outer loop
      vertex 52 7.63567 2.20733
      vertex 52 5 2
      vertex 52 7.55064 2
    endloop
  endfacet
  facet normal 0.923822 0 -0.382823
    outer loop
      vertex 49.9278 11.05 18.35
      vertex 49.7579 9.06267 17.94
      vertex 49.7579 11.05 17.94
    endloop
  endfacet
  facet normal 0.923759 3.68011e-05 -0.382975
    outer loop
      vertex 49.9278 11.05 18.35
      vertex 49.813 9.01565 18.0729
      vertex 49.7579 9.06267 17.94
    endloop
  endfacet
  facet normal 0.923854 0 -0.382744
    outer loop
      vertex 49.813 9.01565 18.0729
      vertex 49.9278 11.05 18.35
      vertex 49.9278 8.94532 18.35
    endloop
  endfacet
  facet normal -0.923822 0 0.382823
    outer loop
      vertex 52.8722 11.05 16.65
      vertex 53.0421 9.06267 17.06
      vertex 53.0421 11.05 17.06
    endloop
  endfacet
  facet normal -0.923759 3.68011e-05 0.382975
    outer loop
      vertex 52.8722 11.05 16.65
      vertex 52.987 9.01565 16.9271
      vertex 53.0421 9.06267 17.06
    endloop
  endfacet
  facet normal -0.923854 0 0.382744
    outer loop
      vertex 52.987 9.01565 16.9271
      vertex 52.8722 11.05 16.65
      vertex 52.8722 8.94532 16.65
    endloop
  endfacet
  facet normal -0.991453 0 0.130466
    outer loop
      vertex 53.0421 11.05 17.06
      vertex 53.1 9.11215 17.5
      vertex 53.1 11.05 17.5
    endloop
  endfacet
  facet normal -0.991453 0 0.130466
    outer loop
      vertex 53.1 9.11215 17.5
      vertex 53.0421 11.05 17.06
      vertex 53.0421 9.06267 17.06
    endloop
  endfacet
  facet normal -0.793436 0 0.608654
    outer loop
      vertex 52.6021 11.05 16.2979
      vertex 52.8722 8.94532 16.65
      vertex 52.8722 11.05 16.65
    endloop
  endfacet
  facet normal -0.793432 1.43626e-06 0.608659
    outer loop
      vertex 52.6021 11.05 16.2979
      vertex 52.6258 8.79428 16.3288
      vertex 52.8722 8.94532 16.65
    endloop
  endfacet
  facet normal -0.793482 0 0.608593
    outer loop
      vertex 52.6258 8.79428 16.3288
      vertex 52.6021 11.05 16.2979
      vertex 52.6021 8.78447 16.2979
    endloop
  endfacet
  facet normal -0.608654 0 0.793436
    outer loop
      vertex 52.25 11.05 16.0278
      vertex 52.6021 8.78447 16.2979
      vertex 52.6021 11.05 16.2979
    endloop
  endfacet
  facet normal -0.608654 0 0.793436
    outer loop
      vertex 52.6021 8.78447 16.2979
      vertex 52.25 11.05 16.0278
      vertex 52.25 8.63863 16.0278
    endloop
  endfacet
  facet normal -0.130466 0 0.991453
    outer loop
      vertex 51.4 11.05 15.8
      vertex 51.84 8.53747 15.8579
      vertex 51.84 11.05 15.8579
    endloop
  endfacet
  facet normal -0.129616 0.000151483 0.991564
    outer loop
      vertex 51.84 8.53747 15.8579
      vertex 51.4 11.05 15.8
      vertex 51.8224 8.53324 15.8556
    endloop
  endfacet
  facet normal -0.130503 0 0.991448
    outer loop
      vertex 51.8224 8.53324 15.8556
      vertex 51.4 11.05 15.8
      vertex 51.4 8.5 15.8
    endloop
  endfacet
  facet normal 0.991453 -0 0.130466
    outer loop
      vertex 49.7 9.11215 17.5
      vertex 49.7579 11.05 17.06
      vertex 49.7 11.05 17.5
    endloop
  endfacet
  facet normal 0.991453 0 0.130466
    outer loop
      vertex 49.7579 11.05 17.06
      vertex 49.7 9.11215 17.5
      vertex 49.7579 9.06267 17.06
    endloop
  endfacet
  facet normal 0.382835 0 -0.923817
    outer loop
      vertex 50.5657 8.63215 18.9787
      vertex 50.96 11.05 19.1421
      vertex 50.96 8.53747 19.1421
    endloop
  endfacet
  facet normal 0.382545 5.54153e-05 -0.923937
    outer loop
      vertex 50.55 8.63863 18.9722
      vertex 50.96 11.05 19.1421
      vertex 50.5657 8.63215 18.9787
    endloop
  endfacet
  facet normal 0.382823 0 -0.923822
    outer loop
      vertex 50.96 11.05 19.1421
      vertex 50.55 8.63863 18.9722
      vertex 50.55 11.05 18.9722
    endloop
  endfacet
  facet normal -0.382545 5.54153e-05 -0.923937
    outer loop
      vertex 51.84 11.05 19.1421
      vertex 52.25 8.63863 18.9722
      vertex 52.2343 8.63215 18.9787
    endloop
  endfacet
  facet normal -0.382835 -0 -0.923817
    outer loop
      vertex 51.84 11.05 19.1421
      vertex 52.2343 8.63215 18.9787
      vertex 51.84 8.53747 19.1421
    endloop
  endfacet
  facet normal -0.382823 0 -0.923822
    outer loop
      vertex 52.25 8.63863 18.9722
      vertex 51.84 11.05 19.1421
      vertex 52.25 11.05 18.9722
    endloop
  endfacet
  facet normal 0.382835 0 0.923817
    outer loop
      vertex 50.96 11.05 15.8579
      vertex 50.5657 8.63215 16.0213
      vertex 50.96 8.53747 15.8579
    endloop
  endfacet
  facet normal 0.382823 -0 0.923822
    outer loop
      vertex 50.55 8.63863 16.0278
      vertex 50.96 11.05 15.8579
      vertex 50.55 11.05 16.0278
    endloop
  endfacet
  facet normal 0.382545 5.54153e-05 0.923937
    outer loop
      vertex 50.96 11.05 15.8579
      vertex 50.55 8.63863 16.0278
      vertex 50.5657 8.63215 16.0213
    endloop
  endfacet
  facet normal 0.793436 -0 0.608654
    outer loop
      vertex 49.9278 8.94532 16.65
      vertex 50.1979 11.05 16.2979
      vertex 49.9278 11.05 16.65
    endloop
  endfacet
  facet normal 0.793432 1.43626e-06 0.608659
    outer loop
      vertex 50.1742 8.79428 16.3288
      vertex 50.1979 11.05 16.2979
      vertex 49.9278 8.94532 16.65
    endloop
  endfacet
  facet normal 0.793482 0 0.608593
    outer loop
      vertex 50.1979 11.05 16.2979
      vertex 50.1742 8.79428 16.3288
      vertex 50.1979 8.78447 16.2979
    endloop
  endfacet
  facet normal 0.608654 -0 0.793436
    outer loop
      vertex 50.1979 8.78447 16.2979
      vertex 50.55 11.05 16.0278
      vertex 50.1979 11.05 16.2979
    endloop
  endfacet
  facet normal 0.608654 0 0.793436
    outer loop
      vertex 50.55 11.05 16.0278
      vertex 50.1979 8.78447 16.2979
      vertex 50.55 8.63863 16.0278
    endloop
  endfacet
  facet normal 0 -1 0
    outer loop
      vertex 50.96 11.05 19.1421
      vertex 51.84 11.05 19.1421
      vertex 51.4 11.05 19.2
    endloop
  endfacet
  facet normal 0 -1 0
    outer loop
      vertex 50.55 11.05 18.9722
      vertex 51.84 11.05 19.1421
      vertex 50.96 11.05 19.1421
    endloop
  endfacet
  facet normal 0 -1 0
    outer loop
      vertex 50.55 11.05 18.9722
      vertex 52.25 11.05 18.9722
      vertex 51.84 11.05 19.1421
    endloop
  endfacet
  facet normal 0 -1 0
    outer loop
      vertex 50.1979 11.05 18.7021
      vertex 52.25 11.05 18.9722
      vertex 50.55 11.05 18.9722
    endloop
  endfacet
  facet normal 0 -1 0
    outer loop
      vertex 50.1979 11.05 18.7021
      vertex 52.6021 11.05 18.7021
      vertex 52.25 11.05 18.9722
    endloop
  endfacet
  facet normal 0 -1 0
    outer loop
      vertex 49.9278 11.05 18.35
      vertex 52.6021 11.05 18.7021
      vertex 50.1979 11.05 18.7021
    endloop
  endfacet
  facet normal 0 -1 0
    outer loop
      vertex 49.9278 11.05 18.35
      vertex 52.8722 11.05 18.35
      vertex 52.6021 11.05 18.7021
    endloop
  endfacet
  facet normal 0 -1 0
    outer loop
      vertex 49.7579 11.05 17.94
      vertex 52.8722 11.05 18.35
      vertex 49.9278 11.05 18.35
    endloop
  endfacet
  facet normal 0 -1 0
    outer loop
      vertex 49.7579 11.05 17.94
      vertex 53.0421 11.05 17.94
      vertex 52.8722 11.05 18.35
    endloop
  endfacet
  facet normal 0 -1 0
    outer loop
      vertex 49.7 11.05 17.5
      vertex 53.0421 11.05 17.94
      vertex 49.7579 11.05 17.94
    endloop
  endfacet
  facet normal 0 -1 0
    outer loop
      vertex 49.7 11.05 17.5
      vertex 53.1 11.05 17.5
      vertex 53.0421 11.05 17.94
    endloop
  endfacet
  facet normal 0 -1 0
    outer loop
      vertex 49.7579 11.05 17.06
      vertex 53.1 11.05 17.5
      vertex 49.7 11.05 17.5
    endloop
  endfacet
  facet normal 0 -1 0
    outer loop
      vertex 49.7579 11.05 17.06
      vertex 53.0421 11.05 17.06
      vertex 53.1 11.05 17.5
    endloop
  endfacet
  facet normal 0 -1 0
    outer loop
      vertex 49.9278 11.05 16.65
      vertex 53.0421 11.05 17.06
      vertex 49.7579 11.05 17.06
    endloop
  endfacet
  facet normal 0 -1 0
    outer loop
      vertex 49.9278 11.05 16.65
      vertex 52.8722 11.05 16.65
      vertex 53.0421 11.05 17.06
    endloop
  endfacet
  facet normal 0 -1 0
    outer loop
      vertex 50.1979 11.05 16.2979
      vertex 52.8722 11.05 16.65
      vertex 49.9278 11.05 16.65
    endloop
  endfacet
  facet normal 0 -1 0
    outer loop
      vertex 50.1979 11.05 16.2979
      vertex 52.6021 11.05 16.2979
      vertex 52.8722 11.05 16.65
    endloop
  endfacet
  facet normal 0 -1 0
    outer loop
      vertex 50.55 11.05 16.0278
      vertex 52.6021 11.05 16.2979
      vertex 50.1979 11.05 16.2979
    endloop
  endfacet
  facet normal 0 -1 0
    outer loop
      vertex 50.55 11.05 16.0278
      vertex 52.25 11.05 16.0278
      vertex 52.6021 11.05 16.2979
    endloop
  endfacet
  facet normal 0 -1 0
    outer loop
      vertex 50.96 11.05 15.8579
      vertex 52.25 11.05 16.0278
      vertex 50.55 11.05 16.0278
    endloop
  endfacet
  facet normal 0 -1 0
    outer loop
      vertex 50.96 11.05 15.8579
      vertex 51.84 11.05 15.8579
      vertex 52.25 11.05 16.0278
    endloop
  endfacet
  facet normal -0 -1 0
    outer loop
      vertex 51.84 11.05 15.8579
      vertex 50.96 11.05 15.8579
      vertex 51.4 11.05 15.8
    endloop
  endfacet
  facet normal -0.991453 0 -0.130466
    outer loop
      vertex 53.1 9.11215 17.5
      vertex 53.0421 11.05 17.94
      vertex 53.1 11.05 17.5
    endloop
  endfacet
  facet normal -0.991453 -0 -0.130466
    outer loop
      vertex 53.0421 11.05 17.94
      vertex 53.1 9.11215 17.5
      vertex 53.0421 9.06267 17.94
    endloop
  endfacet
  facet normal 0.793436 0 -0.608654
    outer loop
      vertex 50.1979 11.05 18.7021
      vertex 49.9278 8.94532 18.35
      vertex 49.9278 11.05 18.35
    endloop
  endfacet
  facet normal 0.793432 1.43626e-06 -0.608659
    outer loop
      vertex 50.1979 11.05 18.7021
      vertex 50.1742 8.79428 18.6712
      vertex 49.9278 8.94532 18.35
    endloop
  endfacet
  facet normal 0.793482 0 -0.608593
    outer loop
      vertex 50.1742 8.79428 18.6712
      vertex 50.1979 11.05 18.7021
      vertex 50.1979 8.78447 18.7021
    endloop
  endfacet
  facet normal -0.382823 0 0.923822
    outer loop
      vertex 51.84 11.05 15.8579
      vertex 52.25 8.63863 16.0278
      vertex 52.25 11.05 16.0278
    endloop
  endfacet
  facet normal -0.382545 5.54153e-05 0.923937
    outer loop
      vertex 52.25 8.63863 16.0278
      vertex 51.84 11.05 15.8579
      vertex 52.2343 8.63215 16.0213
    endloop
  endfacet
  facet normal -0.382835 0 0.923817
    outer loop
      vertex 52.2343 8.63215 16.0213
      vertex 51.84 11.05 15.8579
      vertex 51.84 8.53747 15.8579
    endloop
  endfacet
  facet normal 0.130503 0 0.991448
    outer loop
      vertex 51.4 11.05 15.8
      vertex 50.9776 8.53324 15.8556
      vertex 51.4 8.5 15.8
    endloop
  endfacet
  facet normal 0.130466 -0 0.991453
    outer loop
      vertex 50.96 8.53747 15.8579
      vertex 51.4 11.05 15.8
      vertex 50.96 11.05 15.8579
    endloop
  endfacet
  facet normal 0.129616 0.000151483 0.991564
    outer loop
      vertex 51.4 11.05 15.8
      vertex 50.96 8.53747 15.8579
      vertex 50.9776 8.53324 15.8556
    endloop
  endfacet
  facet normal -0.793436 0 -0.608654
    outer loop
      vertex 52.8722 8.94532 18.35
      vertex 52.6021 11.05 18.7021
      vertex 52.8722 11.05 18.35
    endloop
  endfacet
  facet normal -0.793432 1.43626e-06 -0.608659
    outer loop
      vertex 52.6258 8.79428 18.6712
      vertex 52.6021 11.05 18.7021
      vertex 52.8722 8.94532 18.35
    endloop
  endfacet
  facet normal -0.793482 -0 -0.608593
    outer loop
      vertex 52.6021 11.05 18.7021
      vertex 52.6258 8.79428 18.6712
      vertex 52.6021 8.78447 18.7021
    endloop
  endfacet
  facet normal 0.923822 -0 0.382823
    outer loop
      vertex 49.7579 9.06267 17.06
      vertex 49.9278 11.05 16.65
      vertex 49.7579 11.05 17.06
    endloop
  endfacet
  facet normal 0.923759 3.68011e-05 0.382975
    outer loop
      vertex 49.813 9.01565 16.9271
      vertex 49.9278 11.05 16.65
      vertex 49.7579 9.06267 17.06
    endloop
  endfacet
  facet normal 0.923854 0 0.382744
    outer loop
      vertex 49.9278 11.05 16.65
      vertex 49.813 9.01565 16.9271
      vertex 49.9278 8.94532 16.65
    endloop
  endfacet
  facet normal -0.129616 0.000151483 -0.991564
    outer loop
      vertex 51.4 11.05 19.2
      vertex 51.84 8.53747 19.1421
      vertex 51.8224 8.53324 19.1444
    endloop
  endfacet
  facet normal -0.130503 -0 -0.991448
    outer loop
      vertex 51.4 11.05 19.2
      vertex 51.8224 8.53324 19.1444
      vertex 51.4 8.5 19.2
    endloop
  endfacet
  facet normal -0.130466 0 -0.991453
    outer loop
      vertex 51.84 8.53747 19.1421
      vertex 51.4 11.05 19.2
      vertex 51.84 11.05 19.1421
    endloop
  endfacet
  facet normal 0.608654 0 -0.793436
    outer loop
      vertex 50.1979 8.78447 18.7021
      vertex 50.55 11.05 18.9722
      vertex 50.55 8.63863 18.9722
    endloop
  endfacet
  facet normal 0.608654 0 -0.793436
    outer loop
      vertex 50.55 11.05 18.9722
      vertex 50.1979 8.78447 18.7021
      vertex 50.1979 11.05 18.7021
    endloop
  endfacet
  facet normal 0.991453 0 -0.130466
    outer loop
      vertex 49.7579 11.05 17.94
      vertex 49.7 9.11215 17.5
      vertex 49.7 11.05 17.5
    endloop
  endfacet
  facet normal 0.991453 0 -0.130466
    outer loop
      vertex 49.7 9.11215 17.5
      vertex 49.7579 11.05 17.94
      vertex 49.7579 9.06267 17.94
    endloop
  endfacet
  facet normal -0.608654 -0 -0.793436
    outer loop
      vertex 52.25 11.05 18.9722
      vertex 52.6021 8.78447 18.7021
      vertex 52.25 8.63863 18.9722
    endloop
  endfacet
  facet normal -0.608654 0 -0.793436
    outer loop
      vertex 52.6021 8.78447 18.7021
      vertex 52.25 11.05 18.9722
      vertex 52.6021 11.05 18.7021
    endloop
  endfacet
  facet normal -0.923822 0 -0.382823
    outer loop
      vertex 53.0421 9.06267 17.94
      vertex 52.8722 11.05 18.35
      vertex 53.0421 11.05 17.94
    endloop
  endfacet
  facet normal -0.923759 3.68011e-05 -0.382975
    outer loop
      vertex 52.987 9.01565 18.0729
      vertex 52.8722 11.05 18.35
      vertex 53.0421 9.06267 17.94
    endloop
  endfacet
  facet normal -0.923854 -0 -0.382744
    outer loop
      vertex 52.8722 11.05 18.35
      vertex 52.987 9.01565 18.0729
      vertex 52.8722 8.94532 18.35
    endloop
  endfacet
  facet normal 0.130503 0 -0.991448
    outer loop
      vertex 50.9776 8.53324 19.1444
      vertex 51.4 11.05 19.2
      vertex 51.4 8.5 19.2
    endloop
  endfacet
  facet normal 0.129616 0.000151483 -0.991564
    outer loop
      vertex 50.96 8.53747 19.1421
      vertex 51.4 11.05 19.2
      vertex 50.9776 8.53324 19.1444
    endloop
  endfacet
  facet normal 0.130466 0 -0.991453
    outer loop
      vertex 51.4 11.05 19.2
      vertex 50.96 8.53747 19.1421
      vertex 50.96 11.05 19.1421
    endloop
  endfacet
endsolid OpenSCAD_Model
