solid OpenSCAD_Model
  facet normal 0 -1 0
    outer loop
      vertex 4 0 0
      vertex 11.4 0 8
      vertex 4 0 8
    endloop
  endfacet
  facet normal 0 -1 -0
    outer loop
      vertex 11.4 0 8
      vertex 4 0 0
      vertex 57.4 0 8
    endloop
  endfacet
  facet normal 0 -1 0
    outer loop
      vertex 64.8 0 0
      vertex 57.4 0 8
      vertex 4 0 0
    endloop
  endfacet
  facet normal 0 -1 0
    outer loop
      vertex 57.4 0 8
      vertex 64.8 0 0
      vertex 64.8 0 8
    endloop
  endfacet
  facet normal 0 -1 0
    outer loop
      vertex 11.4 0 8
      vertex 57.4 0 10.05
      vertex 11.4 0 10.05
    endloop
  endfacet
  facet normal 0 -1 -0
    outer loop
      vertex 57.4 0 10.05
      vertex 11.4 0 8
      vertex 57.4 0 8
    endloop
  endfacet
  facet normal 0.996923 -0.078385 0
    outer loop
      vertex 68.7508 3.37426 8
      vertex 68.8 4 0
      vertex 68.8 4 8
    endloop
  endfacet
  facet normal 0.996923 -0.078385 0
    outer loop
      vertex 68.8 4 0
      vertex 68.7508 3.37426 8
      vertex 68.7508 3.37426 0
    endloop
  endfacet
  facet normal 0.0784625 -0.996917 0
    outer loop
      vertex 64.8 0 0
      vertex 65.4257 0.0492458 8
      vertex 64.8 0 8
    endloop
  endfacet
  facet normal 0.0784625 -0.996917 0
    outer loop
      vertex 65.4257 0.0492458 8
      vertex 64.8 0 0
      vertex 65.4257 0.0492458 0
    endloop
  endfacet
  facet normal -1 0 0
    outer loop
      vertex 0 4 0
      vertex 0 64.8 8
      vertex 0 64.8 0
    endloop
  endfacet
  facet normal -1 -0 0
    outer loop
      vertex 0 64.8 8
      vertex 0 4 0
      vertex 0 4 8
    endloop
  endfacet
  facet normal -0.972376 0.23342 0
    outer loop
      vertex 0.0492458 65.4257 0
      vertex 0.195773 66.0361 8
      vertex 0.195773 66.0361 0
    endloop
  endfacet
  facet normal -0.972376 0.23342 0
    outer loop
      vertex 0.195773 66.0361 8
      vertex 0.0492458 65.4257 0
      vertex 0.0492458 65.4257 8
    endloop
  endfacet
  facet normal 0.760362 -0.649499 0
    outer loop
      vertex 67.6284 1.17157 8
      vertex 68.0361 1.64886 0
      vertex 68.0361 1.64886 8
    endloop
  endfacet
  facet normal 0.760362 -0.649499 0
    outer loop
      vertex 68.0361 1.64886 0
      vertex 67.6284 1.17157 8
      vertex 67.6284 1.17157 0
    endloop
  endfacet
  facet normal -0.76041 -0.649443 0
    outer loop
      vertex 1.17157 1.17157 0
      vertex 0.763931 1.64886 8
      vertex 0.763931 1.64886 0
    endloop
  endfacet
  facet normal -0.76041 -0.649443 0
    outer loop
      vertex 0.763931 1.64886 8
      vertex 1.17157 1.17157 0
      vertex 1.17157 1.17157 8
    endloop
  endfacet
  facet normal 1 -0 0
    outer loop
      vertex 68.8 4 8
      vertex 68.8 64.8 0
      vertex 68.8 64.8 8
    endloop
  endfacet
  facet normal 1 0 0
    outer loop
      vertex 68.8 64.8 0
      vertex 68.8 4 8
      vertex 68.8 4 0
    endloop
  endfacet
  facet normal -0.852606 0.522555 0
    outer loop
      vertex 0.435973 66.616 0
      vertex 0.763931 67.1511 8
      vertex 0.763931 67.1511 0
    endloop
  endfacet
  facet normal -0.852606 0.522555 0
    outer loop
      vertex 0.763931 67.1511 8
      vertex 0.435973 66.616 0
      vertex 0.435973 66.616 8
    endloop
  endfacet
  facet normal -0.078385 0.996923 0
    outer loop
      vertex 4 68.8 0
      vertex 3.37426 68.7508 8
      vertex 4 68.8 8
    endloop
  endfacet
  facet normal -0.078385 0.996923 0
    outer loop
      vertex 3.37426 68.7508 8
      vertex 4 68.8 0
      vertex 3.37426 68.7508 0
    endloop
  endfacet
  facet normal 0.923881 0.38268 0
    outer loop
      vertex 68.6042 66.0361 8
      vertex 68.364 66.616 0
      vertex 68.364 66.616 8
    endloop
  endfacet
  facet normal 0.923881 0.38268 0
    outer loop
      vertex 68.364 66.616 0
      vertex 68.6042 66.0361 8
      vertex 68.6042 66.0361 0
    endloop
  endfacet
  facet normal 0.97235 0.23353 0
    outer loop
      vertex 68.7508 65.4257 8
      vertex 68.6042 66.0361 0
      vertex 68.6042 66.0361 8
    endloop
  endfacet
  facet normal 0.97235 0.23353 0
    outer loop
      vertex 68.6042 66.0361 0
      vertex 68.7508 65.4257 8
      vertex 68.7508 65.4257 0
    endloop
  endfacet
  facet normal 0.649492 0.760369 -0
    outer loop
      vertex 67.6284 67.6284 0
      vertex 67.1511 68.0361 8
      vertex 67.6284 67.6284 8
    endloop
  endfacet
  facet normal 0.649492 0.760369 0
    outer loop
      vertex 67.1511 68.0361 8
      vertex 67.6284 67.6284 0
      vertex 67.1511 68.0361 0
    endloop
  endfacet
  facet normal -0.522431 0.852682 0
    outer loop
      vertex 2.18404 68.364 0
      vertex 1.64886 68.0361 8
      vertex 2.18404 68.364 8
    endloop
  endfacet
  facet normal -0.522431 0.852682 0
    outer loop
      vertex 1.64886 68.0361 8
      vertex 2.18404 68.364 0
      vertex 1.64886 68.0361 0
    endloop
  endfacet
  facet normal -0.649499 0.760362 0
    outer loop
      vertex 1.64886 68.0361 0
      vertex 1.17157 67.6284 8
      vertex 1.64886 68.0361 8
    endloop
  endfacet
  facet normal -0.649499 0.760362 0
    outer loop
      vertex 1.17157 67.6284 8
      vertex 1.64886 68.0361 0
      vertex 1.17157 67.6284 0
    endloop
  endfacet
  facet normal 0.649435 -0.760417 0
    outer loop
      vertex 67.1511 0.763931 0
      vertex 67.6284 1.17157 8
      vertex 67.1511 0.763931 8
    endloop
  endfacet
  facet normal 0.649435 -0.760417 0
    outer loop
      vertex 67.6284 1.17157 8
      vertex 67.1511 0.763931 0
      vertex 67.6284 1.17157 0
    endloop
  endfacet
  facet normal 0 0 -1
    outer loop
      vertex 64.8 0 0
      vertex 68.8 4 0
      vertex 68.7508 3.37426 0
    endloop
  endfacet
  facet normal -0 0 -1
    outer loop
      vertex 68.8 4 0
      vertex 64.8 0 0
      vertex 68.8 64.8 0
    endloop
  endfacet
  facet normal 0 0 -1
    outer loop
      vertex 64.8 0 0
      vertex 68.7508 3.37426 0
      vertex 68.6042 2.76393 0
    endloop
  endfacet
  facet normal 0 0 -1
    outer loop
      vertex 64.8 68.8 0
      vertex 68.8 64.8 0
      vertex 64.8 0 0
    endloop
  endfacet
  facet normal 0 0 -1
    outer loop
      vertex 64.8 0 0
      vertex 68.6042 2.76393 0
      vertex 68.364 2.18404 0
    endloop
  endfacet
  facet normal 0 0 -1
    outer loop
      vertex 68.8 64.8 0
      vertex 64.8 68.8 0
      vertex 68.7508 65.4257 0
    endloop
  endfacet
  facet normal 0 0 -1
    outer loop
      vertex 64.8 0 0
      vertex 68.364 2.18404 0
      vertex 68.0361 1.64886 0
    endloop
  endfacet
  facet normal 0 0 -1
    outer loop
      vertex 68.7508 65.4257 0
      vertex 64.8 68.8 0
      vertex 68.6042 66.0361 0
    endloop
  endfacet
  facet normal 0 0 -1
    outer loop
      vertex 64.8 0 0
      vertex 68.0361 1.64886 0
      vertex 67.6284 1.17157 0
    endloop
  endfacet
  facet normal 0 0 -1
    outer loop
      vertex 68.6042 66.0361 0
      vertex 64.8 68.8 0
      vertex 68.364 66.616 0
    endloop
  endfacet
  facet normal 0 0 -1
    outer loop
      vertex 64.8 0 0
      vertex 67.6284 1.17157 0
      vertex 67.1511 0.763931 0
    endloop
  endfacet
  facet normal 0 0 -1
    outer loop
      vertex 68.364 66.616 0
      vertex 64.8 68.8 0
      vertex 68.0361 67.1511 0
    endloop
  endfacet
  facet normal 0 0 -1
    outer loop
      vertex 64.8 0 0
      vertex 67.1511 0.763931 0
      vertex 66.616 0.435973 0
    endloop
  endfacet
  facet normal 0 0 -1
    outer loop
      vertex 68.0361 67.1511 0
      vertex 64.8 68.8 0
      vertex 67.6284 67.6284 0
    endloop
  endfacet
  facet normal 0 0 -1
    outer loop
      vertex 64.8 0 0
      vertex 66.616 0.435973 0
      vertex 66.0361 0.195773 0
    endloop
  endfacet
  facet normal 0 0 -1
    outer loop
      vertex 67.6284 67.6284 0
      vertex 64.8 68.8 0
      vertex 67.1511 68.0361 0
    endloop
  endfacet
  facet normal 0 0 -1
    outer loop
      vertex 64.8 0 0
      vertex 66.0361 0.195773 0
      vertex 65.4257 0.0492458 0
    endloop
  endfacet
  facet normal 0 0 -1
    outer loop
      vertex 67.1511 68.0361 0
      vertex 64.8 68.8 0
      vertex 66.616 68.364 0
    endloop
  endfacet
  facet normal 0 0 -1
    outer loop
      vertex 66.616 68.364 0
      vertex 64.8 68.8 0
      vertex 66.0361 68.6042 0
    endloop
  endfacet
  facet normal 0 0 -1
    outer loop
      vertex 66.0361 68.6042 0
      vertex 64.8 68.8 0
      vertex 65.4257 68.7508 0
    endloop
  endfacet
  facet normal 0 0 -1
    outer loop
      vertex 4 0 0
      vertex 64.8 68.8 0
      vertex 64.8 0 0
    endloop
  endfacet
  facet normal 0 0 -1
    outer loop
      vertex 4 0 0
      vertex 4 68.8 0
      vertex 64.8 68.8 0
    endloop
  endfacet
  facet normal 0 0 -1
    outer loop
      vertex 0 4 0
      vertex 4 0 0
      vertex 3.37426 0.0492458 0
    endloop
  endfacet
  facet normal 0 0 -1
    outer loop
      vertex 4 0 0
      vertex 0 4 0
      vertex 4 68.8 0
    endloop
  endfacet
  facet normal 0 0 -1
    outer loop
      vertex 0 4 0
      vertex 3.37426 0.0492458 0
      vertex 2.76393 0.195773 0
    endloop
  endfacet
  facet normal 0 0 -1
    outer loop
      vertex 0 64.8 0
      vertex 4 68.8 0
      vertex 0 4 0
    endloop
  endfacet
  facet normal 0 0 -1
    outer loop
      vertex 0 4 0
      vertex 2.76393 0.195773 0
      vertex 2.18404 0.435973 0
    endloop
  endfacet
  facet normal 0 0 -1
    outer loop
      vertex 4 68.8 0
      vertex 0 64.8 0
      vertex 3.37426 68.7508 0
    endloop
  endfacet
  facet normal 0 0 -1
    outer loop
      vertex 0 4 0
      vertex 2.18404 0.435973 0
      vertex 1.64886 0.763931 0
    endloop
  endfacet
  facet normal 0 0 -1
    outer loop
      vertex 3.37426 68.7508 0
      vertex 0 64.8 0
      vertex 2.76393 68.6042 0
    endloop
  endfacet
  facet normal 0 0 -1
    outer loop
      vertex 0 4 0
      vertex 1.64886 0.763931 0
      vertex 1.17157 1.17157 0
    endloop
  endfacet
  facet normal 0 0 -1
    outer loop
      vertex 2.76393 68.6042 0
      vertex 0 64.8 0
      vertex 2.18404 68.364 0
    endloop
  endfacet
  facet normal 0 0 -1
    outer loop
      vertex 0 4 0
      vertex 1.17157 1.17157 0
      vertex 0.763931 1.64886 0
    endloop
  endfacet
  facet normal 0 0 -1
    outer loop
      vertex 2.18404 68.364 0
      vertex 0 64.8 0
      vertex 1.64886 68.0361 0
    endloop
  endfacet
  facet normal 0 0 -1
    outer loop
      vertex 0 4 0
      vertex 0.763931 1.64886 0
      vertex 0.435973 2.18404 0
    endloop
  endfacet
  facet normal 0 0 -1
    outer loop
      vertex 1.64886 68.0361 0
      vertex 0 64.8 0
      vertex 1.17157 67.6284 0
    endloop
  endfacet
  facet normal 0 0 -1
    outer loop
      vertex 0 4 0
      vertex 0.435973 2.18404 0
      vertex 0.195773 2.76393 0
    endloop
  endfacet
  facet normal 0 0 -1
    outer loop
      vertex 1.17157 67.6284 0
      vertex 0 64.8 0
      vertex 0.763931 67.1511 0
    endloop
  endfacet
  facet normal 0 0 -1
    outer loop
      vertex 0 4 0
      vertex 0.195773 2.76393 0
      vertex 0.0492458 3.37426 0
    endloop
  endfacet
  facet normal 0 0 -1
    outer loop
      vertex 0.763931 67.1511 0
      vertex 0 64.8 0
      vertex 0.435973 66.616 0
    endloop
  endfacet
  facet normal 0 0 -1
    outer loop
      vertex 0.435973 66.616 0
      vertex 0 64.8 0
      vertex 0.195773 66.0361 0
    endloop
  endfacet
  facet normal 0 0 -1
    outer loop
      vertex 0.195773 66.0361 0
      vertex 0 64.8 0
      vertex 0.0492458 65.4257 0
    endloop
  endfacet
  facet normal 0.852647 0.522487 0
    outer loop
      vertex 68.364 66.616 8
      vertex 68.0361 67.1511 0
      vertex 68.0361 67.1511 8
    endloop
  endfacet
  facet normal 0.852647 0.522487 0
    outer loop
      vertex 68.0361 67.1511 0
      vertex 68.364 66.616 8
      vertex 68.364 66.616 0
    endloop
  endfacet
  facet normal 0.923879 -0.382686 0
    outer loop
      vertex 68.364 2.18404 8
      vertex 68.6042 2.76393 0
      vertex 68.6042 2.76393 8
    endloop
  endfacet
  facet normal 0.923879 -0.382686 0
    outer loop
      vertex 68.6042 2.76393 0
      vertex 68.364 2.18404 8
      vertex 68.364 2.18404 0
    endloop
  endfacet
  facet normal 0 1 -0
    outer loop
      vertex 64.8 68.8 0
      vertex 4 68.8 8
      vertex 64.8 68.8 8
    endloop
  endfacet
  facet normal 0 1 0
    outer loop
      vertex 4 68.8 8
      vertex 64.8 68.8 0
      vertex 4 68.8 0
    endloop
  endfacet
  facet normal 0.760369 0.649492 0
    outer loop
      vertex 68.0361 67.1511 8
      vertex 67.6284 67.6284 0
      vertex 67.6284 67.6284 8
    endloop
  endfacet
  facet normal 0.760369 0.649492 0
    outer loop
      vertex 67.6284 67.6284 0
      vertex 68.0361 67.1511 8
      vertex 68.0361 67.1511 0
    endloop
  endfacet
  facet normal -0.97237 -0.233445 0
    outer loop
      vertex 0.195773 2.76393 0
      vertex 0.0492458 3.37426 8
      vertex 0.0492458 3.37426 0
    endloop
  endfacet
  facet normal -0.97237 -0.233445 0
    outer loop
      vertex 0.0492458 3.37426 8
      vertex 0.195773 2.76393 0
      vertex 0.195773 2.76393 8
    endloop
  endfacet
  facet normal 0.522487 0.852647 -0
    outer loop
      vertex 67.1511 68.0361 0
      vertex 66.616 68.364 8
      vertex 67.1511 68.0361 8
    endloop
  endfacet
  facet normal 0.522487 0.852647 0
    outer loop
      vertex 66.616 68.364 8
      vertex 67.1511 68.0361 0
      vertex 66.616 68.364 0
    endloop
  endfacet
  facet normal -0.522498 -0.852641 0
    outer loop
      vertex 1.64886 0.763931 0
      vertex 2.18404 0.435973 8
      vertex 1.64886 0.763931 8
    endloop
  endfacet
  facet normal -0.522498 -0.852641 -0
    outer loop
      vertex 2.18404 0.435973 8
      vertex 1.64886 0.763931 0
      vertex 2.18404 0.435973 0
    endloop
  endfacet
  facet normal -0.649443 -0.76041 0
    outer loop
      vertex 1.17157 1.17157 0
      vertex 1.64886 0.763931 8
      vertex 1.17157 1.17157 8
    endloop
  endfacet
  facet normal -0.649443 -0.76041 -0
    outer loop
      vertex 1.64886 0.763931 8
      vertex 1.17157 1.17157 0
      vertex 1.64886 0.763931 0
    endloop
  endfacet
  facet normal -0.0784575 -0.996917 0
    outer loop
      vertex 3.37426 0.0492458 0
      vertex 4 0 8
      vertex 3.37426 0.0492458 8
    endloop
  endfacet
  facet normal -0.0784575 -0.996917 -0
    outer loop
      vertex 4 0 8
      vertex 3.37426 0.0492458 0
      vertex 4 0 0
    endloop
  endfacet
  facet normal -0.760417 0.649435 0
    outer loop
      vertex 0.763931 67.1511 0
      vertex 1.17157 67.6284 8
      vertex 1.17157 67.6284 0
    endloop
  endfacet
  facet normal -0.760417 0.649435 0
    outer loop
      vertex 1.17157 67.6284 8
      vertex 0.763931 67.1511 0
      vertex 0.763931 67.1511 8
    endloop
  endfacet
  facet normal -0.382686 0.923879 0
    outer loop
      vertex 2.76393 68.6042 0
      vertex 2.18404 68.364 8
      vertex 2.76393 68.6042 8
    endloop
  endfacet
  facet normal -0.382686 0.923879 0
    outer loop
      vertex 2.18404 68.364 8
      vertex 2.76393 68.6042 0
      vertex 2.18404 68.364 0
    endloop
  endfacet
  facet normal 0.07839 0.996923 -0
    outer loop
      vertex 65.4257 68.7508 0
      vertex 64.8 68.8 8
      vertex 65.4257 68.7508 8
    endloop
  endfacet
  facet normal 0.07839 0.996923 0
    outer loop
      vertex 64.8 68.8 8
      vertex 65.4257 68.7508 0
      vertex 64.8 68.8 0
    endloop
  endfacet
  facet normal 0.972344 -0.233555 0
    outer loop
      vertex 68.6042 2.76393 8
      vertex 68.7508 3.37426 0
      vertex 68.7508 3.37426 8
    endloop
  endfacet
  facet normal 0.972344 -0.233555 0
    outer loop
      vertex 68.7508 3.37426 0
      vertex 68.6042 2.76393 8
      vertex 68.6042 2.76393 0
    endloop
  endfacet
  facet normal 0.852682 -0.522431 0
    outer loop
      vertex 68.0361 1.64886 8
      vertex 68.364 2.18404 0
      vertex 68.364 2.18404 8
    endloop
  endfacet
  facet normal 0.852682 -0.522431 0
    outer loop
      vertex 68.364 2.18404 0
      vertex 68.0361 1.64886 8
      vertex 68.0361 1.64886 0
    endloop
  endfacet
  facet normal 0.38268 0.923881 -0
    outer loop
      vertex 66.616 68.364 0
      vertex 66.0361 68.6042 8
      vertex 66.616 68.364 8
    endloop
  endfacet
  facet normal 0.38268 0.923881 0
    outer loop
      vertex 66.0361 68.6042 8
      vertex 66.616 68.364 0
      vertex 66.0361 68.6042 0
    endloop
  endfacet
  facet normal 0.38268 -0.923881 0
    outer loop
      vertex 66.0361 0.195773 0
      vertex 66.616 0.435973 8
      vertex 66.0361 0.195773 8
    endloop
  endfacet
  facet normal 0.38268 -0.923881 0
    outer loop
      vertex 66.616 0.435973 8
      vertex 66.0361 0.195773 0
      vertex 66.616 0.435973 0
    endloop
  endfacet
  facet normal 0.996923 0.07839 0
    outer loop
      vertex 68.8 64.8 8
      vertex 68.7508 65.4257 0
      vertex 68.7508 65.4257 8
    endloop
  endfacet
  facet normal 0.996923 0.07839 0
    outer loop
      vertex 68.7508 65.4257 0
      vertex 68.8 64.8 8
      vertex 68.8 64.8 0
    endloop
  endfacet
  facet normal -0.852641 -0.522498 0
    outer loop
      vertex 0.763931 1.64886 0
      vertex 0.435973 2.18404 8
      vertex 0.435973 2.18404 0
    endloop
  endfacet
  facet normal -0.852641 -0.522498 0
    outer loop
      vertex 0.435973 2.18404 8
      vertex 0.763931 1.64886 0
      vertex 0.763931 1.64886 8
    endloop
  endfacet
  facet normal -0.233445 -0.97237 0
    outer loop
      vertex 2.76393 0.195773 0
      vertex 3.37426 0.0492458 8
      vertex 2.76393 0.195773 8
    endloop
  endfacet
  facet normal -0.233445 -0.97237 -0
    outer loop
      vertex 3.37426 0.0492458 8
      vertex 2.76393 0.195773 0
      vertex 3.37426 0.0492458 0
    endloop
  endfacet
  facet normal 0.23342 -0.972376 0
    outer loop
      vertex 65.4257 0.0492458 0
      vertex 66.0361 0.195773 8
      vertex 65.4257 0.0492458 8
    endloop
  endfacet
  facet normal 0.23342 -0.972376 0
    outer loop
      vertex 66.0361 0.195773 8
      vertex 65.4257 0.0492458 0
      vertex 66.0361 0.195773 0
    endloop
  endfacet
  facet normal -0.996917 -0.0784575 0
    outer loop
      vertex 0.0492458 3.37426 0
      vertex 0 4 8
      vertex 0 4 0
    endloop
  endfacet
  facet normal -0.996917 -0.0784575 0
    outer loop
      vertex 0 4 8
      vertex 0.0492458 3.37426 0
      vertex 0.0492458 3.37426 8
    endloop
  endfacet
  facet normal -0.382686 -0.923879 0
    outer loop
      vertex 2.18404 0.435973 0
      vertex 2.76393 0.195773 8
      vertex 2.18404 0.435973 8
    endloop
  endfacet
  facet normal -0.382686 -0.923879 -0
    outer loop
      vertex 2.76393 0.195773 8
      vertex 2.18404 0.435973 0
      vertex 2.76393 0.195773 0
    endloop
  endfacet
  facet normal 0.23353 0.97235 -0
    outer loop
      vertex 66.0361 68.6042 0
      vertex 65.4257 68.7508 8
      vertex 66.0361 68.6042 8
    endloop
  endfacet
  facet normal 0.23353 0.97235 0
    outer loop
      vertex 65.4257 68.7508 8
      vertex 66.0361 68.6042 0
      vertex 65.4257 68.7508 0
    endloop
  endfacet
  facet normal 0.522555 -0.852606 0
    outer loop
      vertex 66.616 0.435973 0
      vertex 67.1511 0.763931 8
      vertex 66.616 0.435973 8
    endloop
  endfacet
  facet normal 0.522555 -0.852606 0
    outer loop
      vertex 67.1511 0.763931 8
      vertex 66.616 0.435973 0
      vertex 67.1511 0.763931 0
    endloop
  endfacet
  facet normal -0.233555 0.972344 0
    outer loop
      vertex 3.37426 68.7508 0
      vertex 2.76393 68.6042 8
      vertex 3.37426 68.7508 8
    endloop
  endfacet
  facet normal -0.233555 0.972344 0
    outer loop
      vertex 2.76393 68.6042 8
      vertex 3.37426 68.7508 0
      vertex 2.76393 68.6042 0
    endloop
  endfacet
  facet normal -0.996917 0.0784625 0
    outer loop
      vertex 0 64.8 0
      vertex 0.0492458 65.4257 8
      vertex 0.0492458 65.4257 0
    endloop
  endfacet
  facet normal -0.996917 0.0784625 0
    outer loop
      vertex 0.0492458 65.4257 8
      vertex 0 64.8 0
      vertex 0 64.8 8
    endloop
  endfacet
  facet normal -0.923879 -0.382686 0
    outer loop
      vertex 0.435973 2.18404 0
      vertex 0.195773 2.76393 8
      vertex 0.195773 2.76393 0
    endloop
  endfacet
  facet normal -0.923879 -0.382686 0
    outer loop
      vertex 0.195773 2.76393 8
      vertex 0.435973 2.18404 0
      vertex 0.435973 2.18404 8
    endloop
  endfacet
  facet normal 0 0 1
    outer loop
      vertex 9.3 8.4 8
      vertex 11.3 8.4 8
      vertex 11.2643 8.85366 8
    endloop
  endfacet
  facet normal 0 0 1
    outer loop
      vertex 9.28892 8.54079 8
      vertex 11.2643 8.85366 8
      vertex 11.1581 9.29615 8
    endloop
  endfacet
  facet normal 0 0 1
    outer loop
      vertex 11.3 8.4 8
      vertex 9.3 8.4 8
      vertex 11.2643 7.94634 8
    endloop
  endfacet
  facet normal 0 0 1
    outer loop
      vertex 9.25595 8.67811 8
      vertex 11.1581 9.29615 8
      vertex 10.9839 9.71657 8
    endloop
  endfacet
  facet normal -0 0 1
    outer loop
      vertex 9.28892 8.25921 8
      vertex 11.2643 7.94634 8
      vertex 9.3 8.4 8
    endloop
  endfacet
  facet normal 0 0 1
    outer loop
      vertex 9.20191 8.80859 8
      vertex 10.9839 9.71657 8
      vertex 10.7461 10.1046 8
    endloop
  endfacet
  facet normal 0 0 1
    outer loop
      vertex 11.2643 7.94634 8
      vertex 9.28892 8.25921 8
      vertex 11.1581 7.50385 8
    endloop
  endfacet
  facet normal 0 0 1
    outer loop
      vertex 9.12811 8.92901 8
      vertex 10.7461 10.1046 8
      vertex 10.4506 10.4506 8
    endloop
  endfacet
  facet normal -0 0 1
    outer loop
      vertex 9.25595 8.12188 8
      vertex 11.1581 7.50385 8
      vertex 9.28892 8.25921 8
    endloop
  endfacet
  facet normal 0 0 1
    outer loop
      vertex 9.0364 9.0364 8
      vertex 10.4506 10.4506 8
      vertex 10.1046 10.7461 8
    endloop
  endfacet
  facet normal 0 0 1
    outer loop
      vertex 11.1581 7.50385 8
      vertex 9.25595 8.12188 8
      vertex 10.9839 7.08343 8
    endloop
  endfacet
  facet normal 0 0 1
    outer loop
      vertex 8.92901 9.12811 8
      vertex 10.1046 10.7461 8
      vertex 9.71657 10.9839 8
    endloop
  endfacet
  facet normal -0 0 1
    outer loop
      vertex 9.20191 7.99141 8
      vertex 10.9839 7.08343 8
      vertex 9.25595 8.12188 8
    endloop
  endfacet
  facet normal 0 0 1
    outer loop
      vertex 10.9839 7.08343 8
      vertex 9.20191 7.99141 8
      vertex 10.7461 6.69542 8
    endloop
  endfacet
  facet normal 0 0 1
    outer loop
      vertex 8.80859 9.20191 8
      vertex 9.71657 10.9839 8
      vertex 9.29615 11.1581 8
    endloop
  endfacet
  facet normal 0 0 1
    outer loop
      vertex 11.2643 8.85366 8
      vertex 9.28892 8.54079 8
      vertex 9.3 8.4 8
    endloop
  endfacet
  facet normal 0 0 1
    outer loop
      vertex 11.1581 9.29615 8
      vertex 9.25595 8.67811 8
      vertex 9.28892 8.54079 8
    endloop
  endfacet
  facet normal 0 0 1
    outer loop
      vertex 10.9839 9.71657 8
      vertex 9.20191 8.80859 8
      vertex 9.25595 8.67811 8
    endloop
  endfacet
  facet normal 0 0 1
    outer loop
      vertex 10.7461 10.1046 8
      vertex 9.12811 8.92901 8
      vertex 9.20191 8.80859 8
    endloop
  endfacet
  facet normal 0 0 1
    outer loop
      vertex 10.4506 10.4506 8
      vertex 9.0364 9.0364 8
      vertex 9.12811 8.92901 8
    endloop
  endfacet
  facet normal 0 0 1
    outer loop
      vertex 10.1046 10.7461 8
      vertex 8.92901 9.12811 8
      vertex 9.0364 9.0364 8
    endloop
  endfacet
  facet normal 0 0 1
    outer loop
      vertex 8.67811 9.25595 8
      vertex 9.29615 11.1581 8
      vertex 8.85366 11.2643 8
    endloop
  endfacet
  facet normal 0 0 1
    outer loop
      vertex 9.71657 10.9839 8
      vertex 8.80859 9.20191 8
      vertex 8.92901 9.12811 8
    endloop
  endfacet
  facet normal 0 0 1
    outer loop
      vertex 9.29615 11.1581 8
      vertex 8.67811 9.25595 8
      vertex 8.80859 9.20191 8
    endloop
  endfacet
  facet normal 0 0 1
    outer loop
      vertex 8.85366 11.2643 8
      vertex 8.54079 9.28892 8
      vertex 8.67811 9.25595 8
    endloop
  endfacet
  facet normal 0 0 1
    outer loop
      vertex 8.4 11.3 8
      vertex 8.54079 9.28892 8
      vertex 8.85366 11.2643 8
    endloop
  endfacet
  facet normal 0 0 1
    outer loop
      vertex 8.4 11.3 8
      vertex 8.4 9.3 8
      vertex 8.54079 9.28892 8
    endloop
  endfacet
  facet normal 0 0 1
    outer loop
      vertex 8.4 11.3 8
      vertex 8.25921 9.28892 8
      vertex 8.4 9.3 8
    endloop
  endfacet
  facet normal -0 0 1
    outer loop
      vertex 7.94634 11.2643 8
      vertex 8.25921 9.28892 8
      vertex 8.4 11.3 8
    endloop
  endfacet
  facet normal 0 0 1
    outer loop
      vertex 8.25921 9.28892 8
      vertex 7.94634 11.2643 8
      vertex 8.12188 9.25595 8
    endloop
  endfacet
  facet normal -0 0 1
    outer loop
      vertex 7.50385 11.1581 8
      vertex 8.12188 9.25595 8
      vertex 7.94634 11.2643 8
    endloop
  endfacet
  facet normal 0 0 1
    outer loop
      vertex 8.12188 9.25595 8
      vertex 7.50385 11.1581 8
      vertex 7.99141 9.20191 8
    endloop
  endfacet
  facet normal -0 0 1
    outer loop
      vertex 7.08343 10.9839 8
      vertex 7.99141 9.20191 8
      vertex 7.50385 11.1581 8
    endloop
  endfacet
  facet normal 0 0 1
    outer loop
      vertex 7.99141 9.20191 8
      vertex 7.08343 10.9839 8
      vertex 7.87099 9.12811 8
    endloop
  endfacet
  facet normal -0 0 1
    outer loop
      vertex 6.69542 10.7461 8
      vertex 7.87099 9.12811 8
      vertex 7.08343 10.9839 8
    endloop
  endfacet
  facet normal 0 0 1
    outer loop
      vertex 7.87099 9.12811 8
      vertex 6.69542 10.7461 8
      vertex 7.7636 9.0364 8
    endloop
  endfacet
  facet normal -0 0 1
    outer loop
      vertex 6.34939 10.4506 8
      vertex 7.7636 9.0364 8
      vertex 6.69542 10.7461 8
    endloop
  endfacet
  facet normal 0 0 1
    outer loop
      vertex 7.7636 9.0364 8
      vertex 6.34939 10.4506 8
      vertex 7.67189 8.92901 8
    endloop
  endfacet
  facet normal -0 0 1
    outer loop
      vertex 6.05385 10.1046 8
      vertex 7.67189 8.92901 8
      vertex 6.34939 10.4506 8
    endloop
  endfacet
  facet normal 0 0 1
    outer loop
      vertex 7.67189 8.92901 8
      vertex 6.05385 10.1046 8
      vertex 7.59809 8.80859 8
    endloop
  endfacet
  facet normal -0 0 1
    outer loop
      vertex 9.12811 7.87099 8
      vertex 10.7461 6.69542 8
      vertex 9.20191 7.99141 8
    endloop
  endfacet
  facet normal 0 0 1
    outer loop
      vertex 10.7461 6.69542 8
      vertex 9.12811 7.87099 8
      vertex 10.4506 6.34939 8
    endloop
  endfacet
  facet normal -0 0 1
    outer loop
      vertex 9.0364 7.7636 8
      vertex 10.4506 6.34939 8
      vertex 9.12811 7.87099 8
    endloop
  endfacet
  facet normal 0 0 1
    outer loop
      vertex 10.4506 6.34939 8
      vertex 9.0364 7.7636 8
      vertex 10.1046 6.05385 8
    endloop
  endfacet
  facet normal -0 0 1
    outer loop
      vertex 8.92901 7.67189 8
      vertex 10.1046 6.05385 8
      vertex 9.0364 7.7636 8
    endloop
  endfacet
  facet normal 0 0 1
    outer loop
      vertex 10.1046 6.05385 8
      vertex 8.92901 7.67189 8
      vertex 9.71657 5.81608 8
    endloop
  endfacet
  facet normal -0 0 1
    outer loop
      vertex 8.80859 7.59809 8
      vertex 9.71657 5.81608 8
      vertex 8.92901 7.67189 8
    endloop
  endfacet
  facet normal -0 0 1
    outer loop
      vertex 8.67811 7.54405 8
      vertex 9.29615 5.64194 8
      vertex 8.80859 7.59809 8
    endloop
  endfacet
  facet normal 0 0 1
    outer loop
      vertex 9.71657 5.81608 8
      vertex 8.80859 7.59809 8
      vertex 9.29615 5.64194 8
    endloop
  endfacet
  facet normal -0 0 1
    outer loop
      vertex 9 2 8
      vertex 11.4 0 8
      vertex 11.4 2 8
    endloop
  endfacet
  facet normal 0 0 1
    outer loop
      vertex 9.29615 5.64194 8
      vertex 8.67811 7.54405 8
      vertex 9 5.57084 8
    endloop
  endfacet
  facet normal -0 0 1
    outer loop
      vertex 8.54079 7.51108 8
      vertex 9 5.57084 8
      vertex 8.67811 7.54405 8
    endloop
  endfacet
  facet normal -0 0 1
    outer loop
      vertex 8.4 7.5 8
      vertex 9 5.57084 8
      vertex 8.54079 7.51108 8
    endloop
  endfacet
  facet normal 0 0 1
    outer loop
      vertex 9 5.57084 8
      vertex 8.4 7.5 8
      vertex 7.8 5.57084 8
    endloop
  endfacet
  facet normal 0 0 1
    outer loop
      vertex 7.8 5.57084 8
      vertex 8.4 7.5 8
      vertex 8.25921 7.51108 8
    endloop
  endfacet
  facet normal 0 0 1
    outer loop
      vertex 7.8 5.57084 8
      vertex 8.25921 7.51108 8
      vertex 8.12188 7.54405 8
    endloop
  endfacet
  facet normal 0 0 1
    outer loop
      vertex 7.50385 5.64194 8
      vertex 8.12188 7.54405 8
      vertex 7.99141 7.59809 8
    endloop
  endfacet
  facet normal 0 0 1
    outer loop
      vertex 7.08343 5.81608 8
      vertex 7.99141 7.59809 8
      vertex 7.87099 7.67189 8
    endloop
  endfacet
  facet normal 0 0 1
    outer loop
      vertex 9 5.57084 8
      vertex 7.8 5.57084 8
      vertex 9 2 8
    endloop
  endfacet
  facet normal 0 0 1
    outer loop
      vertex 7.8 2 8
      vertex 9 2 8
      vertex 7.8 5.57084 8
    endloop
  endfacet
  facet normal -0 0 1
    outer loop
      vertex 7.8 2 8
      vertex 11.4 0 8
      vertex 9 2 8
    endloop
  endfacet
  facet normal 0 0 1
    outer loop
      vertex 4 0 8
      vertex 7.8 2 8
      vertex 4 2 8
    endloop
  endfacet
  facet normal 0 0 1
    outer loop
      vertex 7.8 2 8
      vertex 4 0 8
      vertex 11.4 0 8
    endloop
  endfacet
  facet normal 0 0 1
    outer loop
      vertex 3.68713 2.02462 8
      vertex 4 0 8
      vertex 4 2 8
    endloop
  endfacet
  facet normal 0 0 1
    outer loop
      vertex 3.37426 0.0492458 8
      vertex 3.68713 2.02462 8
      vertex 3.38197 2.09789 8
    endloop
  endfacet
  facet normal 0 0 1
    outer loop
      vertex 3.68713 2.02462 8
      vertex 3.37426 0.0492458 8
      vertex 4 0 8
    endloop
  endfacet
  facet normal 0 0 1
    outer loop
      vertex 2.76393 0.195773 8
      vertex 3.38197 2.09789 8
      vertex 3.09202 2.21799 8
    endloop
  endfacet
  facet normal 0 0 1
    outer loop
      vertex 2.18404 0.435973 8
      vertex 3.09202 2.21799 8
      vertex 2.82443 2.38197 8
    endloop
  endfacet
  facet normal 0 0 1
    outer loop
      vertex 3.38197 2.09789 8
      vertex 2.76393 0.195773 8
      vertex 3.37426 0.0492458 8
    endloop
  endfacet
  facet normal 0 0 1
    outer loop
      vertex 1.64886 0.763931 8
      vertex 2.82443 2.38197 8
      vertex 2.58579 2.58579 8
    endloop
  endfacet
  facet normal 0 0 1
    outer loop
      vertex 1.64886 0.763931 8
      vertex 2.58579 2.58579 8
      vertex 2.38197 2.82443 8
    endloop
  endfacet
  facet normal 0 0 1
    outer loop
      vertex 1.64886 0.763931 8
      vertex 2.38197 2.82443 8
      vertex 2.21799 3.09202 8
    endloop
  endfacet
  facet normal 0 0 1
    outer loop
      vertex 3.09202 2.21799 8
      vertex 2.18404 0.435973 8
      vertex 2.76393 0.195773 8
    endloop
  endfacet
  facet normal 0 0 1
    outer loop
      vertex 1.64886 0.763931 8
      vertex 2.21799 3.09202 8
      vertex 2.09789 3.38197 8
    endloop
  endfacet
  facet normal 0 0 1
    outer loop
      vertex 1.64886 0.763931 8
      vertex 2.09789 3.38197 8
      vertex 2.02462 3.68713 8
    endloop
  endfacet
  facet normal 0 0 1
    outer loop
      vertex 1.64886 0.763931 8
      vertex 2.02462 3.68713 8
      vertex 2 4 8
    endloop
  endfacet
  facet normal 0 0 1
    outer loop
      vertex 2.82443 2.38197 8
      vertex 1.64886 0.763931 8
      vertex 2.18404 0.435973 8
    endloop
  endfacet
  facet normal 0 0 1
    outer loop
      vertex 2 7.8 8
      vertex 1.64886 0.763931 8
      vertex 2 4 8
    endloop
  endfacet
  facet normal 0 0 1
    outer loop
      vertex 0 64.8 8
      vertex 1.64886 68.0361 8
      vertex 1.17157 67.6284 8
    endloop
  endfacet
  facet normal 0 0 1
    outer loop
      vertex 0 4 8
      vertex 2 9 8
      vertex 0 64.8 8
    endloop
  endfacet
  facet normal 0 0 1
    outer loop
      vertex 0 64.8 8
      vertex 1.17157 67.6284 8
      vertex 0.763931 67.1511 8
    endloop
  endfacet
  facet normal 0 0 1
    outer loop
      vertex 2 9 8
      vertex 0 4 8
      vertex 1.64886 0.763931 8
    endloop
  endfacet
  facet normal 0 0 1
    outer loop
      vertex 0 64.8 8
      vertex 0.763931 67.1511 8
      vertex 0.435973 66.616 8
    endloop
  endfacet
  facet normal 0 0 1
    outer loop
      vertex 1.64886 0.763931 8
      vertex 0 4 8
      vertex 1.17157 1.17157 8
    endloop
  endfacet
  facet normal 0 0 1
    outer loop
      vertex 0 64.8 8
      vertex 0.435973 66.616 8
      vertex 0.195773 66.0361 8
    endloop
  endfacet
  facet normal 0 0 1
    outer loop
      vertex 1.17157 1.17157 8
      vertex 0 4 8
      vertex 0.763931 1.64886 8
    endloop
  endfacet
  facet normal 0 0 1
    outer loop
      vertex 0 64.8 8
      vertex 0.195773 66.0361 8
      vertex 0.0492458 65.4257 8
    endloop
  endfacet
  facet normal 0 0 1
    outer loop
      vertex 0.763931 1.64886 8
      vertex 0 4 8
      vertex 0.435973 2.18404 8
    endloop
  endfacet
  facet normal 0 0 1
    outer loop
      vertex 0.435973 2.18404 8
      vertex 0 4 8
      vertex 0.195773 2.76393 8
    endloop
  endfacet
  facet normal 0 0 1
    outer loop
      vertex 0.195773 2.76393 8
      vertex 0 4 8
      vertex 0.0492458 3.37426 8
    endloop
  endfacet
  facet normal 0 0 1
    outer loop
      vertex 6.69542 6.05385 8
      vertex 7.87099 7.67189 8
      vertex 7.7636 7.7636 8
    endloop
  endfacet
  facet normal 0 0 1
    outer loop
      vertex 6.34939 6.34939 8
      vertex 7.7636 7.7636 8
      vertex 7.67189 7.87099 8
    endloop
  endfacet
  facet normal 0 0 1
    outer loop
      vertex 6.05385 6.69542 8
      vertex 7.67189 7.87099 8
      vertex 7.59809 7.99141 8
    endloop
  endfacet
  facet normal 0 0 1
    outer loop
      vertex 5.81608 7.08343 8
      vertex 7.59809 7.99141 8
      vertex 7.54405 8.12188 8
    endloop
  endfacet
  facet normal 0 0 1
    outer loop
      vertex 5.57084 7.8 8
      vertex 7.54405 8.12188 8
      vertex 7.51108 8.25921 8
    endloop
  endfacet
  facet normal 0 0 1
    outer loop
      vertex 8.12188 7.54405 8
      vertex 7.50385 5.64194 8
      vertex 7.8 5.57084 8
    endloop
  endfacet
  facet normal 0 0 1
    outer loop
      vertex 5.57084 7.8 8
      vertex 7.51108 8.25921 8
      vertex 7.5 8.4 8
    endloop
  endfacet
  facet normal -0 0 1
    outer loop
      vertex 5.81608 9.71657 8
      vertex 7.59809 8.80859 8
      vertex 6.05385 10.1046 8
    endloop
  endfacet
  facet normal 0 0 1
    outer loop
      vertex 7.99141 7.59809 8
      vertex 7.08343 5.81608 8
      vertex 7.50385 5.64194 8
    endloop
  endfacet
  facet normal 0 0 1
    outer loop
      vertex 7.59809 8.80859 8
      vertex 5.81608 9.71657 8
      vertex 7.54405 8.67811 8
    endloop
  endfacet
  facet normal 0 0 1
    outer loop
      vertex 7.87099 7.67189 8
      vertex 6.69542 6.05385 8
      vertex 7.08343 5.81608 8
    endloop
  endfacet
  facet normal -0 0 1
    outer loop
      vertex 5.64194 9.29615 8
      vertex 7.54405 8.67811 8
      vertex 5.81608 9.71657 8
    endloop
  endfacet
  facet normal 0 0 1
    outer loop
      vertex 7.7636 7.7636 8
      vertex 6.34939 6.34939 8
      vertex 6.69542 6.05385 8
    endloop
  endfacet
  facet normal -0 0 1
    outer loop
      vertex 5.57084 9 8
      vertex 7.54405 8.67811 8
      vertex 5.64194 9.29615 8
    endloop
  endfacet
  facet normal 0 0 1
    outer loop
      vertex 7.67189 7.87099 8
      vertex 6.05385 6.69542 8
      vertex 6.34939 6.34939 8
    endloop
  endfacet
  facet normal 0 0 1
    outer loop
      vertex 7.54405 8.67811 8
      vertex 5.57084 9 8
      vertex 7.51108 8.54079 8
    endloop
  endfacet
  facet normal 0 0 1
    outer loop
      vertex 5.57084 7.8 8
      vertex 7.5 8.4 8
      vertex 5.57084 9 8
    endloop
  endfacet
  facet normal 0 0 1
    outer loop
      vertex 7.51108 8.54079 8
      vertex 5.57084 9 8
      vertex 7.5 8.4 8
    endloop
  endfacet
  facet normal 0 0 1
    outer loop
      vertex 7.54405 8.12188 8
      vertex 5.57084 7.8 8
      vertex 5.64194 7.50385 8
    endloop
  endfacet
  facet normal 0 0 1
    outer loop
      vertex 7.59809 7.99141 8
      vertex 5.81608 7.08343 8
      vertex 6.05385 6.69542 8
    endloop
  endfacet
  facet normal 0 0 1
    outer loop
      vertex 7.54405 8.12188 8
      vertex 5.64194 7.50385 8
      vertex 5.81608 7.08343 8
    endloop
  endfacet
  facet normal -0 0 1
    outer loop
      vertex 2 9 8
      vertex 5.57084 7.8 8
      vertex 5.57084 9 8
    endloop
  endfacet
  facet normal 0 0 1
    outer loop
      vertex 5.57084 7.8 8
      vertex 2 9 8
      vertex 2 7.8 8
    endloop
  endfacet
  facet normal 0 0 1
    outer loop
      vertex 9.3 60.4 8
      vertex 11.3 60.4 8
      vertex 11.2643 60.8537 8
    endloop
  endfacet
  facet normal 0 0 1
    outer loop
      vertex 9.28892 60.5408 8
      vertex 11.2643 60.8537 8
      vertex 11.1581 61.2962 8
    endloop
  endfacet
  facet normal 0 0 1
    outer loop
      vertex 11.3 60.4 8
      vertex 9.3 60.4 8
      vertex 11.2643 59.9463 8
    endloop
  endfacet
  facet normal 0 0 1
    outer loop
      vertex 9.25595 60.6781 8
      vertex 11.1581 61.2962 8
      vertex 10.9839 61.7166 8
    endloop
  endfacet
  facet normal -0 0 1
    outer loop
      vertex 9.28892 60.2592 8
      vertex 11.2643 59.9463 8
      vertex 9.3 60.4 8
    endloop
  endfacet
  facet normal 0 0 1
    outer loop
      vertex 9.20191 60.8086 8
      vertex 10.9839 61.7166 8
      vertex 10.7461 62.1046 8
    endloop
  endfacet
  facet normal 0 0 1
    outer loop
      vertex 11.2643 59.9463 8
      vertex 9.28892 60.2592 8
      vertex 11.1581 59.5039 8
    endloop
  endfacet
  facet normal 0 0 1
    outer loop
      vertex 9.12811 60.929 8
      vertex 10.7461 62.1046 8
      vertex 10.4506 62.4506 8
    endloop
  endfacet
  facet normal -0 0 1
    outer loop
      vertex 9.25595 60.1219 8
      vertex 11.1581 59.5039 8
      vertex 9.28892 60.2592 8
    endloop
  endfacet
  facet normal 0 0 1
    outer loop
      vertex 9.0364 61.0364 8
      vertex 10.4506 62.4506 8
      vertex 10.1046 62.7461 8
    endloop
  endfacet
  facet normal 0 0 1
    outer loop
      vertex 11.1581 59.5039 8
      vertex 9.25595 60.1219 8
      vertex 10.9839 59.0834 8
    endloop
  endfacet
  facet normal 0 0 1
    outer loop
      vertex 8.92901 61.1281 8
      vertex 10.1046 62.7461 8
      vertex 9.71657 62.9839 8
    endloop
  endfacet
  facet normal -0 0 1
    outer loop
      vertex 9.20191 59.9914 8
      vertex 10.9839 59.0834 8
      vertex 9.25595 60.1219 8
    endloop
  endfacet
  facet normal 0 0 1
    outer loop
      vertex 10.9839 59.0834 8
      vertex 9.20191 59.9914 8
      vertex 10.7461 58.6954 8
    endloop
  endfacet
  facet normal 0 0 1
    outer loop
      vertex 8.80859 61.2019 8
      vertex 9.71657 62.9839 8
      vertex 9.29615 63.1581 8
    endloop
  endfacet
  facet normal 0 0 1
    outer loop
      vertex 11.2643 60.8537 8
      vertex 9.28892 60.5408 8
      vertex 9.3 60.4 8
    endloop
  endfacet
  facet normal 0 0 1
    outer loop
      vertex 11.1581 61.2962 8
      vertex 9.25595 60.6781 8
      vertex 9.28892 60.5408 8
    endloop
  endfacet
  facet normal 0 0 1
    outer loop
      vertex 10.9839 61.7166 8
      vertex 9.20191 60.8086 8
      vertex 9.25595 60.6781 8
    endloop
  endfacet
  facet normal 0 0 1
    outer loop
      vertex 10.7461 62.1046 8
      vertex 9.12811 60.929 8
      vertex 9.20191 60.8086 8
    endloop
  endfacet
  facet normal 0 0 1
    outer loop
      vertex 10.4506 62.4506 8
      vertex 9.0364 61.0364 8
      vertex 9.12811 60.929 8
    endloop
  endfacet
  facet normal 0 0 1
    outer loop
      vertex 8.67811 61.256 8
      vertex 9.29615 63.1581 8
      vertex 9 63.2292 8
    endloop
  endfacet
  facet normal 0 0 1
    outer loop
      vertex 10.1046 62.7461 8
      vertex 8.92901 61.1281 8
      vertex 9.0364 61.0364 8
    endloop
  endfacet
  facet normal -0 0 1
    outer loop
      vertex 9.12811 59.871 8
      vertex 10.7461 58.6954 8
      vertex 9.20191 59.9914 8
    endloop
  endfacet
  facet normal 0 0 1
    outer loop
      vertex 10.7461 58.6954 8
      vertex 9.12811 59.871 8
      vertex 10.4506 58.3494 8
    endloop
  endfacet
  facet normal -0 0 1
    outer loop
      vertex 9.0364 59.7636 8
      vertex 10.4506 58.3494 8
      vertex 9.12811 59.871 8
    endloop
  endfacet
  facet normal 0 0 1
    outer loop
      vertex 10.4506 58.3494 8
      vertex 9.0364 59.7636 8
      vertex 10.1046 58.0539 8
    endloop
  endfacet
  facet normal -0 0 1
    outer loop
      vertex 8.92901 59.6719 8
      vertex 10.1046 58.0539 8
      vertex 9.0364 59.7636 8
    endloop
  endfacet
  facet normal 0 0 1
    outer loop
      vertex 10.1046 58.0539 8
      vertex 8.92901 59.6719 8
      vertex 9.71657 57.8161 8
    endloop
  endfacet
  facet normal -0 0 1
    outer loop
      vertex 8.80859 59.5981 8
      vertex 9.71657 57.8161 8
      vertex 8.92901 59.6719 8
    endloop
  endfacet
  facet normal 0 0 1
    outer loop
      vertex 9.71657 57.8161 8
      vertex 8.80859 59.5981 8
      vertex 9.29615 57.6419 8
    endloop
  endfacet
  facet normal -0 0 1
    outer loop
      vertex 8.67811 59.544 8
      vertex 9.29615 57.6419 8
      vertex 8.80859 59.5981 8
    endloop
  endfacet
  facet normal 0 0 1
    outer loop
      vertex 9.29615 57.6419 8
      vertex 8.67811 59.544 8
      vertex 8.85366 57.5357 8
    endloop
  endfacet
  facet normal -0 0 1
    outer loop
      vertex 8.54079 59.5111 8
      vertex 8.85366 57.5357 8
      vertex 8.67811 59.544 8
    endloop
  endfacet
  facet normal -0 0 1
    outer loop
      vertex 8.4 59.5 8
      vertex 8.85366 57.5357 8
      vertex 8.54079 59.5111 8
    endloop
  endfacet
  facet normal 0 0 1
    outer loop
      vertex 8.4 59.5 8
      vertex 8.4 57.5 8
      vertex 8.85366 57.5357 8
    endloop
  endfacet
  facet normal 0 0 1
    outer loop
      vertex 8.25921 59.5111 8
      vertex 8.4 57.5 8
      vertex 8.4 59.5 8
    endloop
  endfacet
  facet normal 0 0 1
    outer loop
      vertex 7.94634 57.5357 8
      vertex 8.25921 59.5111 8
      vertex 8.12188 59.544 8
    endloop
  endfacet
  facet normal 0 0 1
    outer loop
      vertex 7.50385 57.6419 8
      vertex 8.12188 59.544 8
      vertex 7.99141 59.5981 8
    endloop
  endfacet
  facet normal 0 0 1
    outer loop
      vertex 8.25921 59.5111 8
      vertex 7.94634 57.5357 8
      vertex 8.4 57.5 8
    endloop
  endfacet
  facet normal 0 0 1
    outer loop
      vertex 7.08343 57.8161 8
      vertex 7.99141 59.5981 8
      vertex 7.87099 59.6719 8
    endloop
  endfacet
  facet normal 0 0 1
    outer loop
      vertex 6.69542 58.0539 8
      vertex 7.87099 59.6719 8
      vertex 7.7636 59.7636 8
    endloop
  endfacet
  facet normal 0 0 1
    outer loop
      vertex 6.34939 58.3494 8
      vertex 7.7636 59.7636 8
      vertex 7.67189 59.871 8
    endloop
  endfacet
  facet normal 0 0 1
    outer loop
      vertex 6.05385 58.6954 8
      vertex 7.67189 59.871 8
      vertex 7.59809 59.9914 8
    endloop
  endfacet
  facet normal 0 0 1
    outer loop
      vertex 5.81608 59.0834 8
      vertex 7.59809 59.9914 8
      vertex 7.54405 60.1219 8
    endloop
  endfacet
  facet normal 0 0 1
    outer loop
      vertex 5.57084 59.8 8
      vertex 7.54405 60.1219 8
      vertex 7.51108 60.2592 8
    endloop
  endfacet
  facet normal 0 0 1
    outer loop
      vertex 8.12188 59.544 8
      vertex 7.50385 57.6419 8
      vertex 7.94634 57.5357 8
    endloop
  endfacet
  facet normal 0 0 1
    outer loop
      vertex 5.57084 59.8 8
      vertex 7.51108 60.2592 8
      vertex 7.5 60.4 8
    endloop
  endfacet
  facet normal -0 0 1
    outer loop
      vertex 5.81608 61.7166 8
      vertex 7.59809 60.8086 8
      vertex 6.05385 62.1046 8
    endloop
  endfacet
  facet normal 0 0 1
    outer loop
      vertex 7.99141 59.5981 8
      vertex 7.08343 57.8161 8
      vertex 7.50385 57.6419 8
    endloop
  endfacet
  facet normal 0 0 1
    outer loop
      vertex 7.59809 60.8086 8
      vertex 5.81608 61.7166 8
      vertex 7.54405 60.6781 8
    endloop
  endfacet
  facet normal 0 0 1
    outer loop
      vertex 7.87099 59.6719 8
      vertex 6.69542 58.0539 8
      vertex 7.08343 57.8161 8
    endloop
  endfacet
  facet normal -0 0 1
    outer loop
      vertex 5.64194 61.2962 8
      vertex 7.54405 60.6781 8
      vertex 5.81608 61.7166 8
    endloop
  endfacet
  facet normal 0 0 1
    outer loop
      vertex 7.7636 59.7636 8
      vertex 6.34939 58.3494 8
      vertex 6.69542 58.0539 8
    endloop
  endfacet
  facet normal -0 0 1
    outer loop
      vertex 5.57084 61 8
      vertex 7.54405 60.6781 8
      vertex 5.64194 61.2962 8
    endloop
  endfacet
  facet normal 0 0 1
    outer loop
      vertex 7.67189 59.871 8
      vertex 6.05385 58.6954 8
      vertex 6.34939 58.3494 8
    endloop
  endfacet
  facet normal 0 0 1
    outer loop
      vertex 7.54405 60.6781 8
      vertex 5.57084 61 8
      vertex 7.51108 60.5408 8
    endloop
  endfacet
  facet normal 0 0 1
    outer loop
      vertex 5.57084 59.8 8
      vertex 7.5 60.4 8
      vertex 5.57084 61 8
    endloop
  endfacet
  facet normal 0 0 1
    outer loop
      vertex 7.51108 60.5408 8
      vertex 5.57084 61 8
      vertex 7.5 60.4 8
    endloop
  endfacet
  facet normal 0 0 1
    outer loop
      vertex 7.54405 60.1219 8
      vertex 5.57084 59.8 8
      vertex 5.64194 59.5039 8
    endloop
  endfacet
  facet normal 0 0 1
    outer loop
      vertex 7.59809 59.9914 8
      vertex 5.81608 59.0834 8
      vertex 6.05385 58.6954 8
    endloop
  endfacet
  facet normal 0 0 1
    outer loop
      vertex 7.54405 60.1219 8
      vertex 5.64194 59.5039 8
      vertex 5.81608 59.0834 8
    endloop
  endfacet
  facet normal -0 0 1
    outer loop
      vertex 2 61 8
      vertex 5.57084 59.8 8
      vertex 5.57084 61 8
    endloop
  endfacet
  facet normal 0 0 1
    outer loop
      vertex 5.57084 59.8 8
      vertex 2 61 8
      vertex 2 59.8 8
    endloop
  endfacet
  facet normal 0 0 1
    outer loop
      vertex 8.12188 61.256 8
      vertex 7.50385 63.1581 8
      vertex 7.99141 61.2019 8
    endloop
  endfacet
  facet normal -0 0 1
    outer loop
      vertex 7.08343 62.9839 8
      vertex 7.99141 61.2019 8
      vertex 7.50385 63.1581 8
    endloop
  endfacet
  facet normal 0 0 1
    outer loop
      vertex 7.99141 61.2019 8
      vertex 7.08343 62.9839 8
      vertex 7.87099 61.1281 8
    endloop
  endfacet
  facet normal -0 0 1
    outer loop
      vertex 6.69542 62.7461 8
      vertex 7.87099 61.1281 8
      vertex 7.08343 62.9839 8
    endloop
  endfacet
  facet normal 0 0 1
    outer loop
      vertex 7.87099 61.1281 8
      vertex 6.69542 62.7461 8
      vertex 7.7636 61.0364 8
    endloop
  endfacet
  facet normal -0 0 1
    outer loop
      vertex 6.34939 62.4506 8
      vertex 7.7636 61.0364 8
      vertex 6.69542 62.7461 8
    endloop
  endfacet
  facet normal 0 0 1
    outer loop
      vertex 7.7636 61.0364 8
      vertex 6.34939 62.4506 8
      vertex 7.67189 60.929 8
    endloop
  endfacet
  facet normal -0 0 1
    outer loop
      vertex 6.05385 62.1046 8
      vertex 7.67189 60.929 8
      vertex 6.34939 62.4506 8
    endloop
  endfacet
  facet normal 0 0 1
    outer loop
      vertex 7.67189 60.929 8
      vertex 6.05385 62.1046 8
      vertex 7.59809 60.8086 8
    endloop
  endfacet
  facet normal 0 0 1
    outer loop
      vertex 58.6954 6.05385 8
      vertex 59.871 7.67189 8
      vertex 59.7636 7.7636 8
    endloop
  endfacet
  facet normal 0 0 1
    outer loop
      vertex 58.3494 6.34939 8
      vertex 59.7636 7.7636 8
      vertex 59.6719 7.87099 8
    endloop
  endfacet
  facet normal 0 0 1
    outer loop
      vertex 58.0539 6.69542 8
      vertex 59.6719 7.87099 8
      vertex 59.5981 7.99141 8
    endloop
  endfacet
  facet normal 0 0 1
    outer loop
      vertex 57.8161 7.08343 8
      vertex 59.5981 7.99141 8
      vertex 59.544 8.12188 8
    endloop
  endfacet
  facet normal 0 0 1
    outer loop
      vertex 57.6419 7.50385 8
      vertex 59.544 8.12188 8
      vertex 59.5111 8.25921 8
    endloop
  endfacet
  facet normal 0 0 1
    outer loop
      vertex 59.871 7.67189 8
      vertex 59.5039 5.64194 8
      vertex 59.8 5.57084 8
    endloop
  endfacet
  facet normal 0 0 1
    outer loop
      vertex 57.5357 7.94634 8
      vertex 59.5111 8.25921 8
      vertex 59.5 8.4 8
    endloop
  endfacet
  facet normal -0 0 1
    outer loop
      vertex 57.8161 9.71657 8
      vertex 59.5981 8.80859 8
      vertex 58.0539 10.1046 8
    endloop
  endfacet
  facet normal 0 0 1
    outer loop
      vertex 59.871 7.67189 8
      vertex 59.0834 5.81608 8
      vertex 59.5039 5.64194 8
    endloop
  endfacet
  facet normal 0 0 1
    outer loop
      vertex 59.5981 8.80859 8
      vertex 57.8161 9.71657 8
      vertex 59.544 8.67811 8
    endloop
  endfacet
  facet normal 0 0 1
    outer loop
      vertex 59.871 7.67189 8
      vertex 58.6954 6.05385 8
      vertex 59.0834 5.81608 8
    endloop
  endfacet
  facet normal -0 0 1
    outer loop
      vertex 57.6419 9.29615 8
      vertex 59.544 8.67811 8
      vertex 57.8161 9.71657 8
    endloop
  endfacet
  facet normal 0 0 1
    outer loop
      vertex 59.7636 7.7636 8
      vertex 58.3494 6.34939 8
      vertex 58.6954 6.05385 8
    endloop
  endfacet
  facet normal 0 0 1
    outer loop
      vertex 59.544 8.67811 8
      vertex 57.6419 9.29615 8
      vertex 59.5111 8.54079 8
    endloop
  endfacet
  facet normal 0 0 1
    outer loop
      vertex 59.6719 7.87099 8
      vertex 58.0539 6.69542 8
      vertex 58.3494 6.34939 8
    endloop
  endfacet
  facet normal -0 0 1
    outer loop
      vertex 57.5357 8.85366 8
      vertex 59.5111 8.54079 8
      vertex 57.6419 9.29615 8
    endloop
  endfacet
  facet normal 0 0 1
    outer loop
      vertex 59.5981 7.99141 8
      vertex 57.8161 7.08343 8
      vertex 58.0539 6.69542 8
    endloop
  endfacet
  facet normal 0 0 1
    outer loop
      vertex 59.5111 8.54079 8
      vertex 57.5357 8.85366 8
      vertex 59.5 8.4 8
    endloop
  endfacet
  facet normal 0 0 1
    outer loop
      vertex 59.544 8.12188 8
      vertex 57.6419 7.50385 8
      vertex 57.8161 7.08343 8
    endloop
  endfacet
  facet normal 0 0 1
    outer loop
      vertex 57.5 8.4 8
      vertex 59.5 8.4 8
      vertex 57.5357 8.85366 8
    endloop
  endfacet
  facet normal 0 0 1
    outer loop
      vertex 59.5111 8.25921 8
      vertex 57.5357 7.94634 8
      vertex 57.6419 7.50385 8
    endloop
  endfacet
  facet normal 0 0 1
    outer loop
      vertex 59.5 8.4 8
      vertex 57.5 8.4 8
      vertex 57.5357 7.94634 8
    endloop
  endfacet
  facet normal 0 0 1
    outer loop
      vertex 60.1219 61.256 8
      vertex 59.5039 63.1581 8
      vertex 59.9914 61.2019 8
    endloop
  endfacet
  facet normal -0 0 1
    outer loop
      vertex 59.0834 62.9839 8
      vertex 59.9914 61.2019 8
      vertex 59.5039 63.1581 8
    endloop
  endfacet
  facet normal 0 0 1
    outer loop
      vertex 59.9914 61.2019 8
      vertex 59.0834 62.9839 8
      vertex 59.871 61.1281 8
    endloop
  endfacet
  facet normal -0 0 1
    outer loop
      vertex 58.6954 62.7461 8
      vertex 59.871 61.1281 8
      vertex 59.0834 62.9839 8
    endloop
  endfacet
  facet normal 0 0 1
    outer loop
      vertex 59.871 61.1281 8
      vertex 58.6954 62.7461 8
      vertex 59.7636 61.0364 8
    endloop
  endfacet
  facet normal -0 0 1
    outer loop
      vertex 58.3494 62.4506 8
      vertex 59.7636 61.0364 8
      vertex 58.6954 62.7461 8
    endloop
  endfacet
  facet normal 0 0 1
    outer loop
      vertex 59.7636 61.0364 8
      vertex 58.3494 62.4506 8
      vertex 59.6719 60.929 8
    endloop
  endfacet
  facet normal -0 0 1
    outer loop
      vertex 58.0539 62.1046 8
      vertex 59.6719 60.929 8
      vertex 58.3494 62.4506 8
    endloop
  endfacet
  facet normal 0 0 1
    outer loop
      vertex 59.6719 60.929 8
      vertex 58.0539 62.1046 8
      vertex 59.5981 60.8086 8
    endloop
  endfacet
  facet normal -0 0 1
    outer loop
      vertex 63.2292 9 8
      vertex 66.8 7.8 8
      vertex 66.8 9 8
    endloop
  endfacet
  facet normal 0 0 1
    outer loop
      vertex 63.2292 9 8
      vertex 63.2292 7.8 8
      vertex 66.8 7.8 8
    endloop
  endfacet
  facet normal 0 0 1
    outer loop
      vertex 61.256 8.67811 8
      vertex 63.2292 9 8
      vertex 63.1581 9.29615 8
    endloop
  endfacet
  facet normal 0 0 1
    outer loop
      vertex 63.2292 9 8
      vertex 61.3 8.4 8
      vertex 63.2292 7.8 8
    endloop
  endfacet
  facet normal 0 0 1
    outer loop
      vertex 61.256 8.67811 8
      vertex 63.1581 9.29615 8
      vertex 62.9839 9.71657 8
    endloop
  endfacet
  facet normal -0 0 1
    outer loop
      vertex 61.2889 8.25921 8
      vertex 63.2292 7.8 8
      vertex 61.3 8.4 8
    endloop
  endfacet
  facet normal 0 0 1
    outer loop
      vertex 61.2019 8.80859 8
      vertex 62.9839 9.71657 8
      vertex 62.7461 10.1046 8
    endloop
  endfacet
  facet normal -0 0 1
    outer loop
      vertex 61.256 8.12188 8
      vertex 63.2292 7.8 8
      vertex 61.2889 8.25921 8
    endloop
  endfacet
  facet normal 0 0 1
    outer loop
      vertex 61.1281 8.92901 8
      vertex 62.7461 10.1046 8
      vertex 62.4506 10.4506 8
    endloop
  endfacet
  facet normal 0 0 1
    outer loop
      vertex 63.2292 7.8 8
      vertex 61.256 8.12188 8
      vertex 63.1581 7.50385 8
    endloop
  endfacet
  facet normal 0 0 1
    outer loop
      vertex 61.0364 9.0364 8
      vertex 62.4506 10.4506 8
      vertex 62.1046 10.7461 8
    endloop
  endfacet
  facet normal 0 0 1
    outer loop
      vertex 63.1581 7.50385 8
      vertex 61.256 8.12188 8
      vertex 62.9839 7.08343 8
    endloop
  endfacet
  facet normal 0 0 1
    outer loop
      vertex 60.929 9.12811 8
      vertex 62.1046 10.7461 8
      vertex 61.7166 10.9839 8
    endloop
  endfacet
  facet normal -0 0 1
    outer loop
      vertex 61.2019 7.99141 8
      vertex 62.9839 7.08343 8
      vertex 61.256 8.12188 8
    endloop
  endfacet
  facet normal 0 0 1
    outer loop
      vertex 62.9839 7.08343 8
      vertex 61.2019 7.99141 8
      vertex 62.7461 6.69542 8
    endloop
  endfacet
  facet normal 0 0 1
    outer loop
      vertex 60.8086 9.20191 8
      vertex 61.7166 10.9839 8
      vertex 61.2962 11.1581 8
    endloop
  endfacet
  facet normal 0 0 1
    outer loop
      vertex 63.2292 9 8
      vertex 61.2889 8.54079 8
      vertex 61.3 8.4 8
    endloop
  endfacet
  facet normal 0 0 1
    outer loop
      vertex 63.2292 9 8
      vertex 61.256 8.67811 8
      vertex 61.2889 8.54079 8
    endloop
  endfacet
  facet normal 0 0 1
    outer loop
      vertex 62.9839 9.71657 8
      vertex 61.2019 8.80859 8
      vertex 61.256 8.67811 8
    endloop
  endfacet
  facet normal 0 0 1
    outer loop
      vertex 62.7461 10.1046 8
      vertex 61.1281 8.92901 8
      vertex 61.2019 8.80859 8
    endloop
  endfacet
  facet normal 0 0 1
    outer loop
      vertex 62.4506 10.4506 8
      vertex 61.0364 9.0364 8
      vertex 61.1281 8.92901 8
    endloop
  endfacet
  facet normal 0 0 1
    outer loop
      vertex 62.1046 10.7461 8
      vertex 60.929 9.12811 8
      vertex 61.0364 9.0364 8
    endloop
  endfacet
  facet normal 0 0 1
    outer loop
      vertex 60.6781 9.25595 8
      vertex 61.2962 11.1581 8
      vertex 60.8537 11.2643 8
    endloop
  endfacet
  facet normal 0 0 1
    outer loop
      vertex 61.7166 10.9839 8
      vertex 60.8086 9.20191 8
      vertex 60.929 9.12811 8
    endloop
  endfacet
  facet normal 0 0 1
    outer loop
      vertex 61.2962 11.1581 8
      vertex 60.6781 9.25595 8
      vertex 60.8086 9.20191 8
    endloop
  endfacet
  facet normal 0 0 1
    outer loop
      vertex 60.8537 11.2643 8
      vertex 60.5408 9.28892 8
      vertex 60.6781 9.25595 8
    endloop
  endfacet
  facet normal 0 0 1
    outer loop
      vertex 60.4 11.3 8
      vertex 60.5408 9.28892 8
      vertex 60.8537 11.2643 8
    endloop
  endfacet
  facet normal 0 0 1
    outer loop
      vertex 60.4 11.3 8
      vertex 60.4 9.3 8
      vertex 60.5408 9.28892 8
    endloop
  endfacet
  facet normal 0 0 1
    outer loop
      vertex 60.4 11.3 8
      vertex 60.2592 9.28892 8
      vertex 60.4 9.3 8
    endloop
  endfacet
  facet normal -0 0 1
    outer loop
      vertex 59.9463 11.2643 8
      vertex 60.2592 9.28892 8
      vertex 60.4 11.3 8
    endloop
  endfacet
  facet normal 0 0 1
    outer loop
      vertex 60.2592 9.28892 8
      vertex 59.9463 11.2643 8
      vertex 60.1219 9.25595 8
    endloop
  endfacet
  facet normal -0 0 1
    outer loop
      vertex 59.5039 11.1581 8
      vertex 60.1219 9.25595 8
      vertex 59.9463 11.2643 8
    endloop
  endfacet
  facet normal 0 0 1
    outer loop
      vertex 60.1219 9.25595 8
      vertex 59.5039 11.1581 8
      vertex 59.9914 9.20191 8
    endloop
  endfacet
  facet normal -0 0 1
    outer loop
      vertex 59.0834 10.9839 8
      vertex 59.9914 9.20191 8
      vertex 59.5039 11.1581 8
    endloop
  endfacet
  facet normal 0 0 1
    outer loop
      vertex 59.9914 9.20191 8
      vertex 59.0834 10.9839 8
      vertex 59.871 9.12811 8
    endloop
  endfacet
  facet normal -0 0 1
    outer loop
      vertex 58.6954 10.7461 8
      vertex 59.871 9.12811 8
      vertex 59.0834 10.9839 8
    endloop
  endfacet
  facet normal 0 0 1
    outer loop
      vertex 59.871 9.12811 8
      vertex 58.6954 10.7461 8
      vertex 59.7636 9.0364 8
    endloop
  endfacet
  facet normal -0 0 1
    outer loop
      vertex 58.3494 10.4506 8
      vertex 59.7636 9.0364 8
      vertex 58.6954 10.7461 8
    endloop
  endfacet
  facet normal 0 0 1
    outer loop
      vertex 59.7636 9.0364 8
      vertex 58.3494 10.4506 8
      vertex 59.6719 8.92901 8
    endloop
  endfacet
  facet normal -0 0 1
    outer loop
      vertex 58.0539 10.1046 8
      vertex 59.6719 8.92901 8
      vertex 58.3494 10.4506 8
    endloop
  endfacet
  facet normal 0 0 1
    outer loop
      vertex 59.6719 8.92901 8
      vertex 58.0539 10.1046 8
      vertex 59.5981 8.80859 8
    endloop
  endfacet
  facet normal -0 0 1
    outer loop
      vertex 63.2292 61 8
      vertex 66.8 59.8 8
      vertex 66.8 61 8
    endloop
  endfacet
  facet normal 0 0 1
    outer loop
      vertex 63.2292 61 8
      vertex 63.2292 59.8 8
      vertex 66.8 59.8 8
    endloop
  endfacet
  facet normal 0 0 1
    outer loop
      vertex 61.256 60.6781 8
      vertex 63.2292 61 8
      vertex 63.1581 61.2962 8
    endloop
  endfacet
  facet normal 0 0 1
    outer loop
      vertex 63.2292 61 8
      vertex 61.3 60.4 8
      vertex 63.2292 59.8 8
    endloop
  endfacet
  facet normal 0 0 1
    outer loop
      vertex 61.256 60.6781 8
      vertex 63.1581 61.2962 8
      vertex 62.9839 61.7166 8
    endloop
  endfacet
  facet normal -0 0 1
    outer loop
      vertex 61.2889 60.2592 8
      vertex 63.2292 59.8 8
      vertex 61.3 60.4 8
    endloop
  endfacet
  facet normal 0 0 1
    outer loop
      vertex 61.2019 60.8086 8
      vertex 62.9839 61.7166 8
      vertex 62.7461 62.1046 8
    endloop
  endfacet
  facet normal -0 0 1
    outer loop
      vertex 61.256 60.1219 8
      vertex 63.2292 59.8 8
      vertex 61.2889 60.2592 8
    endloop
  endfacet
  facet normal 0 0 1
    outer loop
      vertex 61.1281 60.929 8
      vertex 62.7461 62.1046 8
      vertex 62.4506 62.4506 8
    endloop
  endfacet
  facet normal 0 0 1
    outer loop
      vertex 63.2292 59.8 8
      vertex 61.256 60.1219 8
      vertex 63.1581 59.5039 8
    endloop
  endfacet
  facet normal 0 0 1
    outer loop
      vertex 61.0364 61.0364 8
      vertex 62.4506 62.4506 8
      vertex 62.1046 62.7461 8
    endloop
  endfacet
  facet normal 0 0 1
    outer loop
      vertex 63.1581 59.5039 8
      vertex 61.256 60.1219 8
      vertex 62.9839 59.0834 8
    endloop
  endfacet
  facet normal 0 0 1
    outer loop
      vertex 60.929 61.1281 8
      vertex 62.1046 62.7461 8
      vertex 61.7166 62.9839 8
    endloop
  endfacet
  facet normal -0 0 1
    outer loop
      vertex 61.2019 59.9914 8
      vertex 62.9839 59.0834 8
      vertex 61.256 60.1219 8
    endloop
  endfacet
  facet normal 0 0 1
    outer loop
      vertex 62.9839 59.0834 8
      vertex 61.2019 59.9914 8
      vertex 62.7461 58.6954 8
    endloop
  endfacet
  facet normal 0 0 1
    outer loop
      vertex 60.8086 61.2019 8
      vertex 61.7166 62.9839 8
      vertex 61.2962 63.1581 8
    endloop
  endfacet
  facet normal 0 0 1
    outer loop
      vertex 63.2292 61 8
      vertex 61.2889 60.5408 8
      vertex 61.3 60.4 8
    endloop
  endfacet
  facet normal 0 0 1
    outer loop
      vertex 63.2292 61 8
      vertex 61.256 60.6781 8
      vertex 61.2889 60.5408 8
    endloop
  endfacet
  facet normal 0 0 1
    outer loop
      vertex 62.9839 61.7166 8
      vertex 61.2019 60.8086 8
      vertex 61.256 60.6781 8
    endloop
  endfacet
  facet normal 0 0 1
    outer loop
      vertex 62.7461 62.1046 8
      vertex 61.1281 60.929 8
      vertex 61.2019 60.8086 8
    endloop
  endfacet
  facet normal 0 0 1
    outer loop
      vertex 62.4506 62.4506 8
      vertex 61.0364 61.0364 8
      vertex 61.1281 60.929 8
    endloop
  endfacet
  facet normal 0 0 1
    outer loop
      vertex 60.6781 61.256 8
      vertex 61.2962 63.1581 8
      vertex 61 63.2292 8
    endloop
  endfacet
  facet normal 0 0 1
    outer loop
      vertex 62.1046 62.7461 8
      vertex 60.929 61.1281 8
      vertex 61.0364 61.0364 8
    endloop
  endfacet
  facet normal 0 0 1
    outer loop
      vertex 66.8 64.8 8
      vertex 68.8 64.8 8
      vertex 68.7508 65.4257 8
    endloop
  endfacet
  facet normal 0 0 1
    outer loop
      vertex 68.8 64.8 8
      vertex 66.8 59.8 8
      vertex 68.8 4 8
    endloop
  endfacet
  facet normal 0 0 1
    outer loop
      vertex 66.7754 65.1129 8
      vertex 68.7508 65.4257 8
      vertex 68.6042 66.0361 8
    endloop
  endfacet
  facet normal -0 0 1
    outer loop
      vertex 66.8 9 8
      vertex 68.8 4 8
      vertex 66.8 59.8 8
    endloop
  endfacet
  facet normal 0 0 1
    outer loop
      vertex 66.7021 65.418 8
      vertex 68.6042 66.0361 8
      vertex 68.364 66.616 8
    endloop
  endfacet
  facet normal -0 0 1
    outer loop
      vertex 66.8 7.8 8
      vertex 68.8 4 8
      vertex 66.8 9 8
    endloop
  endfacet
  facet normal 0 0 1
    outer loop
      vertex 66.582 65.708 8
      vertex 68.364 66.616 8
      vertex 68.0361 67.1511 8
    endloop
  endfacet
  facet normal 0 0 1
    outer loop
      vertex 66.8 4 8
      vertex 68.8 4 8
      vertex 66.8 7.8 8
    endloop
  endfacet
  facet normal 0 0 1
    outer loop
      vertex 66.418 65.9756 8
      vertex 68.0361 67.1511 8
      vertex 67.6284 67.6284 8
    endloop
  endfacet
  facet normal 0 0 1
    outer loop
      vertex 68.8 4 8
      vertex 66.8 4 8
      vertex 68.7508 3.37426 8
    endloop
  endfacet
  facet normal 0 0 1
    outer loop
      vertex 66.2142 66.2142 8
      vertex 67.6284 67.6284 8
      vertex 67.1511 68.0361 8
    endloop
  endfacet
  facet normal -0 0 1
    outer loop
      vertex 66.7754 3.68713 8
      vertex 68.7508 3.37426 8
      vertex 66.8 4 8
    endloop
  endfacet
  facet normal 0 0 1
    outer loop
      vertex 68.8 64.8 8
      vertex 66.8 64.8 8
      vertex 66.8 61 8
    endloop
  endfacet
  facet normal 0 0 1
    outer loop
      vertex 68.7508 65.4257 8
      vertex 66.7754 65.1129 8
      vertex 66.8 64.8 8
    endloop
  endfacet
  facet normal 0 0 1
    outer loop
      vertex 68.6042 66.0361 8
      vertex 66.7021 65.418 8
      vertex 66.7754 65.1129 8
    endloop
  endfacet
  facet normal 0 0 1
    outer loop
      vertex 65.9756 66.418 8
      vertex 67.1511 68.0361 8
      vertex 66.616 68.364 8
    endloop
  endfacet
  facet normal 0 0 1
    outer loop
      vertex 68.364 66.616 8
      vertex 66.582 65.708 8
      vertex 66.7021 65.418 8
    endloop
  endfacet
  facet normal 0 0 1
    outer loop
      vertex 68.0361 67.1511 8
      vertex 66.418 65.9756 8
      vertex 66.582 65.708 8
    endloop
  endfacet
  facet normal 0 0 1
    outer loop
      vertex 67.6284 67.6284 8
      vertex 66.2142 66.2142 8
      vertex 66.418 65.9756 8
    endloop
  endfacet
  facet normal 0 0 1
    outer loop
      vertex 65.708 66.582 8
      vertex 66.616 68.364 8
      vertex 66.0361 68.6042 8
    endloop
  endfacet
  facet normal 0 0 1
    outer loop
      vertex 67.1511 68.0361 8
      vertex 65.9756 66.418 8
      vertex 66.2142 66.2142 8
    endloop
  endfacet
  facet normal 0 0 1
    outer loop
      vertex 66.616 68.364 8
      vertex 65.708 66.582 8
      vertex 65.9756 66.418 8
    endloop
  endfacet
  facet normal 0 0 1
    outer loop
      vertex 65.418 66.7021 8
      vertex 66.0361 68.6042 8
      vertex 65.4257 68.7508 8
    endloop
  endfacet
  facet normal 0 0 1
    outer loop
      vertex 66.0361 68.6042 8
      vertex 65.418 66.7021 8
      vertex 65.708 66.582 8
    endloop
  endfacet
  facet normal 0 0 1
    outer loop
      vertex 65.4257 68.7508 8
      vertex 65.1129 66.7754 8
      vertex 65.418 66.7021 8
    endloop
  endfacet
  facet normal 0 0 1
    outer loop
      vertex 64.8 68.8 8
      vertex 65.1129 66.7754 8
      vertex 65.4257 68.7508 8
    endloop
  endfacet
  facet normal 0 0 1
    outer loop
      vertex 64.8 68.8 8
      vertex 64.8 66.8 8
      vertex 65.1129 66.7754 8
    endloop
  endfacet
  facet normal 0 0 1
    outer loop
      vertex 64.8 68.8 8
      vertex 61 66.8 8
      vertex 64.8 66.8 8
    endloop
  endfacet
  facet normal -0 0 1
    outer loop
      vertex 59.8 66.8 8
      vertex 61 63.2292 8
      vertex 61 66.8 8
    endloop
  endfacet
  facet normal 0 0 1
    outer loop
      vertex 61.7166 62.9839 8
      vertex 60.8086 61.2019 8
      vertex 60.929 61.1281 8
    endloop
  endfacet
  facet normal 0 0 1
    outer loop
      vertex 61.2962 63.1581 8
      vertex 60.6781 61.256 8
      vertex 60.8086 61.2019 8
    endloop
  endfacet
  facet normal 0 0 1
    outer loop
      vertex 61 63.2292 8
      vertex 60.5408 61.2889 8
      vertex 60.6781 61.256 8
    endloop
  endfacet
  facet normal 0 0 1
    outer loop
      vertex 61 63.2292 8
      vertex 60.4 61.3 8
      vertex 60.5408 61.2889 8
    endloop
  endfacet
  facet normal 0 0 1
    outer loop
      vertex 59.8 63.2292 8
      vertex 61 63.2292 8
      vertex 59.8 66.8 8
    endloop
  endfacet
  facet normal -0 0 1
    outer loop
      vertex 59.8 63.2292 8
      vertex 60.4 61.3 8
      vertex 61 63.2292 8
    endloop
  endfacet
  facet normal 0 0 1
    outer loop
      vertex 60.4 61.3 8
      vertex 59.8 63.2292 8
      vertex 60.2592 61.2889 8
    endloop
  endfacet
  facet normal 0 0 1
    outer loop
      vertex 60.2592 61.2889 8
      vertex 59.8 63.2292 8
      vertex 60.1219 61.256 8
    endloop
  endfacet
  facet normal -0 0 1
    outer loop
      vertex 59.5039 63.1581 8
      vertex 60.1219 61.256 8
      vertex 59.8 63.2292 8
    endloop
  endfacet
  facet normal 0 0 1
    outer loop
      vertex 64.8 68.8 8
      vertex 59.8 66.8 8
      vertex 61 66.8 8
    endloop
  endfacet
  facet normal 0 0 1
    outer loop
      vertex 64.8 68.8 8
      vertex 9 66.8 8
      vertex 59.8 66.8 8
    endloop
  endfacet
  facet normal -0 0 1
    outer loop
      vertex 7.8 66.8 8
      vertex 9 63.2292 8
      vertex 9 66.8 8
    endloop
  endfacet
  facet normal 0 0 1
    outer loop
      vertex 9.71657 62.9839 8
      vertex 8.80859 61.2019 8
      vertex 8.92901 61.1281 8
    endloop
  endfacet
  facet normal 0 0 1
    outer loop
      vertex 9.29615 63.1581 8
      vertex 8.67811 61.256 8
      vertex 8.80859 61.2019 8
    endloop
  endfacet
  facet normal 0 0 1
    outer loop
      vertex 9 63.2292 8
      vertex 8.54079 61.2889 8
      vertex 8.67811 61.256 8
    endloop
  endfacet
  facet normal 0 0 1
    outer loop
      vertex 9 63.2292 8
      vertex 8.4 61.3 8
      vertex 8.54079 61.2889 8
    endloop
  endfacet
  facet normal 0 0 1
    outer loop
      vertex 7.8 63.2292 8
      vertex 9 63.2292 8
      vertex 7.8 66.8 8
    endloop
  endfacet
  facet normal -0 0 1
    outer loop
      vertex 7.8 63.2292 8
      vertex 8.4 61.3 8
      vertex 9 63.2292 8
    endloop
  endfacet
  facet normal 0 0 1
    outer loop
      vertex 8.4 61.3 8
      vertex 7.8 63.2292 8
      vertex 8.25921 61.2889 8
    endloop
  endfacet
  facet normal 0 0 1
    outer loop
      vertex 8.25921 61.2889 8
      vertex 7.8 63.2292 8
      vertex 8.12188 61.256 8
    endloop
  endfacet
  facet normal -0 0 1
    outer loop
      vertex 7.50385 63.1581 8
      vertex 8.12188 61.256 8
      vertex 7.8 63.2292 8
    endloop
  endfacet
  facet normal -0 0 1
    outer loop
      vertex 4 68.8 8
      vertex 9 66.8 8
      vertex 64.8 68.8 8
    endloop
  endfacet
  facet normal 0 0 1
    outer loop
      vertex 9 66.8 8
      vertex 4 68.8 8
      vertex 7.8 66.8 8
    endloop
  endfacet
  facet normal 0 0 1
    outer loop
      vertex 4 68.8 8
      vertex 4 66.8 8
      vertex 7.8 66.8 8
    endloop
  endfacet
  facet normal 0 0 1
    outer loop
      vertex 4 68.8 8
      vertex 3.68713 66.7754 8
      vertex 4 66.8 8
    endloop
  endfacet
  facet normal -0 0 1
    outer loop
      vertex 3.37426 68.7508 8
      vertex 3.68713 66.7754 8
      vertex 4 68.8 8
    endloop
  endfacet
  facet normal 0 0 1
    outer loop
      vertex 3.68713 66.7754 8
      vertex 3.37426 68.7508 8
      vertex 3.38197 66.7021 8
    endloop
  endfacet
  facet normal -0 0 1
    outer loop
      vertex 2.76393 68.6042 8
      vertex 3.38197 66.7021 8
      vertex 3.37426 68.7508 8
    endloop
  endfacet
  facet normal 0 0 1
    outer loop
      vertex 3.38197 66.7021 8
      vertex 2.76393 68.6042 8
      vertex 3.09202 66.582 8
    endloop
  endfacet
  facet normal -0 0 1
    outer loop
      vertex 2.18404 68.364 8
      vertex 3.09202 66.582 8
      vertex 2.76393 68.6042 8
    endloop
  endfacet
  facet normal 0 0 1
    outer loop
      vertex 3.09202 66.582 8
      vertex 2.18404 68.364 8
      vertex 2.82443 66.418 8
    endloop
  endfacet
  facet normal -0 0 1
    outer loop
      vertex 1.64886 68.0361 8
      vertex 2.82443 66.418 8
      vertex 2.18404 68.364 8
    endloop
  endfacet
  facet normal 0 0 1
    outer loop
      vertex 2.82443 66.418 8
      vertex 1.64886 68.0361 8
      vertex 2.58579 66.2142 8
    endloop
  endfacet
  facet normal 0 0 1
    outer loop
      vertex 2.58579 66.2142 8
      vertex 1.64886 68.0361 8
      vertex 2.38197 65.9756 8
    endloop
  endfacet
  facet normal 0 0 1
    outer loop
      vertex 2.38197 65.9756 8
      vertex 1.64886 68.0361 8
      vertex 2.21799 65.708 8
    endloop
  endfacet
  facet normal 0 0 1
    outer loop
      vertex 0 64.8 8
      vertex 2.21799 65.708 8
      vertex 1.64886 68.0361 8
    endloop
  endfacet
  facet normal 0 0 1
    outer loop
      vertex 2.21799 65.708 8
      vertex 0 64.8 8
      vertex 2.09789 65.418 8
    endloop
  endfacet
  facet normal 0 0 1
    outer loop
      vertex 2.02462 65.1129 8
      vertex 0 64.8 8
      vertex 2 64.8 8
    endloop
  endfacet
  facet normal 0 0 1
    outer loop
      vertex 2 64.8 8
      vertex 0 64.8 8
      vertex 2 61 8
    endloop
  endfacet
  facet normal 0 0 1
    outer loop
      vertex 2 61 8
      vertex 0 64.8 8
      vertex 2 59.8 8
    endloop
  endfacet
  facet normal 0 0 1
    outer loop
      vertex 2 59.8 8
      vertex 0 64.8 8
      vertex 2 9 8
    endloop
  endfacet
  facet normal 0 0 1
    outer loop
      vertex 2 9 8
      vertex 1.64886 0.763931 8
      vertex 2 7.8 8
    endloop
  endfacet
  facet normal 0 0 1
    outer loop
      vertex 2.09789 65.418 8
      vertex 0 64.8 8
      vertex 2.02462 65.1129 8
    endloop
  endfacet
  facet normal 0 0 1
    outer loop
      vertex 68.8 64.8 8
      vertex 66.8 61 8
      vertex 66.8 59.8 8
    endloop
  endfacet
  facet normal 0 0 1
    outer loop
      vertex 68.7508 3.37426 8
      vertex 66.7754 3.68713 8
      vertex 68.6042 2.76393 8
    endloop
  endfacet
  facet normal -0 0 1
    outer loop
      vertex 66.7021 3.38197 8
      vertex 68.6042 2.76393 8
      vertex 66.7754 3.68713 8
    endloop
  endfacet
  facet normal 0 0 1
    outer loop
      vertex 68.6042 2.76393 8
      vertex 66.7021 3.38197 8
      vertex 68.364 2.18404 8
    endloop
  endfacet
  facet normal -0 0 1
    outer loop
      vertex 66.582 3.09202 8
      vertex 68.364 2.18404 8
      vertex 66.7021 3.38197 8
    endloop
  endfacet
  facet normal 0 0 1
    outer loop
      vertex 68.364 2.18404 8
      vertex 66.582 3.09202 8
      vertex 68.0361 1.64886 8
    endloop
  endfacet
  facet normal -0 0 1
    outer loop
      vertex 66.418 2.82443 8
      vertex 68.0361 1.64886 8
      vertex 66.582 3.09202 8
    endloop
  endfacet
  facet normal 0 0 1
    outer loop
      vertex 68.0361 1.64886 8
      vertex 66.418 2.82443 8
      vertex 67.6284 1.17157 8
    endloop
  endfacet
  facet normal -0 0 1
    outer loop
      vertex 66.2142 2.58579 8
      vertex 67.6284 1.17157 8
      vertex 66.418 2.82443 8
    endloop
  endfacet
  facet normal 0 0 1
    outer loop
      vertex 67.6284 1.17157 8
      vertex 66.2142 2.58579 8
      vertex 67.1511 0.763931 8
    endloop
  endfacet
  facet normal -0 0 1
    outer loop
      vertex 65.9756 2.38197 8
      vertex 67.1511 0.763931 8
      vertex 66.2142 2.58579 8
    endloop
  endfacet
  facet normal 0 0 1
    outer loop
      vertex 67.1511 0.763931 8
      vertex 65.9756 2.38197 8
      vertex 66.616 0.435973 8
    endloop
  endfacet
  facet normal -0 0 1
    outer loop
      vertex 65.708 2.21799 8
      vertex 66.616 0.435973 8
      vertex 65.9756 2.38197 8
    endloop
  endfacet
  facet normal 0 0 1
    outer loop
      vertex 66.616 0.435973 8
      vertex 65.708 2.21799 8
      vertex 66.0361 0.195773 8
    endloop
  endfacet
  facet normal -0 0 1
    outer loop
      vertex 65.418 2.09789 8
      vertex 66.0361 0.195773 8
      vertex 65.708 2.21799 8
    endloop
  endfacet
  facet normal 0 0 1
    outer loop
      vertex 66.0361 0.195773 8
      vertex 65.418 2.09789 8
      vertex 65.4257 0.0492458 8
    endloop
  endfacet
  facet normal -0 0 1
    outer loop
      vertex 65.1129 2.02462 8
      vertex 65.4257 0.0492458 8
      vertex 65.418 2.09789 8
    endloop
  endfacet
  facet normal -0 0 1
    outer loop
      vertex 64.8 2 8
      vertex 65.4257 0.0492458 8
      vertex 65.1129 2.02462 8
    endloop
  endfacet
  facet normal 0 0 1
    outer loop
      vertex 64.8 2 8
      vertex 64.8 0 8
      vertex 65.4257 0.0492458 8
    endloop
  endfacet
  facet normal -0 0 1
    outer loop
      vertex 61 2 8
      vertex 64.8 0 8
      vertex 64.8 2 8
    endloop
  endfacet
  facet normal 0 0 1
    outer loop
      vertex 61.2962 5.64194 8
      vertex 60.6781 7.54405 8
      vertex 61 5.57084 8
    endloop
  endfacet
  facet normal -0 0 1
    outer loop
      vertex 60.5408 7.51108 8
      vertex 61 5.57084 8
      vertex 60.6781 7.54405 8
    endloop
  endfacet
  facet normal -0 0 1
    outer loop
      vertex 60.4 7.5 8
      vertex 61 5.57084 8
      vertex 60.5408 7.51108 8
    endloop
  endfacet
  facet normal 0 0 1
    outer loop
      vertex 61 5.57084 8
      vertex 60.4 7.5 8
      vertex 59.8 5.57084 8
    endloop
  endfacet
  facet normal 0 0 1
    outer loop
      vertex 59.8 5.57084 8
      vertex 60.4 7.5 8
      vertex 60.2592 7.51108 8
    endloop
  endfacet
  facet normal 0 0 1
    outer loop
      vertex 59.8 5.57084 8
      vertex 60.2592 7.51108 8
      vertex 60.1219 7.54405 8
    endloop
  endfacet
  facet normal 0 0 1
    outer loop
      vertex 59.8 5.57084 8
      vertex 60.1219 7.54405 8
      vertex 59.9914 7.59809 8
    endloop
  endfacet
  facet normal 0 0 1
    outer loop
      vertex 59.8 5.57084 8
      vertex 59.9914 7.59809 8
      vertex 59.871 7.67189 8
    endloop
  endfacet
  facet normal 0 0 1
    outer loop
      vertex 61 5.57084 8
      vertex 59.8 5.57084 8
      vertex 61 2 8
    endloop
  endfacet
  facet normal 0 0 1
    outer loop
      vertex 59.8 2 8
      vertex 61 2 8
      vertex 59.8 5.57084 8
    endloop
  endfacet
  facet normal 0 0 1
    outer loop
      vertex 57.4 0 8
      vertex 61 2 8
      vertex 59.8 2 8
    endloop
  endfacet
  facet normal 0 0 1
    outer loop
      vertex 57.4 0 8
      vertex 59.8 2 8
      vertex 57.4 2 8
    endloop
  endfacet
  facet normal 0 0 1
    outer loop
      vertex 61 2 8
      vertex 57.4 0 8
      vertex 64.8 0 8
    endloop
  endfacet
  facet normal -0 0 1
    outer loop
      vertex 61.1281 59.871 8
      vertex 62.7461 58.6954 8
      vertex 61.2019 59.9914 8
    endloop
  endfacet
  facet normal 0 0 1
    outer loop
      vertex 62.7461 58.6954 8
      vertex 61.1281 59.871 8
      vertex 62.4506 58.3494 8
    endloop
  endfacet
  facet normal -0 0 1
    outer loop
      vertex 61.0364 59.7636 8
      vertex 62.4506 58.3494 8
      vertex 61.1281 59.871 8
    endloop
  endfacet
  facet normal 0 0 1
    outer loop
      vertex 62.4506 58.3494 8
      vertex 61.0364 59.7636 8
      vertex 62.1046 58.0539 8
    endloop
  endfacet
  facet normal -0 0 1
    outer loop
      vertex 60.929 59.6719 8
      vertex 62.1046 58.0539 8
      vertex 61.0364 59.7636 8
    endloop
  endfacet
  facet normal 0 0 1
    outer loop
      vertex 62.1046 58.0539 8
      vertex 60.929 59.6719 8
      vertex 61.7166 57.8161 8
    endloop
  endfacet
  facet normal -0 0 1
    outer loop
      vertex 60.8086 59.5981 8
      vertex 61.7166 57.8161 8
      vertex 60.929 59.6719 8
    endloop
  endfacet
  facet normal 0 0 1
    outer loop
      vertex 61.7166 57.8161 8
      vertex 60.8086 59.5981 8
      vertex 61.2962 57.6419 8
    endloop
  endfacet
  facet normal -0 0 1
    outer loop
      vertex 60.6781 59.544 8
      vertex 61.2962 57.6419 8
      vertex 60.8086 59.5981 8
    endloop
  endfacet
  facet normal 0 0 1
    outer loop
      vertex 61.2962 57.6419 8
      vertex 60.6781 59.544 8
      vertex 60.8537 57.5357 8
    endloop
  endfacet
  facet normal -0 0 1
    outer loop
      vertex 60.5408 59.5111 8
      vertex 60.8537 57.5357 8
      vertex 60.6781 59.544 8
    endloop
  endfacet
  facet normal -0 0 1
    outer loop
      vertex 60.4 59.5 8
      vertex 60.8537 57.5357 8
      vertex 60.5408 59.5111 8
    endloop
  endfacet
  facet normal 0 0 1
    outer loop
      vertex 60.4 59.5 8
      vertex 60.4 57.5 8
      vertex 60.8537 57.5357 8
    endloop
  endfacet
  facet normal 0 0 1
    outer loop
      vertex 60.2592 59.5111 8
      vertex 60.4 57.5 8
      vertex 60.4 59.5 8
    endloop
  endfacet
  facet normal 0 0 1
    outer loop
      vertex 59.9463 57.5357 8
      vertex 60.2592 59.5111 8
      vertex 60.1219 59.544 8
    endloop
  endfacet
  facet normal 0 0 1
    outer loop
      vertex 59.5039 57.6419 8
      vertex 60.1219 59.544 8
      vertex 59.9914 59.5981 8
    endloop
  endfacet
  facet normal 0 0 1
    outer loop
      vertex 60.2592 59.5111 8
      vertex 59.9463 57.5357 8
      vertex 60.4 57.5 8
    endloop
  endfacet
  facet normal 0 0 1
    outer loop
      vertex 59.0834 57.8161 8
      vertex 59.9914 59.5981 8
      vertex 59.871 59.6719 8
    endloop
  endfacet
  facet normal 0 0 1
    outer loop
      vertex 58.6954 58.0539 8
      vertex 59.871 59.6719 8
      vertex 59.7636 59.7636 8
    endloop
  endfacet
  facet normal 0 0 1
    outer loop
      vertex 58.3494 58.3494 8
      vertex 59.7636 59.7636 8
      vertex 59.6719 59.871 8
    endloop
  endfacet
  facet normal 0 0 1
    outer loop
      vertex 58.0539 58.6954 8
      vertex 59.6719 59.871 8
      vertex 59.5981 59.9914 8
    endloop
  endfacet
  facet normal 0 0 1
    outer loop
      vertex 57.8161 59.0834 8
      vertex 59.5981 59.9914 8
      vertex 59.544 60.1219 8
    endloop
  endfacet
  facet normal 0 0 1
    outer loop
      vertex 57.6419 59.5039 8
      vertex 59.544 60.1219 8
      vertex 59.5111 60.2592 8
    endloop
  endfacet
  facet normal 0 0 1
    outer loop
      vertex 60.1219 59.544 8
      vertex 59.5039 57.6419 8
      vertex 59.9463 57.5357 8
    endloop
  endfacet
  facet normal 0 0 1
    outer loop
      vertex 57.5357 59.9463 8
      vertex 59.5111 60.2592 8
      vertex 59.5 60.4 8
    endloop
  endfacet
  facet normal -0 0 1
    outer loop
      vertex 57.8161 61.7166 8
      vertex 59.5981 60.8086 8
      vertex 58.0539 62.1046 8
    endloop
  endfacet
  facet normal 0 0 1
    outer loop
      vertex 59.9914 59.5981 8
      vertex 59.0834 57.8161 8
      vertex 59.5039 57.6419 8
    endloop
  endfacet
  facet normal 0 0 1
    outer loop
      vertex 59.5981 60.8086 8
      vertex 57.8161 61.7166 8
      vertex 59.544 60.6781 8
    endloop
  endfacet
  facet normal 0 0 1
    outer loop
      vertex 59.871 59.6719 8
      vertex 58.6954 58.0539 8
      vertex 59.0834 57.8161 8
    endloop
  endfacet
  facet normal -0 0 1
    outer loop
      vertex 57.6419 61.2962 8
      vertex 59.544 60.6781 8
      vertex 57.8161 61.7166 8
    endloop
  endfacet
  facet normal 0 0 1
    outer loop
      vertex 59.7636 59.7636 8
      vertex 58.3494 58.3494 8
      vertex 58.6954 58.0539 8
    endloop
  endfacet
  facet normal 0 0 1
    outer loop
      vertex 59.544 60.6781 8
      vertex 57.6419 61.2962 8
      vertex 59.5111 60.5408 8
    endloop
  endfacet
  facet normal 0 0 1
    outer loop
      vertex 59.6719 59.871 8
      vertex 58.0539 58.6954 8
      vertex 58.3494 58.3494 8
    endloop
  endfacet
  facet normal -0 0 1
    outer loop
      vertex 57.5357 60.8537 8
      vertex 59.5111 60.5408 8
      vertex 57.6419 61.2962 8
    endloop
  endfacet
  facet normal 0 0 1
    outer loop
      vertex 59.5981 59.9914 8
      vertex 57.8161 59.0834 8
      vertex 58.0539 58.6954 8
    endloop
  endfacet
  facet normal 0 0 1
    outer loop
      vertex 59.5111 60.5408 8
      vertex 57.5357 60.8537 8
      vertex 59.5 60.4 8
    endloop
  endfacet
  facet normal 0 0 1
    outer loop
      vertex 59.544 60.1219 8
      vertex 57.6419 59.5039 8
      vertex 57.8161 59.0834 8
    endloop
  endfacet
  facet normal 0 0 1
    outer loop
      vertex 57.5 60.4 8
      vertex 59.5 60.4 8
      vertex 57.5357 60.8537 8
    endloop
  endfacet
  facet normal 0 0 1
    outer loop
      vertex 59.5111 60.2592 8
      vertex 57.5357 59.9463 8
      vertex 57.6419 59.5039 8
    endloop
  endfacet
  facet normal 0 0 1
    outer loop
      vertex 59.5 60.4 8
      vertex 57.5 60.4 8
      vertex 57.5357 59.9463 8
    endloop
  endfacet
  facet normal -0 0 1
    outer loop
      vertex 61.1281 7.87099 8
      vertex 62.7461 6.69542 8
      vertex 61.2019 7.99141 8
    endloop
  endfacet
  facet normal 0 0 1
    outer loop
      vertex 62.7461 6.69542 8
      vertex 61.1281 7.87099 8
      vertex 62.4506 6.34939 8
    endloop
  endfacet
  facet normal -0 0 1
    outer loop
      vertex 61.0364 7.7636 8
      vertex 62.4506 6.34939 8
      vertex 61.1281 7.87099 8
    endloop
  endfacet
  facet normal 0 0 1
    outer loop
      vertex 62.4506 6.34939 8
      vertex 61.0364 7.7636 8
      vertex 62.1046 6.05385 8
    endloop
  endfacet
  facet normal -0 0 1
    outer loop
      vertex 60.929 7.67189 8
      vertex 62.1046 6.05385 8
      vertex 61.0364 7.7636 8
    endloop
  endfacet
  facet normal 0 0 1
    outer loop
      vertex 62.1046 6.05385 8
      vertex 60.929 7.67189 8
      vertex 61.7166 5.81608 8
    endloop
  endfacet
  facet normal -0 0 1
    outer loop
      vertex 60.8086 7.59809 8
      vertex 61.7166 5.81608 8
      vertex 60.929 7.67189 8
    endloop
  endfacet
  facet normal -0 0 1
    outer loop
      vertex 60.6781 7.54405 8
      vertex 61.2962 5.64194 8
      vertex 60.8086 7.59809 8
    endloop
  endfacet
  facet normal 0 0 1
    outer loop
      vertex 61.7166 5.81608 8
      vertex 60.8086 7.59809 8
      vertex 61.2962 5.64194 8
    endloop
  endfacet
  facet normal -0.923881 0.38268 0
    outer loop
      vertex 0.195773 66.0361 0
      vertex 0.435973 66.616 8
      vertex 0.435973 66.616 0
    endloop
  endfacet
  facet normal -0.923881 0.38268 0
    outer loop
      vertex 0.435973 66.616 8
      vertex 0.195773 66.0361 0
      vertex 0.195773 66.0361 8
    endloop
  endfacet
  facet normal -0.649515 0.760349 0
    outer loop
      vertex 66.2142 2.58579 2
      vertex 65.9756 2.38197 8
      vertex 66.2142 2.58579 8
    endloop
  endfacet
  facet normal -0.649515 0.760349 0
    outer loop
      vertex 65.9756 2.38197 8
      vertex 66.2142 2.58579 2
      vertex 65.9756 2.38197 2
    endloop
  endfacet
  facet normal 0.760403 0.649452 0
    outer loop
      vertex 2.58579 2.58579 8
      vertex 2.38197 2.82443 2
      vertex 2.38197 2.82443 8
    endloop
  endfacet
  facet normal 0.760403 0.649452 0
    outer loop
      vertex 2.38197 2.82443 2
      vertex 2.58579 2.58579 8
      vertex 2.58579 2.58579 2
    endloop
  endfacet
  facet normal -0.76038 -0.649478 0
    outer loop
      vertex 66.418 65.9756 2
      vertex 66.2142 66.2142 8
      vertex 66.2142 66.2142 2
    endloop
  endfacet
  facet normal -0.76038 -0.649478 0
    outer loop
      vertex 66.2142 66.2142 8
      vertex 66.418 65.9756 2
      vertex 66.418 65.9756 8
    endloop
  endfacet
  facet normal 0.522546 -0.852611 0
    outer loop
      vertex 2.82443 66.418 2
      vertex 3.09202 66.582 8
      vertex 2.82443 66.418 8
    endloop
  endfacet
  facet normal 0.522546 -0.852611 0
    outer loop
      vertex 3.09202 66.582 8
      vertex 2.82443 66.418 2
      vertex 3.09202 66.582 2
    endloop
  endfacet
  facet normal 0.852639 0.5225 0
    outer loop
      vertex 2.38197 2.82443 8
      vertex 2.21799 3.09202 2
      vertex 2.21799 3.09202 8
    endloop
  endfacet
  facet normal 0.852639 0.5225 0
    outer loop
      vertex 2.21799 3.09202 2
      vertex 2.38197 2.82443 8
      vertex 2.38197 2.82443 2
    endloop
  endfacet
  facet normal 0 1 -0
    outer loop
      vertex 57.4 2 8
      vertex 11.4 2 10.05
      vertex 57.4 2 10.05
    endloop
  endfacet
  facet normal 0 1 0
    outer loop
      vertex 57.4 2 8
      vertex 11.4 2 8
      vertex 11.4 2 10.05
    endloop
  endfacet
  facet normal 0 1 -0
    outer loop
      vertex 57.4 2 7.95
      vertex 11.4 2 8
      vertex 57.4 2 8
    endloop
  endfacet
  facet normal 0 1 0
    outer loop
      vertex 11.4 2 8
      vertex 57.4 2 7.95
      vertex 11.4 2 7.95
    endloop
  endfacet
  facet normal 0 1 0
    outer loop
      vertex 59.8 2 8
      vertex 57.4 2 7.95
      vertex 57.4 2 8
    endloop
  endfacet
  facet normal 0 1 0
    outer loop
      vertex 57.4 2 7.95
      vertex 59.8 2 2
      vertex 11.4 2 7.95
    endloop
  endfacet
  facet normal 0 1 -0
    outer loop
      vertex 59.8 2 2
      vertex 57.4 2 7.95
      vertex 59.8 2 8
    endloop
  endfacet
  facet normal 0 1 -0
    outer loop
      vertex 11.4 2 7.95
      vertex 9 2 8
      vertex 11.4 2 8
    endloop
  endfacet
  facet normal 0 1 0
    outer loop
      vertex 9 2 2
      vertex 11.4 2 7.95
      vertex 59.8 2 2
    endloop
  endfacet
  facet normal 0 1 0
    outer loop
      vertex 11.4 2 7.95
      vertex 9 2 2
      vertex 9 2 8
    endloop
  endfacet
  facet normal 0 1 -0
    outer loop
      vertex 64.8 2 2
      vertex 61 2 8
      vertex 64.8 2 8
    endloop
  endfacet
  facet normal 0 1 0
    outer loop
      vertex 61 2 8
      vertex 64.8 2 2
      vertex 61 2 2
    endloop
  endfacet
  facet normal 0 1 -0
    outer loop
      vertex 7.8 2 2
      vertex 4 2 8
      vertex 7.8 2 8
    endloop
  endfacet
  facet normal 0 1 0
    outer loop
      vertex 4 2 8
      vertex 7.8 2 2
      vertex 4 2 2
    endloop
  endfacet
  facet normal -0.0783775 -0.996924 0
    outer loop
      vertex 64.8 66.8 2
      vertex 65.1129 66.7754 8
      vertex 64.8 66.8 8
    endloop
  endfacet
  facet normal -0.0783775 -0.996924 -0
    outer loop
      vertex 65.1129 66.7754 8
      vertex 64.8 66.8 2
      vertex 65.1129 66.7754 2
    endloop
  endfacet
  facet normal 0 -1 0
    outer loop
      vertex 61 66.8 2
      vertex 64.8 66.8 8
      vertex 61 66.8 8
    endloop
  endfacet
  facet normal 0 -1 -0
    outer loop
      vertex 64.8 66.8 8
      vertex 61 66.8 2
      vertex 64.8 66.8 2
    endloop
  endfacet
  facet normal 0 -1 0
    outer loop
      vertex 4 66.8 2
      vertex 7.8 66.8 8
      vertex 4 66.8 8
    endloop
  endfacet
  facet normal 0 -1 -0
    outer loop
      vertex 7.8 66.8 8
      vertex 4 66.8 2
      vertex 7.8 66.8 2
    endloop
  endfacet
  facet normal 0 -1 0
    outer loop
      vertex 9 66.8 2
      vertex 59.8 66.8 8
      vertex 9 66.8 8
    endloop
  endfacet
  facet normal 0 -1 -0
    outer loop
      vertex 59.8 66.8 8
      vertex 9 66.8 2
      vertex 59.8 66.8 2
    endloop
  endfacet
  facet normal -0.233512 0.972354 0
    outer loop
      vertex 65.418 2.09789 2
      vertex 65.1129 2.02462 8
      vertex 65.418 2.09789 8
    endloop
  endfacet
  facet normal -0.233512 0.972354 0
    outer loop
      vertex 65.1129 2.02462 8
      vertex 65.418 2.09789 2
      vertex 65.1129 2.02462 2
    endloop
  endfacet
  facet normal -0.996923 0.078385 0
    outer loop
      vertex 66.7754 3.68713 2
      vertex 66.8 4 8
      vertex 66.8 4 2
    endloop
  endfacet
  facet normal -0.996923 0.078385 0
    outer loop
      vertex 66.8 4 8
      vertex 66.7754 3.68713 2
      vertex 66.7754 3.68713 8
    endloop
  endfacet
  facet normal -0.85262 -0.522532 0
    outer loop
      vertex 66.582 65.708 2
      vertex 66.418 65.9756 8
      vertex 66.418 65.9756 2
    endloop
  endfacet
  facet normal -0.85262 -0.522532 0
    outer loop
      vertex 66.418 65.9756 8
      vertex 66.582 65.708 2
      vertex 66.582 65.708 8
    endloop
  endfacet
  facet normal 1 -0 0
    outer loop
      vertex 2 61 8
      vertex 2 64.8 2
      vertex 2 64.8 8
    endloop
  endfacet
  facet normal 1 0 0
    outer loop
      vertex 2 64.8 2
      vertex 2 61 8
      vertex 2 61 2
    endloop
  endfacet
  facet normal 1 -0 0
    outer loop
      vertex 2 4 8
      vertex 2 7.8 2
      vertex 2 7.8 8
    endloop
  endfacet
  facet normal 1 0 0
    outer loop
      vertex 2 7.8 2
      vertex 2 4 8
      vertex 2 4 2
    endloop
  endfacet
  facet normal 1 -0 0
    outer loop
      vertex 2 9 8
      vertex 2 59.8 2
      vertex 2 59.8 8
    endloop
  endfacet
  facet normal 1 0 0
    outer loop
      vertex 2 59.8 2
      vertex 2 9 8
      vertex 2 9 2
    endloop
  endfacet
  facet normal -1 0 0
    outer loop
      vertex 66.8 4 2
      vertex 66.8 7.8 8
      vertex 66.8 7.8 2
    endloop
  endfacet
  facet normal -1 -0 0
    outer loop
      vertex 66.8 7.8 8
      vertex 66.8 4 2
      vertex 66.8 4 8
    endloop
  endfacet
  facet normal -1 0 0
    outer loop
      vertex 66.8 61 2
      vertex 66.8 64.8 8
      vertex 66.8 64.8 2
    endloop
  endfacet
  facet normal -1 -0 0
    outer loop
      vertex 66.8 64.8 8
      vertex 66.8 61 2
      vertex 66.8 61 8
    endloop
  endfacet
  facet normal -1 0 0
    outer loop
      vertex 66.8 9 2
      vertex 66.8 59.8 8
      vertex 66.8 59.8 2
    endloop
  endfacet
  facet normal -1 -0 0
    outer loop
      vertex 66.8 59.8 8
      vertex 66.8 9 2
      vertex 66.8 9 8
    endloop
  endfacet
  facet normal 0.5225 0.852639 -0
    outer loop
      vertex 3.09202 2.21799 2
      vertex 2.82443 2.38197 8
      vertex 3.09202 2.21799 8
    endloop
  endfacet
  facet normal 0.5225 0.852639 0
    outer loop
      vertex 2.82443 2.38197 8
      vertex 3.09202 2.21799 2
      vertex 2.82443 2.38197 2
    endloop
  endfacet
  facet normal 0.972364 0.233468 0
    outer loop
      vertex 2.09789 3.38197 8
      vertex 2.02462 3.68713 2
      vertex 2.02462 3.68713 8
    endloop
  endfacet
  facet normal 0.972364 0.233468 0
    outer loop
      vertex 2.02462 3.68713 2
      vertex 2.09789 3.38197 8
      vertex 2.09789 3.38197 2
    endloop
  endfacet
  facet normal 0.649452 0.760403 -0
    outer loop
      vertex 2.82443 2.38197 2
      vertex 2.58579 2.58579 8
      vertex 2.82443 2.38197 8
    endloop
  endfacet
  facet normal 0.649452 0.760403 0
    outer loop
      vertex 2.58579 2.58579 8
      vertex 2.82443 2.38197 2
      vertex 2.58579 2.58579 2
    endloop
  endfacet
  facet normal 0.923881 0.38268 0
    outer loop
      vertex 2.21799 3.09202 8
      vertex 2.09789 3.38197 2
      vertex 2.09789 3.38197 8
    endloop
  endfacet
  facet normal 0.923881 0.38268 0
    outer loop
      vertex 2.09789 3.38197 2
      vertex 2.21799 3.09202 8
      vertex 2.21799 3.09202 2
    endloop
  endfacet
  facet normal 0.649415 -0.760434 0
    outer loop
      vertex 2.58579 66.2142 2
      vertex 2.82443 66.418 8
      vertex 2.58579 66.2142 8
    endloop
  endfacet
  facet normal 0.649415 -0.760434 0
    outer loop
      vertex 2.82443 66.418 8
      vertex 2.58579 66.2142 2
      vertex 2.82443 66.418 2
    endloop
  endfacet
  facet normal 0.233559 -0.972343 0
    outer loop
      vertex 3.38197 66.7021 2
      vertex 3.68713 66.7754 8
      vertex 3.38197 66.7021 8
    endloop
  endfacet
  facet normal 0.233559 -0.972343 0
    outer loop
      vertex 3.68713 66.7754 8
      vertex 3.38197 66.7021 2
      vertex 3.68713 66.7754 2
    endloop
  endfacet
  facet normal -0.522486 0.852648 0
    outer loop
      vertex 65.9756 2.38197 2
      vertex 65.708 2.21799 8
      vertex 65.9756 2.38197 8
    endloop
  endfacet
  facet normal -0.522486 0.852648 0
    outer loop
      vertex 65.708 2.21799 8
      vertex 65.9756 2.38197 2
      vertex 65.708 2.21799 2
    endloop
  endfacet
  facet normal 0.078385 -0.996923 0
    outer loop
      vertex 3.68713 66.7754 2
      vertex 4 66.8 8
      vertex 3.68713 66.7754 8
    endloop
  endfacet
  facet normal 0.078385 -0.996923 0
    outer loop
      vertex 4 66.8 8
      vertex 3.68713 66.7754 2
      vertex 4 66.8 2
    endloop
  endfacet
  facet normal -0.923881 0.38268 0
    outer loop
      vertex 66.582 3.09202 2
      vertex 66.7021 3.38197 8
      vertex 66.7021 3.38197 2
    endloop
  endfacet
  facet normal -0.923881 0.38268 0
    outer loop
      vertex 66.7021 3.38197 8
      vertex 66.582 3.09202 2
      vertex 66.582 3.09202 8
    endloop
  endfacet
  facet normal -0.972332 -0.233602 0
    outer loop
      vertex 66.7754 65.1129 2
      vertex 66.7021 65.418 8
      vertex 66.7021 65.418 2
    endloop
  endfacet
  facet normal -0.972332 -0.233602 0
    outer loop
      vertex 66.7021 65.418 8
      vertex 66.7754 65.1129 2
      vertex 66.7754 65.1129 8
    endloop
  endfacet
  facet normal 0.233468 0.972364 -0
    outer loop
      vertex 3.68713 2.02462 2
      vertex 3.38197 2.09789 8
      vertex 3.68713 2.02462 8
    endloop
  endfacet
  facet normal 0.233468 0.972364 0
    outer loop
      vertex 3.38197 2.09789 8
      vertex 3.68713 2.02462 2
      vertex 3.38197 2.09789 2
    endloop
  endfacet
  facet normal -0.382624 0.923904 0
    outer loop
      vertex 65.708 2.21799 2
      vertex 65.418 2.09789 8
      vertex 65.708 2.21799 8
    endloop
  endfacet
  facet normal -0.382624 0.923904 0
    outer loop
      vertex 65.418 2.09789 8
      vertex 65.708 2.21799 2
      vertex 65.418 2.09789 2
    endloop
  endfacet
  facet normal -0.972343 0.233559 0
    outer loop
      vertex 66.7021 3.38197 2
      vertex 66.7754 3.68713 8
      vertex 66.7754 3.68713 2
    endloop
  endfacet
  facet normal -0.972343 0.233559 0
    outer loop
      vertex 66.7754 3.68713 8
      vertex 66.7021 3.38197 2
      vertex 66.7021 3.38197 8
    endloop
  endfacet
  facet normal 0.996918 0.0784483 0
    outer loop
      vertex 2.02462 3.68713 8
      vertex 2 4 2
      vertex 2 4 8
    endloop
  endfacet
  facet normal 0.996918 0.0784483 0
    outer loop
      vertex 2 4 2
      vertex 2.02462 3.68713 8
      vertex 2.02462 3.68713 2
    endloop
  endfacet
  facet normal 0.38268 -0.923881 0
    outer loop
      vertex 3.09202 66.582 2
      vertex 3.38197 66.7021 8
      vertex 3.09202 66.582 8
    endloop
  endfacet
  facet normal 0.38268 -0.923881 0
    outer loop
      vertex 3.38197 66.7021 8
      vertex 3.09202 66.582 2
      vertex 3.38197 66.7021 2
    endloop
  endfacet
  facet normal -0.649478 -0.76038 0
    outer loop
      vertex 65.9756 66.418 2
      vertex 66.2142 66.2142 8
      vertex 65.9756 66.418 8
    endloop
  endfacet
  facet normal -0.649478 -0.76038 -0
    outer loop
      vertex 66.2142 66.2142 8
      vertex 65.9756 66.418 2
      vertex 66.2142 66.2142 2
    endloop
  endfacet
  facet normal 0.0784483 0.996918 -0
    outer loop
      vertex 4 2 2
      vertex 3.68713 2.02462 8
      vertex 4 2 8
    endloop
  endfacet
  facet normal 0.0784483 0.996918 0
    outer loop
      vertex 3.68713 2.02462 8
      vertex 4 2 2
      vertex 3.68713 2.02462 2
    endloop
  endfacet
  facet normal -0.382624 -0.923904 0
    outer loop
      vertex 65.418 66.7021 2
      vertex 65.708 66.582 8
      vertex 65.418 66.7021 8
    endloop
  endfacet
  facet normal -0.382624 -0.923904 -0
    outer loop
      vertex 65.708 66.582 8
      vertex 65.418 66.7021 2
      vertex 65.708 66.582 2
    endloop
  endfacet
  facet normal -0.0784408 0.996919 0
    outer loop
      vertex 65.1129 2.02462 2
      vertex 64.8 2 8
      vertex 65.1129 2.02462 8
    endloop
  endfacet
  facet normal -0.0784408 0.996919 0
    outer loop
      vertex 64.8 2 8
      vertex 65.1129 2.02462 2
      vertex 64.8 2 2
    endloop
  endfacet
  facet normal 0.760349 -0.649515 0
    outer loop
      vertex 2.38197 65.9756 8
      vertex 2.58579 66.2142 2
      vertex 2.58579 66.2142 8
    endloop
  endfacet
  facet normal 0.760349 -0.649515 0
    outer loop
      vertex 2.58579 66.2142 2
      vertex 2.38197 65.9756 8
      vertex 2.38197 65.9756 2
    endloop
  endfacet
  facet normal -0.852611 0.522546 0
    outer loop
      vertex 66.418 2.82443 2
      vertex 66.582 3.09202 8
      vertex 66.582 3.09202 2
    endloop
  endfacet
  facet normal -0.852611 0.522546 0
    outer loop
      vertex 66.582 3.09202 8
      vertex 66.418 2.82443 2
      vertex 66.418 2.82443 8
    endloop
  endfacet
  facet normal 0.923904 -0.382624 0
    outer loop
      vertex 2.09789 65.418 8
      vertex 2.21799 65.708 2
      vertex 2.21799 65.708 8
    endloop
  endfacet
  facet normal 0.923904 -0.382624 0
    outer loop
      vertex 2.21799 65.708 2
      vertex 2.09789 65.418 8
      vertex 2.09789 65.418 2
    endloop
  endfacet
  facet normal -0.233602 -0.972332 0
    outer loop
      vertex 65.1129 66.7754 2
      vertex 65.418 66.7021 8
      vertex 65.1129 66.7754 8
    endloop
  endfacet
  facet normal -0.233602 -0.972332 -0
    outer loop
      vertex 65.418 66.7021 8
      vertex 65.1129 66.7754 2
      vertex 65.418 66.7021 2
    endloop
  endfacet
  facet normal 0.996919 -0.0784408 0
    outer loop
      vertex 2 64.8 8
      vertex 2.02462 65.1129 2
      vertex 2.02462 65.1129 8
    endloop
  endfacet
  facet normal 0.996919 -0.0784408 0
    outer loop
      vertex 2.02462 65.1129 2
      vertex 2 64.8 8
      vertex 2 64.8 2
    endloop
  endfacet
  facet normal 0.972354 -0.233512 0
    outer loop
      vertex 2.02462 65.1129 8
      vertex 2.09789 65.418 2
      vertex 2.09789 65.418 8
    endloop
  endfacet
  facet normal 0.972354 -0.233512 0
    outer loop
      vertex 2.09789 65.418 2
      vertex 2.02462 65.1129 8
      vertex 2.02462 65.1129 2
    endloop
  endfacet
  facet normal -0.760434 0.649415 0
    outer loop
      vertex 66.2142 2.58579 2
      vertex 66.418 2.82443 8
      vertex 66.418 2.82443 2
    endloop
  endfacet
  facet normal -0.760434 0.649415 0
    outer loop
      vertex 66.418 2.82443 8
      vertex 66.2142 2.58579 2
      vertex 66.2142 2.58579 8
    endloop
  endfacet
  facet normal -0.996924 -0.0783775 0
    outer loop
      vertex 66.8 64.8 2
      vertex 66.7754 65.1129 8
      vertex 66.7754 65.1129 2
    endloop
  endfacet
  facet normal -0.996924 -0.0783775 0
    outer loop
      vertex 66.7754 65.1129 8
      vertex 66.8 64.8 2
      vertex 66.8 64.8 8
    endloop
  endfacet
  facet normal 0.38268 0.923881 -0
    outer loop
      vertex 3.38197 2.09789 2
      vertex 3.09202 2.21799 8
      vertex 3.38197 2.09789 8
    endloop
  endfacet
  facet normal 0.38268 0.923881 0
    outer loop
      vertex 3.09202 2.21799 8
      vertex 3.38197 2.09789 2
      vertex 3.09202 2.21799 2
    endloop
  endfacet
  facet normal 0.852648 -0.522486 0
    outer loop
      vertex 2.21799 65.708 8
      vertex 2.38197 65.9756 2
      vertex 2.38197 65.9756 8
    endloop
  endfacet
  facet normal 0.852648 -0.522486 0
    outer loop
      vertex 2.38197 65.9756 2
      vertex 2.21799 65.708 8
      vertex 2.21799 65.708 2
    endloop
  endfacet
  facet normal -0.522532 -0.85262 0
    outer loop
      vertex 65.708 66.582 2
      vertex 65.9756 66.418 8
      vertex 65.708 66.582 8
    endloop
  endfacet
  facet normal -0.522532 -0.85262 -0
    outer loop
      vertex 65.9756 66.418 8
      vertex 65.708 66.582 2
      vertex 65.9756 66.418 2
    endloop
  endfacet
  facet normal -0.923904 -0.382624 0
    outer loop
      vertex 66.7021 65.418 2
      vertex 66.582 65.708 8
      vertex 66.582 65.708 2
    endloop
  endfacet
  facet normal -0.923904 -0.382624 0
    outer loop
      vertex 66.582 65.708 8
      vertex 66.7021 65.418 2
      vertex 66.7021 65.418 8
    endloop
  endfacet
  facet normal 0 0 1
    outer loop
      vertex 7.7508 4.30109 2
      vertex 7.8 2 2
      vertex 7.8 4.29722 2
    endloop
  endfacet
  facet normal 0 0 1
    outer loop
      vertex 7.11758 4.45312 2
      vertex 7.8 2 2
      vertex 7.7508 4.30109 2
    endloop
  endfacet
  facet normal 0 0 1
    outer loop
      vertex 6.51594 4.70232 2
      vertex 7.8 2 2
      vertex 7.11758 4.45312 2
    endloop
  endfacet
  facet normal 0 0 1
    outer loop
      vertex 4 2 2
      vertex 6.51594 4.70232 2
      vertex 5.96069 5.04258 2
    endloop
  endfacet
  facet normal 0 0 1
    outer loop
      vertex 4 2 2
      vertex 5.96069 5.04258 2
      vertex 5.46551 5.46551 2
    endloop
  endfacet
  facet normal 0 0 1
    outer loop
      vertex 2 4 2
      vertex 5.46551 5.46551 2
      vertex 5.04258 5.96069 2
    endloop
  endfacet
  facet normal 0 0 1
    outer loop
      vertex 6.51594 4.70232 2
      vertex 4 2 2
      vertex 7.8 2 2
    endloop
  endfacet
  facet normal 0 0 1
    outer loop
      vertex 2 4 2
      vertex 5.04258 5.96069 2
      vertex 4.70232 6.51594 2
    endloop
  endfacet
  facet normal 0 0 1
    outer loop
      vertex 2 7.8 2
      vertex 4.70232 6.51594 2
      vertex 4.45312 7.11758 2
    endloop
  endfacet
  facet normal 0 0 1
    outer loop
      vertex 2 7.8 2
      vertex 4.45312 7.11758 2
      vertex 4.30109 7.7508 2
    endloop
  endfacet
  facet normal -0 0 1
    outer loop
      vertex 2 7.8 2
      vertex 4.30109 7.7508 2
      vertex 4.29722 7.8 2
    endloop
  endfacet
  facet normal 0 0 1
    outer loop
      vertex 5.46551 5.46551 2
      vertex 2 4 2
      vertex 4 2 2
    endloop
  endfacet
  facet normal 0 0 1
    outer loop
      vertex 4 2 2
      vertex 2 4 2
      vertex 3.68713 2.02462 2
    endloop
  endfacet
  facet normal 0 0 1
    outer loop
      vertex 3.68713 2.02462 2
      vertex 2 4 2
      vertex 3.38197 2.09789 2
    endloop
  endfacet
  facet normal 0 0 1
    outer loop
      vertex 3.38197 2.09789 2
      vertex 2 4 2
      vertex 3.09202 2.21799 2
    endloop
  endfacet
  facet normal 0 0 1
    outer loop
      vertex 3.09202 2.21799 2
      vertex 2 4 2
      vertex 2.82443 2.38197 2
    endloop
  endfacet
  facet normal 0 0 1
    outer loop
      vertex 2.82443 2.38197 2
      vertex 2 4 2
      vertex 2.58579 2.58579 2
    endloop
  endfacet
  facet normal 0 0 1
    outer loop
      vertex 2.58579 2.58579 2
      vertex 2 4 2
      vertex 2.38197 2.82443 2
    endloop
  endfacet
  facet normal 0 0 1
    outer loop
      vertex 2.38197 2.82443 2
      vertex 2 4 2
      vertex 2.21799 3.09202 2
    endloop
  endfacet
  facet normal 0 0 1
    outer loop
      vertex 2.21799 3.09202 2
      vertex 2 4 2
      vertex 2.09789 3.38197 2
    endloop
  endfacet
  facet normal 0 0 1
    outer loop
      vertex 4.70232 6.51594 2
      vertex 2 7.8 2
      vertex 2 4 2
    endloop
  endfacet
  facet normal 0 0 1
    outer loop
      vertex 2.09789 3.38197 2
      vertex 2 4 2
      vertex 2.02462 3.68713 2
    endloop
  endfacet
  facet normal -0 0 1
    outer loop
      vertex 64.0977 6.51594 2
      vertex 66.8 4 2
      vertex 66.8 7.8 2
    endloop
  endfacet
  facet normal -0 0 1
    outer loop
      vertex 63.7574 5.96069 2
      vertex 66.8 4 2
      vertex 64.0977 6.51594 2
    endloop
  endfacet
  facet normal -0 0 1
    outer loop
      vertex 63.3345 5.46551 2
      vertex 66.8 4 2
      vertex 63.7574 5.96069 2
    endloop
  endfacet
  facet normal 0 0 1
    outer loop
      vertex 66.8 4 2
      vertex 63.3345 5.46551 2
      vertex 66.7754 3.68713 2
    endloop
  endfacet
  facet normal 0 0 1
    outer loop
      vertex 66.7754 3.68713 2
      vertex 63.3345 5.46551 2
      vertex 66.7021 3.38197 2
    endloop
  endfacet
  facet normal 0 0 1
    outer loop
      vertex 66.7021 3.38197 2
      vertex 63.3345 5.46551 2
      vertex 66.582 3.09202 2
    endloop
  endfacet
  facet normal 0 0 1
    outer loop
      vertex 66.582 3.09202 2
      vertex 63.3345 5.46551 2
      vertex 66.418 2.82443 2
    endloop
  endfacet
  facet normal 0 0 1
    outer loop
      vertex 66.418 2.82443 2
      vertex 63.3345 5.46551 2
      vertex 66.2142 2.58579 2
    endloop
  endfacet
  facet normal 0 0 1
    outer loop
      vertex 66.2142 2.58579 2
      vertex 63.3345 5.46551 2
      vertex 65.9756 2.38197 2
    endloop
  endfacet
  facet normal 0 0 1
    outer loop
      vertex 65.9756 2.38197 2
      vertex 63.3345 5.46551 2
      vertex 65.708 2.21799 2
    endloop
  endfacet
  facet normal 0 0 1
    outer loop
      vertex 64.4989 7.7508 2
      vertex 66.8 7.8 2
      vertex 64.5028 7.8 2
    endloop
  endfacet
  facet normal 0 0 1
    outer loop
      vertex 64.3469 7.11758 2
      vertex 66.8 7.8 2
      vertex 64.4989 7.7508 2
    endloop
  endfacet
  facet normal 0 0 1
    outer loop
      vertex 64.0977 6.51594 2
      vertex 66.8 7.8 2
      vertex 64.3469 7.11758 2
    endloop
  endfacet
  facet normal 0 0 1
    outer loop
      vertex 65.708 2.21799 2
      vertex 63.3345 5.46551 2
      vertex 65.418 2.09789 2
    endloop
  endfacet
  facet normal 0 0 1
    outer loop
      vertex 65.418 2.09789 2
      vertex 63.3345 5.46551 2
      vertex 65.1129 2.02462 2
    endloop
  endfacet
  facet normal 0 0 1
    outer loop
      vertex 65.1129 2.02462 2
      vertex 63.3345 5.46551 2
      vertex 64.8 2 2
    endloop
  endfacet
  facet normal -0 0 1
    outer loop
      vertex 62.8393 5.04258 2
      vertex 64.8 2 2
      vertex 63.3345 5.46551 2
    endloop
  endfacet
  facet normal -0 0 1
    outer loop
      vertex 62.2841 4.70232 2
      vertex 64.8 2 2
      vertex 62.8393 5.04258 2
    endloop
  endfacet
  facet normal 0 0 1
    outer loop
      vertex 61 2 2
      vertex 62.2841 4.70232 2
      vertex 61.6824 4.45312 2
    endloop
  endfacet
  facet normal 0 0 1
    outer loop
      vertex 61 2 2
      vertex 61.6824 4.45312 2
      vertex 61.0492 4.30109 2
    endloop
  endfacet
  facet normal 0 0 1
    outer loop
      vertex 61 2 2
      vertex 61.0492 4.30109 2
      vertex 61 4.29722 2
    endloop
  endfacet
  facet normal 0 0 1
    outer loop
      vertex 62.2841 4.70232 2
      vertex 61 2 2
      vertex 64.8 2 2
    endloop
  endfacet
  facet normal 0 0 1
    outer loop
      vertex 63.3345 63.3345 2
      vertex 66.8 64.8 2
      vertex 66.7754 65.1129 2
    endloop
  endfacet
  facet normal 0 0 1
    outer loop
      vertex 63.3345 63.3345 2
      vertex 66.7754 65.1129 2
      vertex 66.7021 65.418 2
    endloop
  endfacet
  facet normal 0 0 1
    outer loop
      vertex 63.3345 63.3345 2
      vertex 66.7021 65.418 2
      vertex 66.582 65.708 2
    endloop
  endfacet
  facet normal 0 0 1
    outer loop
      vertex 63.3345 63.3345 2
      vertex 66.582 65.708 2
      vertex 66.418 65.9756 2
    endloop
  endfacet
  facet normal 0 0 1
    outer loop
      vertex 63.3345 63.3345 2
      vertex 66.418 65.9756 2
      vertex 66.2142 66.2142 2
    endloop
  endfacet
  facet normal 0 0 1
    outer loop
      vertex 63.3345 63.3345 2
      vertex 66.2142 66.2142 2
      vertex 65.9756 66.418 2
    endloop
  endfacet
  facet normal 0 0 1
    outer loop
      vertex 63.3345 63.3345 2
      vertex 65.9756 66.418 2
      vertex 65.708 66.582 2
    endloop
  endfacet
  facet normal 0 0 1
    outer loop
      vertex 63.3345 63.3345 2
      vertex 65.708 66.582 2
      vertex 65.418 66.7021 2
    endloop
  endfacet
  facet normal 0 0 1
    outer loop
      vertex 63.3345 63.3345 2
      vertex 65.418 66.7021 2
      vertex 65.1129 66.7754 2
    endloop
  endfacet
  facet normal 0 0 1
    outer loop
      vertex 63.3345 63.3345 2
      vertex 65.1129 66.7754 2
      vertex 64.8 66.8 2
    endloop
  endfacet
  facet normal 0 0 1
    outer loop
      vertex 66.8 64.8 2
      vertex 64.0977 62.2841 2
      vertex 66.8 61 2
    endloop
  endfacet
  facet normal 0 0 1
    outer loop
      vertex 66.8 61 2
      vertex 64.4989 61.0492 2
      vertex 64.5028 61 2
    endloop
  endfacet
  facet normal 0 0 1
    outer loop
      vertex 66.8 61 2
      vertex 64.3469 61.6824 2
      vertex 64.4989 61.0492 2
    endloop
  endfacet
  facet normal 0 0 1
    outer loop
      vertex 66.8 61 2
      vertex 64.0977 62.2841 2
      vertex 64.3469 61.6824 2
    endloop
  endfacet
  facet normal 0 0 1
    outer loop
      vertex 66.8 64.8 2
      vertex 63.7574 62.8393 2
      vertex 64.0977 62.2841 2
    endloop
  endfacet
  facet normal 0 0 1
    outer loop
      vertex 66.8 64.8 2
      vertex 63.3345 63.3345 2
      vertex 63.7574 62.8393 2
    endloop
  endfacet
  facet normal 0 0 1
    outer loop
      vertex 64.8 66.8 2
      vertex 62.8393 63.7574 2
      vertex 63.3345 63.3345 2
    endloop
  endfacet
  facet normal 0 0 1
    outer loop
      vertex 64.8 66.8 2
      vertex 62.2841 64.0977 2
      vertex 62.8393 63.7574 2
    endloop
  endfacet
  facet normal -0 0 1
    outer loop
      vertex 61 66.8 2
      vertex 62.2841 64.0977 2
      vertex 64.8 66.8 2
    endloop
  endfacet
  facet normal 0 0 1
    outer loop
      vertex 62.2841 64.0977 2
      vertex 61 66.8 2
      vertex 61.6824 64.3469 2
    endloop
  endfacet
  facet normal 0 0 1
    outer loop
      vertex 61.6824 64.3469 2
      vertex 61 66.8 2
      vertex 61.0492 64.4989 2
    endloop
  endfacet
  facet normal 0 0 1
    outer loop
      vertex 61.0492 64.4989 2
      vertex 61 66.8 2
      vertex 61 64.5028 2
    endloop
  endfacet
  facet normal 0 0 1
    outer loop
      vertex 7.8 66.8 2
      vertex 7.7508 64.4989 2
      vertex 7.8 64.5028 2
    endloop
  endfacet
  facet normal 0 0 1
    outer loop
      vertex 7.8 66.8 2
      vertex 7.11758 64.3469 2
      vertex 7.7508 64.4989 2
    endloop
  endfacet
  facet normal 0 0 1
    outer loop
      vertex 7.8 66.8 2
      vertex 6.51594 64.0977 2
      vertex 7.11758 64.3469 2
    endloop
  endfacet
  facet normal -0 0 1
    outer loop
      vertex 4 66.8 2
      vertex 6.51594 64.0977 2
      vertex 7.8 66.8 2
    endloop
  endfacet
  facet normal 0 0 1
    outer loop
      vertex 6.51594 64.0977 2
      vertex 4 66.8 2
      vertex 5.96069 63.7574 2
    endloop
  endfacet
  facet normal 0 0 1
    outer loop
      vertex 5.96069 63.7574 2
      vertex 4 66.8 2
      vertex 5.46551 63.3345 2
    endloop
  endfacet
  facet normal -0 0 1
    outer loop
      vertex 2 64.8 2
      vertex 5.46551 63.3345 2
      vertex 4 66.8 2
    endloop
  endfacet
  facet normal 0 0 1
    outer loop
      vertex 5.46551 63.3345 2
      vertex 2 64.8 2
      vertex 5.04258 62.8393 2
    endloop
  endfacet
  facet normal 0 0 1
    outer loop
      vertex 5.04258 62.8393 2
      vertex 2 64.8 2
      vertex 4.70232 62.2841 2
    endloop
  endfacet
  facet normal 0 0 1
    outer loop
      vertex 2 61 2
      vertex 4.70232 62.2841 2
      vertex 2 64.8 2
    endloop
  endfacet
  facet normal 0 0 1
    outer loop
      vertex 4.70232 62.2841 2
      vertex 2 61 2
      vertex 4.45312 61.6824 2
    endloop
  endfacet
  facet normal 0 0 1
    outer loop
      vertex 2 64.8 2
      vertex 4 66.8 2
      vertex 3.68713 66.7754 2
    endloop
  endfacet
  facet normal 0 0 1
    outer loop
      vertex 2 64.8 2
      vertex 3.68713 66.7754 2
      vertex 3.38197 66.7021 2
    endloop
  endfacet
  facet normal 0 0 1
    outer loop
      vertex 2 64.8 2
      vertex 3.38197 66.7021 2
      vertex 3.09202 66.582 2
    endloop
  endfacet
  facet normal 0 0 1
    outer loop
      vertex 2 64.8 2
      vertex 3.09202 66.582 2
      vertex 2.82443 66.418 2
    endloop
  endfacet
  facet normal 0 0 1
    outer loop
      vertex 2 64.8 2
      vertex 2.82443 66.418 2
      vertex 2.58579 66.2142 2
    endloop
  endfacet
  facet normal 0 0 1
    outer loop
      vertex 2 64.8 2
      vertex 2.58579 66.2142 2
      vertex 2.38197 65.9756 2
    endloop
  endfacet
  facet normal 0 0 1
    outer loop
      vertex 2 64.8 2
      vertex 2.38197 65.9756 2
      vertex 2.21799 65.708 2
    endloop
  endfacet
  facet normal 0 0 1
    outer loop
      vertex 2 64.8 2
      vertex 2.21799 65.708 2
      vertex 2.09789 65.418 2
    endloop
  endfacet
  facet normal 0 0 1
    outer loop
      vertex 2 64.8 2
      vertex 2.09789 65.418 2
      vertex 2.02462 65.1129 2
    endloop
  endfacet
  facet normal 0 0 1
    outer loop
      vertex 4.45312 61.6824 2
      vertex 2 61 2
      vertex 4.30109 61.0492 2
    endloop
  endfacet
  facet normal 0 0 1
    outer loop
      vertex 4.30109 61.0492 2
      vertex 2 61 2
      vertex 4.29722 61 2
    endloop
  endfacet
  facet normal 0 0 1
    outer loop
      vertex 11.7574 57.9607 2
      vertex 57.0426 57.9607 2
      vertex 12.0977 58.5159 2
    endloop
  endfacet
  facet normal 0 0 1
    outer loop
      vertex 57.4655 11.3345 2
      vertex 12.4989 9.0492 2
      vertex 12.55 8.4 2
    endloop
  endfacet
  facet normal 0 0 1
    outer loop
      vertex 57.0426 57.9607 2
      vertex 11.7574 57.9607 2
      vertex 57.4655 57.4655 2
    endloop
  endfacet
  facet normal 0 0 1
    outer loop
      vertex 57.4655 11.3345 2
      vertex 12.3469 9.68242 2
      vertex 12.4989 9.0492 2
    endloop
  endfacet
  facet normal 0 0 1
    outer loop
      vertex 11.3345 57.4655 2
      vertex 57.4655 57.4655 2
      vertex 11.7574 57.9607 2
    endloop
  endfacet
  facet normal 0 0 1
    outer loop
      vertex 57.4655 11.3345 2
      vertex 12.0977 10.2841 2
      vertex 12.3469 9.68242 2
    endloop
  endfacet
  facet normal 0 0 1
    outer loop
      vertex 57.4655 57.4655 2
      vertex 11.3345 57.4655 2
      vertex 57.4655 11.3345 2
    endloop
  endfacet
  facet normal 0 0 1
    outer loop
      vertex 57.4655 11.3345 2
      vertex 11.7574 10.8393 2
      vertex 12.0977 10.2841 2
    endloop
  endfacet
  facet normal 0 0 1
    outer loop
      vertex 11.3345 11.3345 2
      vertex 57.4655 11.3345 2
      vertex 11.3345 57.4655 2
    endloop
  endfacet
  facet normal 0 0 1
    outer loop
      vertex 57.4655 11.3345 2
      vertex 11.3345 11.3345 2
      vertex 11.7574 10.8393 2
    endloop
  endfacet
  facet normal -0 0 1
    outer loop
      vertex 10.8393 57.0426 2
      vertex 11.3345 11.3345 2
      vertex 11.3345 57.4655 2
    endloop
  endfacet
  facet normal 0 0 1
    outer loop
      vertex 10.8393 57.0426 2
      vertex 10.8393 11.7574 2
      vertex 11.3345 11.3345 2
    endloop
  endfacet
  facet normal -0 0 1
    outer loop
      vertex 10.2841 56.7023 2
      vertex 10.8393 11.7574 2
      vertex 10.8393 57.0426 2
    endloop
  endfacet
  facet normal 0 0 1
    outer loop
      vertex 10.2841 56.7023 2
      vertex 10.2841 12.0977 2
      vertex 10.8393 11.7574 2
    endloop
  endfacet
  facet normal -0 0 1
    outer loop
      vertex 9.68242 56.4531 2
      vertex 10.2841 12.0977 2
      vertex 10.2841 56.7023 2
    endloop
  endfacet
  facet normal 0 0 1
    outer loop
      vertex 9.68242 56.4531 2
      vertex 9.68242 12.3469 2
      vertex 10.2841 12.0977 2
    endloop
  endfacet
  facet normal -0 0 1
    outer loop
      vertex 9.0492 56.3011 2
      vertex 9.68242 12.3469 2
      vertex 9.68242 56.4531 2
    endloop
  endfacet
  facet normal 0 0 1
    outer loop
      vertex 9.0492 56.3011 2
      vertex 9.0492 12.4989 2
      vertex 9.68242 12.3469 2
    endloop
  endfacet
  facet normal -0 0 1
    outer loop
      vertex 8.4 56.25 2
      vertex 9.0492 12.4989 2
      vertex 9.0492 56.3011 2
    endloop
  endfacet
  facet normal 0 0 1
    outer loop
      vertex 8.4 56.25 2
      vertex 8.4 12.55 2
      vertex 9.0492 12.4989 2
    endloop
  endfacet
  facet normal 0 0 1
    outer loop
      vertex 7.7508 56.3011 2
      vertex 8.4 12.55 2
      vertex 8.4 56.25 2
    endloop
  endfacet
  facet normal 0 0 1
    outer loop
      vertex 7.7508 56.3011 2
      vertex 7.7508 12.4989 2
      vertex 8.4 12.55 2
    endloop
  endfacet
  facet normal 0 0 1
    outer loop
      vertex 7.11758 56.4531 2
      vertex 7.7508 12.4989 2
      vertex 7.7508 56.3011 2
    endloop
  endfacet
  facet normal 0 0 1
    outer loop
      vertex 7.11758 56.4531 2
      vertex 7.11758 12.3469 2
      vertex 7.7508 12.4989 2
    endloop
  endfacet
  facet normal 0 0 1
    outer loop
      vertex 6.51594 56.7023 2
      vertex 7.11758 12.3469 2
      vertex 7.11758 56.4531 2
    endloop
  endfacet
  facet normal 0 0 1
    outer loop
      vertex 6.51594 56.7023 2
      vertex 6.51594 12.0977 2
      vertex 7.11758 12.3469 2
    endloop
  endfacet
  facet normal 0 0 1
    outer loop
      vertex 5.96069 57.0426 2
      vertex 6.51594 12.0977 2
      vertex 6.51594 56.7023 2
    endloop
  endfacet
  facet normal 0 0 1
    outer loop
      vertex 5.96069 57.0426 2
      vertex 5.96069 11.7574 2
      vertex 6.51594 12.0977 2
    endloop
  endfacet
  facet normal 0 0 1
    outer loop
      vertex 2 59.8 2
      vertex 5.96069 57.0426 2
      vertex 5.46551 57.4655 2
    endloop
  endfacet
  facet normal 0 0 1
    outer loop
      vertex 5.96069 57.0426 2
      vertex 2 59.8 2
      vertex 5.96069 11.7574 2
    endloop
  endfacet
  facet normal 0 0 1
    outer loop
      vertex 2 59.8 2
      vertex 5.46551 57.4655 2
      vertex 5.04258 57.9607 2
    endloop
  endfacet
  facet normal 0 0 1
    outer loop
      vertex 2 9 2
      vertex 5.96069 11.7574 2
      vertex 2 59.8 2
    endloop
  endfacet
  facet normal 0 0 1
    outer loop
      vertex 2 59.8 2
      vertex 5.04258 57.9607 2
      vertex 4.70232 58.5159 2
    endloop
  endfacet
  facet normal 0 0 1
    outer loop
      vertex 5.96069 11.7574 2
      vertex 2 9 2
      vertex 5.46551 11.3345 2
    endloop
  endfacet
  facet normal 0 0 1
    outer loop
      vertex 2 59.8 2
      vertex 4.70232 58.5159 2
      vertex 4.45312 59.1176 2
    endloop
  endfacet
  facet normal 0 0 1
    outer loop
      vertex 5.46551 11.3345 2
      vertex 2 9 2
      vertex 5.04258 10.8393 2
    endloop
  endfacet
  facet normal 0 0 1
    outer loop
      vertex 2 59.8 2
      vertex 4.45312 59.1176 2
      vertex 4.30109 59.7508 2
    endloop
  endfacet
  facet normal 0 0 1
    outer loop
      vertex 5.04258 10.8393 2
      vertex 2 9 2
      vertex 4.70232 10.2841 2
    endloop
  endfacet
  facet normal -0 0 1
    outer loop
      vertex 2 59.8 2
      vertex 4.30109 59.7508 2
      vertex 4.29722 59.8 2
    endloop
  endfacet
  facet normal 0 0 1
    outer loop
      vertex 4.70232 10.2841 2
      vertex 2 9 2
      vertex 4.45312 9.68242 2
    endloop
  endfacet
  facet normal 0 0 1
    outer loop
      vertex 4.45312 9.68242 2
      vertex 2 9 2
      vertex 4.30109 9.0492 2
    endloop
  endfacet
  facet normal 0 0 1
    outer loop
      vertex 4.30109 9.0492 2
      vertex 2 9 2
      vertex 4.29722 9 2
    endloop
  endfacet
  facet normal 0 0 1
    outer loop
      vertex 59.8 66.8 2
      vertex 59.7508 64.4989 2
      vertex 59.8 64.5028 2
    endloop
  endfacet
  facet normal 0 0 1
    outer loop
      vertex 59.8 66.8 2
      vertex 59.1176 64.3469 2
      vertex 59.7508 64.4989 2
    endloop
  endfacet
  facet normal 0 0 1
    outer loop
      vertex 59.8 66.8 2
      vertex 58.5159 64.0977 2
      vertex 59.1176 64.3469 2
    endloop
  endfacet
  facet normal 0 0 1
    outer loop
      vertex 59.8 66.8 2
      vertex 57.9607 63.7574 2
      vertex 58.5159 64.0977 2
    endloop
  endfacet
  facet normal 0 0 1
    outer loop
      vertex 59.8 66.8 2
      vertex 57.4655 63.3345 2
      vertex 57.9607 63.7574 2
    endloop
  endfacet
  facet normal 0 0 1
    outer loop
      vertex 59.8 66.8 2
      vertex 57.0426 62.8393 2
      vertex 57.4655 63.3345 2
    endloop
  endfacet
  facet normal 0 0 1
    outer loop
      vertex 56.4531 9.68242 2
      vertex 12.55 8.4 2
      vertex 56.3011 9.0492 2
    endloop
  endfacet
  facet normal 0 0 1
    outer loop
      vertex 56.3011 61.0492 2
      vertex 12.55 60.4 2
      vertex 56.25 60.4 2
    endloop
  endfacet
  facet normal 0 0 1
    outer loop
      vertex 12.4989 61.0492 2
      vertex 56.3011 61.0492 2
      vertex 56.4531 61.6824 2
    endloop
  endfacet
  facet normal 0 0 1
    outer loop
      vertex 12.3469 61.6824 2
      vertex 56.4531 61.6824 2
      vertex 56.7023 62.2841 2
    endloop
  endfacet
  facet normal 0 0 1
    outer loop
      vertex 12.0977 62.2841 2
      vertex 56.7023 62.2841 2
      vertex 57.0426 62.8393 2
    endloop
  endfacet
  facet normal 0 0 1
    outer loop
      vertex 11.7574 62.8393 2
      vertex 57.0426 62.8393 2
      vertex 59.8 66.8 2
    endloop
  endfacet
  facet normal 0 0 1
    outer loop
      vertex 56.3011 61.0492 2
      vertex 12.4989 61.0492 2
      vertex 12.55 60.4 2
    endloop
  endfacet
  facet normal 0 0 1
    outer loop
      vertex 56.4531 61.6824 2
      vertex 12.3469 61.6824 2
      vertex 12.4989 61.0492 2
    endloop
  endfacet
  facet normal 0 0 1
    outer loop
      vertex 56.7023 62.2841 2
      vertex 12.0977 62.2841 2
      vertex 12.3469 61.6824 2
    endloop
  endfacet
  facet normal 0 0 1
    outer loop
      vertex 57.0426 62.8393 2
      vertex 11.7574 62.8393 2
      vertex 12.0977 62.2841 2
    endloop
  endfacet
  facet normal -0 0 1
    outer loop
      vertex 9 66.8 2
      vertex 11.7574 62.8393 2
      vertex 59.8 66.8 2
    endloop
  endfacet
  facet normal 0 0 1
    outer loop
      vertex 11.7574 62.8393 2
      vertex 9 66.8 2
      vertex 11.3345 63.3345 2
    endloop
  endfacet
  facet normal 0 0 1
    outer loop
      vertex 11.3345 63.3345 2
      vertex 9 66.8 2
      vertex 10.8393 63.7574 2
    endloop
  endfacet
  facet normal 0 0 1
    outer loop
      vertex 10.8393 63.7574 2
      vertex 9 66.8 2
      vertex 10.2841 64.0977 2
    endloop
  endfacet
  facet normal 0 0 1
    outer loop
      vertex 10.2841 64.0977 2
      vertex 9 66.8 2
      vertex 9.68242 64.3469 2
    endloop
  endfacet
  facet normal 0 0 1
    outer loop
      vertex 9.68242 64.3469 2
      vertex 9 66.8 2
      vertex 9.0492 64.4989 2
    endloop
  endfacet
  facet normal 0 0 1
    outer loop
      vertex 9.0492 64.4989 2
      vertex 9 66.8 2
      vertex 9 64.5028 2
    endloop
  endfacet
  facet normal 0 0 1
    outer loop
      vertex 64.4989 59.7508 2
      vertex 66.8 59.8 2
      vertex 64.5028 59.8 2
    endloop
  endfacet
  facet normal 0 0 1
    outer loop
      vertex 64.3469 59.1176 2
      vertex 66.8 59.8 2
      vertex 64.4989 59.7508 2
    endloop
  endfacet
  facet normal 0 0 1
    outer loop
      vertex 64.0977 58.5159 2
      vertex 66.8 59.8 2
      vertex 64.3469 59.1176 2
    endloop
  endfacet
  facet normal 0 0 1
    outer loop
      vertex 66.8 9 2
      vertex 64.4989 9.0492 2
      vertex 64.5028 9 2
    endloop
  endfacet
  facet normal 0 0 1
    outer loop
      vertex 63.7574 57.9607 2
      vertex 66.8 59.8 2
      vertex 64.0977 58.5159 2
    endloop
  endfacet
  facet normal 0 0 1
    outer loop
      vertex 66.8 9 2
      vertex 64.3469 9.68242 2
      vertex 64.4989 9.0492 2
    endloop
  endfacet
  facet normal 0 0 1
    outer loop
      vertex 63.3345 57.4655 2
      vertex 66.8 59.8 2
      vertex 63.7574 57.9607 2
    endloop
  endfacet
  facet normal 0 0 1
    outer loop
      vertex 66.8 9 2
      vertex 64.0977 10.2841 2
      vertex 64.3469 9.68242 2
    endloop
  endfacet
  facet normal 0 0 1
    outer loop
      vertex 62.8393 57.0426 2
      vertex 66.8 59.8 2
      vertex 63.3345 57.4655 2
    endloop
  endfacet
  facet normal 0 0 1
    outer loop
      vertex 66.8 9 2
      vertex 63.7574 10.8393 2
      vertex 64.0977 10.2841 2
    endloop
  endfacet
  facet normal 0 0 1
    outer loop
      vertex 66.8 59.8 2
      vertex 62.8393 57.0426 2
      vertex 66.8 9 2
    endloop
  endfacet
  facet normal 0 0 1
    outer loop
      vertex 66.8 9 2
      vertex 63.3345 11.3345 2
      vertex 63.7574 10.8393 2
    endloop
  endfacet
  facet normal -0 0 1
    outer loop
      vertex 62.8393 11.7574 2
      vertex 66.8 9 2
      vertex 62.8393 57.0426 2
    endloop
  endfacet
  facet normal 0 0 1
    outer loop
      vertex 66.8 9 2
      vertex 62.8393 11.7574 2
      vertex 63.3345 11.3345 2
    endloop
  endfacet
  facet normal -0 0 1
    outer loop
      vertex 62.2841 56.7023 2
      vertex 62.8393 11.7574 2
      vertex 62.8393 57.0426 2
    endloop
  endfacet
  facet normal 0 0 1
    outer loop
      vertex 62.2841 56.7023 2
      vertex 62.2841 12.0977 2
      vertex 62.8393 11.7574 2
    endloop
  endfacet
  facet normal -0 0 1
    outer loop
      vertex 61.6824 56.4531 2
      vertex 62.2841 12.0977 2
      vertex 62.2841 56.7023 2
    endloop
  endfacet
  facet normal 0 0 1
    outer loop
      vertex 61.6824 56.4531 2
      vertex 61.6824 12.3469 2
      vertex 62.2841 12.0977 2
    endloop
  endfacet
  facet normal -0 0 1
    outer loop
      vertex 61.0492 56.3011 2
      vertex 61.6824 12.3469 2
      vertex 61.6824 56.4531 2
    endloop
  endfacet
  facet normal 0 0 1
    outer loop
      vertex 61.0492 56.3011 2
      vertex 61.0492 12.4989 2
      vertex 61.6824 12.3469 2
    endloop
  endfacet
  facet normal -0 0 1
    outer loop
      vertex 60.4 56.25 2
      vertex 61.0492 12.4989 2
      vertex 61.0492 56.3011 2
    endloop
  endfacet
  facet normal 0 0 1
    outer loop
      vertex 60.4 56.25 2
      vertex 60.4 12.55 2
      vertex 61.0492 12.4989 2
    endloop
  endfacet
  facet normal 0 0 1
    outer loop
      vertex 59.7508 56.3011 2
      vertex 60.4 12.55 2
      vertex 60.4 56.25 2
    endloop
  endfacet
  facet normal 0 0 1
    outer loop
      vertex 59.7508 56.3011 2
      vertex 59.7508 12.4989 2
      vertex 60.4 12.55 2
    endloop
  endfacet
  facet normal 0 0 1
    outer loop
      vertex 59.1176 56.4531 2
      vertex 59.7508 12.4989 2
      vertex 59.7508 56.3011 2
    endloop
  endfacet
  facet normal 0 0 1
    outer loop
      vertex 59.1176 56.4531 2
      vertex 59.1176 12.3469 2
      vertex 59.7508 12.4989 2
    endloop
  endfacet
  facet normal 0 0 1
    outer loop
      vertex 58.5159 56.7023 2
      vertex 59.1176 12.3469 2
      vertex 59.1176 56.4531 2
    endloop
  endfacet
  facet normal 0 0 1
    outer loop
      vertex 58.5159 56.7023 2
      vertex 58.5159 12.0977 2
      vertex 59.1176 12.3469 2
    endloop
  endfacet
  facet normal 0 0 1
    outer loop
      vertex 57.9607 57.0426 2
      vertex 58.5159 12.0977 2
      vertex 58.5159 56.7023 2
    endloop
  endfacet
  facet normal 0 0 1
    outer loop
      vertex 57.9607 57.0426 2
      vertex 57.9607 11.7574 2
      vertex 58.5159 12.0977 2
    endloop
  endfacet
  facet normal 0 0 1
    outer loop
      vertex 57.4655 57.4655 2
      vertex 57.9607 11.7574 2
      vertex 57.9607 57.0426 2
    endloop
  endfacet
  facet normal 0 0 1
    outer loop
      vertex 57.4655 57.4655 2
      vertex 57.4655 11.3345 2
      vertex 57.9607 11.7574 2
    endloop
  endfacet
  facet normal 0 0 1
    outer loop
      vertex 56.4531 59.1176 2
      vertex 12.3469 59.1176 2
      vertex 56.7023 58.5159 2
    endloop
  endfacet
  facet normal 0 0 1
    outer loop
      vertex 12.0977 58.5159 2
      vertex 56.7023 58.5159 2
      vertex 12.3469 59.1176 2
    endloop
  endfacet
  facet normal 0 0 1
    outer loop
      vertex 12.3469 59.1176 2
      vertex 56.4531 59.1176 2
      vertex 12.4989 59.7508 2
    endloop
  endfacet
  facet normal 0 0 1
    outer loop
      vertex 56.7023 58.5159 2
      vertex 12.0977 58.5159 2
      vertex 57.0426 57.9607 2
    endloop
  endfacet
  facet normal 0 0 1
    outer loop
      vertex 56.3011 59.7508 2
      vertex 12.4989 59.7508 2
      vertex 56.4531 59.1176 2
    endloop
  endfacet
  facet normal 0 0 1
    outer loop
      vertex 57.4655 11.3345 2
      vertex 12.55 8.4 2
      vertex 57.0426 10.8393 2
    endloop
  endfacet
  facet normal 0 0 1
    outer loop
      vertex 12.4989 59.7508 2
      vertex 56.3011 59.7508 2
      vertex 12.55 60.4 2
    endloop
  endfacet
  facet normal 0 0 1
    outer loop
      vertex 57.0426 10.8393 2
      vertex 12.55 8.4 2
      vertex 56.7023 10.2841 2
    endloop
  endfacet
  facet normal -0 0 1
    outer loop
      vertex 12.55 60.4 2
      vertex 56.3011 59.7508 2
      vertex 56.25 60.4 2
    endloop
  endfacet
  facet normal 0 0 1
    outer loop
      vertex 56.7023 10.2841 2
      vertex 12.55 8.4 2
      vertex 56.4531 9.68242 2
    endloop
  endfacet
  facet normal 0 0 1
    outer loop
      vertex 59.7508 4.30109 2
      vertex 59.8 2 2
      vertex 59.8 4.29722 2
    endloop
  endfacet
  facet normal 0 0 1
    outer loop
      vertex 59.1176 4.45312 2
      vertex 59.8 2 2
      vertex 59.7508 4.30109 2
    endloop
  endfacet
  facet normal 0 0 1
    outer loop
      vertex 58.5159 4.70232 2
      vertex 59.8 2 2
      vertex 59.1176 4.45312 2
    endloop
  endfacet
  facet normal 0 0 1
    outer loop
      vertex 57.9607 5.04258 2
      vertex 59.8 2 2
      vertex 58.5159 4.70232 2
    endloop
  endfacet
  facet normal 0 0 1
    outer loop
      vertex 57.4655 5.46551 2
      vertex 59.8 2 2
      vertex 57.9607 5.04258 2
    endloop
  endfacet
  facet normal 0 0 1
    outer loop
      vertex 57.0426 5.96069 2
      vertex 59.8 2 2
      vertex 57.4655 5.46551 2
    endloop
  endfacet
  facet normal 0 0 1
    outer loop
      vertex 56.3011 9.0492 2
      vertex 12.55 8.4 2
      vertex 56.25 8.4 2
    endloop
  endfacet
  facet normal 0 0 1
    outer loop
      vertex 56.25 8.4 2
      vertex 12.55 8.4 2
      vertex 56.3011 7.7508 2
    endloop
  endfacet
  facet normal 0 0 1
    outer loop
      vertex 12.4989 7.7508 2
      vertex 56.3011 7.7508 2
      vertex 12.55 8.4 2
    endloop
  endfacet
  facet normal 0 0 1
    outer loop
      vertex 56.3011 7.7508 2
      vertex 12.4989 7.7508 2
      vertex 56.4531 7.11758 2
    endloop
  endfacet
  facet normal 0 0 1
    outer loop
      vertex 12.3469 7.11758 2
      vertex 56.4531 7.11758 2
      vertex 12.4989 7.7508 2
    endloop
  endfacet
  facet normal 0 0 1
    outer loop
      vertex 56.4531 7.11758 2
      vertex 12.3469 7.11758 2
      vertex 56.7023 6.51594 2
    endloop
  endfacet
  facet normal 0 0 1
    outer loop
      vertex 12.0977 6.51594 2
      vertex 56.7023 6.51594 2
      vertex 12.3469 7.11758 2
    endloop
  endfacet
  facet normal 0 0 1
    outer loop
      vertex 56.7023 6.51594 2
      vertex 12.0977 6.51594 2
      vertex 57.0426 5.96069 2
    endloop
  endfacet
  facet normal 0 0 1
    outer loop
      vertex 11.7574 5.96069 2
      vertex 57.0426 5.96069 2
      vertex 12.0977 6.51594 2
    endloop
  endfacet
  facet normal 0 0 1
    outer loop
      vertex 57.0426 5.96069 2
      vertex 11.7574 5.96069 2
      vertex 59.8 2 2
    endloop
  endfacet
  facet normal 0 0 1
    outer loop
      vertex 9 2 2
      vertex 11.7574 5.96069 2
      vertex 11.3345 5.46551 2
    endloop
  endfacet
  facet normal 0 0 1
    outer loop
      vertex 9 2 2
      vertex 11.3345 5.46551 2
      vertex 10.8393 5.04258 2
    endloop
  endfacet
  facet normal 0 0 1
    outer loop
      vertex 9 2 2
      vertex 10.8393 5.04258 2
      vertex 10.2841 4.70232 2
    endloop
  endfacet
  facet normal 0 0 1
    outer loop
      vertex 9 2 2
      vertex 10.2841 4.70232 2
      vertex 9.68242 4.45312 2
    endloop
  endfacet
  facet normal 0 0 1
    outer loop
      vertex 9 2 2
      vertex 9.68242 4.45312 2
      vertex 9.0492 4.30109 2
    endloop
  endfacet
  facet normal 0 0 1
    outer loop
      vertex 9 2 2
      vertex 9.0492 4.30109 2
      vertex 9 4.29722 2
    endloop
  endfacet
  facet normal 0 0 1
    outer loop
      vertex 11.7574 5.96069 2
      vertex 9 2 2
      vertex 59.8 2 2
    endloop
  endfacet
  facet normal 0 0 1
    outer loop
      vertex 9.28892 8.54079 2
      vertex 9.28892 8.25921 2
      vertex 9.3 8.4 2
    endloop
  endfacet
  facet normal 0 0 1
    outer loop
      vertex 9.25595 8.67811 2
      vertex 9.28892 8.25921 2
      vertex 9.28892 8.54079 2
    endloop
  endfacet
  facet normal 0 0 1
    outer loop
      vertex 9.25595 8.67811 2
      vertex 9.25595 8.12188 2
      vertex 9.28892 8.25921 2
    endloop
  endfacet
  facet normal 0 0 1
    outer loop
      vertex 9.20191 8.80859 2
      vertex 9.25595 8.12188 2
      vertex 9.25595 8.67811 2
    endloop
  endfacet
  facet normal 0 0 1
    outer loop
      vertex 9.20191 8.80859 2
      vertex 9.20191 7.99141 2
      vertex 9.25595 8.12188 2
    endloop
  endfacet
  facet normal 0 0 1
    outer loop
      vertex 9.12811 8.92901 2
      vertex 9.20191 7.99141 2
      vertex 9.20191 8.80859 2
    endloop
  endfacet
  facet normal 0 0 1
    outer loop
      vertex 9.12811 8.92901 2
      vertex 9.12811 7.87099 2
      vertex 9.20191 7.99141 2
    endloop
  endfacet
  facet normal 0 0 1
    outer loop
      vertex 9.0364 9.0364 2
      vertex 9.12811 7.87099 2
      vertex 9.12811 8.92901 2
    endloop
  endfacet
  facet normal 0 0 1
    outer loop
      vertex 9.0364 9.0364 2
      vertex 9.0364 7.7636 2
      vertex 9.12811 7.87099 2
    endloop
  endfacet
  facet normal 0 0 1
    outer loop
      vertex 8.92901 9.12811 2
      vertex 9.0364 7.7636 2
      vertex 9.0364 9.0364 2
    endloop
  endfacet
  facet normal 0 0 1
    outer loop
      vertex 8.92901 9.12811 2
      vertex 8.92901 7.67189 2
      vertex 9.0364 7.7636 2
    endloop
  endfacet
  facet normal 0 0 1
    outer loop
      vertex 8.80859 9.20191 2
      vertex 8.92901 7.67189 2
      vertex 8.92901 9.12811 2
    endloop
  endfacet
  facet normal 0 0 1
    outer loop
      vertex 8.80859 9.20191 2
      vertex 8.80859 7.59809 2
      vertex 8.92901 7.67189 2
    endloop
  endfacet
  facet normal 0 0 1
    outer loop
      vertex 8.67811 9.25595 2
      vertex 8.80859 7.59809 2
      vertex 8.80859 9.20191 2
    endloop
  endfacet
  facet normal 0 0 1
    outer loop
      vertex 8.67811 9.25595 2
      vertex 8.67811 7.54405 2
      vertex 8.80859 7.59809 2
    endloop
  endfacet
  facet normal 0 0 1
    outer loop
      vertex 8.54079 9.28892 2
      vertex 8.67811 7.54405 2
      vertex 8.67811 9.25595 2
    endloop
  endfacet
  facet normal 0 0 1
    outer loop
      vertex 8.54079 9.28892 2
      vertex 8.54079 7.51108 2
      vertex 8.67811 7.54405 2
    endloop
  endfacet
  facet normal 0 0 1
    outer loop
      vertex 8.4 9.3 2
      vertex 8.54079 7.51108 2
      vertex 8.54079 9.28892 2
    endloop
  endfacet
  facet normal 0 0 1
    outer loop
      vertex 8.4 9.3 2
      vertex 8.4 7.5 2
      vertex 8.54079 7.51108 2
    endloop
  endfacet
  facet normal -0 0 1
    outer loop
      vertex 8.25921 9.28892 2
      vertex 8.4 7.5 2
      vertex 8.4 9.3 2
    endloop
  endfacet
  facet normal 0 0 1
    outer loop
      vertex 8.25921 9.28892 2
      vertex 8.25921 7.51108 2
      vertex 8.4 7.5 2
    endloop
  endfacet
  facet normal -0 0 1
    outer loop
      vertex 8.12188 9.25595 2
      vertex 8.25921 7.51108 2
      vertex 8.25921 9.28892 2
    endloop
  endfacet
  facet normal 0 0 1
    outer loop
      vertex 8.12188 9.25595 2
      vertex 8.12188 7.54405 2
      vertex 8.25921 7.51108 2
    endloop
  endfacet
  facet normal -0 0 1
    outer loop
      vertex 7.99141 9.20191 2
      vertex 8.12188 7.54405 2
      vertex 8.12188 9.25595 2
    endloop
  endfacet
  facet normal 0 0 1
    outer loop
      vertex 7.99141 9.20191 2
      vertex 7.99141 7.59809 2
      vertex 8.12188 7.54405 2
    endloop
  endfacet
  facet normal -0 0 1
    outer loop
      vertex 7.87099 9.12811 2
      vertex 7.99141 7.59809 2
      vertex 7.99141 9.20191 2
    endloop
  endfacet
  facet normal 0 0 1
    outer loop
      vertex 7.87099 9.12811 2
      vertex 7.87099 7.67189 2
      vertex 7.99141 7.59809 2
    endloop
  endfacet
  facet normal -0 0 1
    outer loop
      vertex 7.7636 9.0364 2
      vertex 7.87099 7.67189 2
      vertex 7.87099 9.12811 2
    endloop
  endfacet
  facet normal 0 0 1
    outer loop
      vertex 7.7636 9.0364 2
      vertex 7.7636 7.7636 2
      vertex 7.87099 7.67189 2
    endloop
  endfacet
  facet normal -0 0 1
    outer loop
      vertex 7.67189 8.92901 2
      vertex 7.7636 7.7636 2
      vertex 7.7636 9.0364 2
    endloop
  endfacet
  facet normal 0 0 1
    outer loop
      vertex 7.67189 8.92901 2
      vertex 7.67189 7.87099 2
      vertex 7.7636 7.7636 2
    endloop
  endfacet
  facet normal -0 0 1
    outer loop
      vertex 7.59809 8.80859 2
      vertex 7.67189 7.87099 2
      vertex 7.67189 8.92901 2
    endloop
  endfacet
  facet normal 0 0 1
    outer loop
      vertex 7.59809 8.80859 2
      vertex 7.59809 7.99141 2
      vertex 7.67189 7.87099 2
    endloop
  endfacet
  facet normal -0 0 1
    outer loop
      vertex 7.54405 8.67811 2
      vertex 7.59809 7.99141 2
      vertex 7.59809 8.80859 2
    endloop
  endfacet
  facet normal 0 0 1
    outer loop
      vertex 7.54405 8.67811 2
      vertex 7.54405 8.12188 2
      vertex 7.59809 7.99141 2
    endloop
  endfacet
  facet normal -0 0 1
    outer loop
      vertex 7.51108 8.54079 2
      vertex 7.54405 8.12188 2
      vertex 7.54405 8.67811 2
    endloop
  endfacet
  facet normal 0 0 1
    outer loop
      vertex 7.51108 8.54079 2
      vertex 7.51108 8.25921 2
      vertex 7.54405 8.12188 2
    endloop
  endfacet
  facet normal 0 -0 1
    outer loop
      vertex 7.51108 8.25921 2
      vertex 7.51108 8.54079 2
      vertex 7.5 8.4 2
    endloop
  endfacet
  facet normal 0 0 1
    outer loop
      vertex 9.28892 60.5408 2
      vertex 9.28892 60.2592 2
      vertex 9.3 60.4 2
    endloop
  endfacet
  facet normal 0 0 1
    outer loop
      vertex 9.25595 60.6781 2
      vertex 9.28892 60.2592 2
      vertex 9.28892 60.5408 2
    endloop
  endfacet
  facet normal 0 0 1
    outer loop
      vertex 9.25595 60.6781 2
      vertex 9.25595 60.1219 2
      vertex 9.28892 60.2592 2
    endloop
  endfacet
  facet normal 0 0 1
    outer loop
      vertex 9.20191 60.8086 2
      vertex 9.25595 60.1219 2
      vertex 9.25595 60.6781 2
    endloop
  endfacet
  facet normal 0 0 1
    outer loop
      vertex 9.20191 60.8086 2
      vertex 9.20191 59.9914 2
      vertex 9.25595 60.1219 2
    endloop
  endfacet
  facet normal 0 0 1
    outer loop
      vertex 9.12811 60.929 2
      vertex 9.20191 59.9914 2
      vertex 9.20191 60.8086 2
    endloop
  endfacet
  facet normal 0 0 1
    outer loop
      vertex 9.12811 60.929 2
      vertex 9.12811 59.871 2
      vertex 9.20191 59.9914 2
    endloop
  endfacet
  facet normal 0 0 1
    outer loop
      vertex 9.0364 61.0364 2
      vertex 9.12811 59.871 2
      vertex 9.12811 60.929 2
    endloop
  endfacet
  facet normal 0 0 1
    outer loop
      vertex 9.0364 61.0364 2
      vertex 9.0364 59.7636 2
      vertex 9.12811 59.871 2
    endloop
  endfacet
  facet normal 0 0 1
    outer loop
      vertex 8.92901 61.1281 2
      vertex 9.0364 59.7636 2
      vertex 9.0364 61.0364 2
    endloop
  endfacet
  facet normal 0 0 1
    outer loop
      vertex 8.92901 61.1281 2
      vertex 8.92901 59.6719 2
      vertex 9.0364 59.7636 2
    endloop
  endfacet
  facet normal 0 0 1
    outer loop
      vertex 8.80859 61.2019 2
      vertex 8.92901 59.6719 2
      vertex 8.92901 61.1281 2
    endloop
  endfacet
  facet normal 0 0 1
    outer loop
      vertex 8.80859 61.2019 2
      vertex 8.80859 59.5981 2
      vertex 8.92901 59.6719 2
    endloop
  endfacet
  facet normal 0 0 1
    outer loop
      vertex 8.67811 61.256 2
      vertex 8.80859 59.5981 2
      vertex 8.80859 61.2019 2
    endloop
  endfacet
  facet normal 0 0 1
    outer loop
      vertex 8.67811 61.256 2
      vertex 8.67811 59.544 2
      vertex 8.80859 59.5981 2
    endloop
  endfacet
  facet normal 0 0 1
    outer loop
      vertex 8.54079 61.2889 2
      vertex 8.67811 59.544 2
      vertex 8.67811 61.256 2
    endloop
  endfacet
  facet normal 0 0 1
    outer loop
      vertex 8.54079 61.2889 2
      vertex 8.54079 59.5111 2
      vertex 8.67811 59.544 2
    endloop
  endfacet
  facet normal 0 0 1
    outer loop
      vertex 8.4 61.3 2
      vertex 8.54079 59.5111 2
      vertex 8.54079 61.2889 2
    endloop
  endfacet
  facet normal 0 0 1
    outer loop
      vertex 8.4 61.3 2
      vertex 8.4 59.5 2
      vertex 8.54079 59.5111 2
    endloop
  endfacet
  facet normal -0 0 1
    outer loop
      vertex 8.25921 61.2889 2
      vertex 8.4 59.5 2
      vertex 8.4 61.3 2
    endloop
  endfacet
  facet normal 0 0 1
    outer loop
      vertex 8.25921 61.2889 2
      vertex 8.25921 59.5111 2
      vertex 8.4 59.5 2
    endloop
  endfacet
  facet normal -0 0 1
    outer loop
      vertex 8.12188 61.256 2
      vertex 8.25921 59.5111 2
      vertex 8.25921 61.2889 2
    endloop
  endfacet
  facet normal 0 0 1
    outer loop
      vertex 8.12188 61.256 2
      vertex 8.12188 59.544 2
      vertex 8.25921 59.5111 2
    endloop
  endfacet
  facet normal -0 0 1
    outer loop
      vertex 7.99141 61.2019 2
      vertex 8.12188 59.544 2
      vertex 8.12188 61.256 2
    endloop
  endfacet
  facet normal 0 0 1
    outer loop
      vertex 7.99141 61.2019 2
      vertex 7.99141 59.5981 2
      vertex 8.12188 59.544 2
    endloop
  endfacet
  facet normal -0 0 1
    outer loop
      vertex 7.87099 61.1281 2
      vertex 7.99141 59.5981 2
      vertex 7.99141 61.2019 2
    endloop
  endfacet
  facet normal 0 0 1
    outer loop
      vertex 7.87099 61.1281 2
      vertex 7.87099 59.6719 2
      vertex 7.99141 59.5981 2
    endloop
  endfacet
  facet normal -0 0 1
    outer loop
      vertex 7.7636 61.0364 2
      vertex 7.87099 59.6719 2
      vertex 7.87099 61.1281 2
    endloop
  endfacet
  facet normal 0 0 1
    outer loop
      vertex 7.7636 61.0364 2
      vertex 7.7636 59.7636 2
      vertex 7.87099 59.6719 2
    endloop
  endfacet
  facet normal -0 0 1
    outer loop
      vertex 7.67189 60.929 2
      vertex 7.7636 59.7636 2
      vertex 7.7636 61.0364 2
    endloop
  endfacet
  facet normal 0 0 1
    outer loop
      vertex 7.67189 60.929 2
      vertex 7.67189 59.871 2
      vertex 7.7636 59.7636 2
    endloop
  endfacet
  facet normal -0 0 1
    outer loop
      vertex 7.59809 60.8086 2
      vertex 7.67189 59.871 2
      vertex 7.67189 60.929 2
    endloop
  endfacet
  facet normal 0 0 1
    outer loop
      vertex 7.59809 60.8086 2
      vertex 7.59809 59.9914 2
      vertex 7.67189 59.871 2
    endloop
  endfacet
  facet normal -0 0 1
    outer loop
      vertex 7.54405 60.6781 2
      vertex 7.59809 59.9914 2
      vertex 7.59809 60.8086 2
    endloop
  endfacet
  facet normal 0 0 1
    outer loop
      vertex 7.54405 60.6781 2
      vertex 7.54405 60.1219 2
      vertex 7.59809 59.9914 2
    endloop
  endfacet
  facet normal -0 0 1
    outer loop
      vertex 7.51108 60.5408 2
      vertex 7.54405 60.1219 2
      vertex 7.54405 60.6781 2
    endloop
  endfacet
  facet normal 0 0 1
    outer loop
      vertex 7.51108 60.5408 2
      vertex 7.51108 60.2592 2
      vertex 7.54405 60.1219 2
    endloop
  endfacet
  facet normal 0 -0 1
    outer loop
      vertex 7.51108 60.2592 2
      vertex 7.51108 60.5408 2
      vertex 7.5 60.4 2
    endloop
  endfacet
  facet normal 0 0 1
    outer loop
      vertex 61.2889 8.54079 2
      vertex 61.2889 8.25921 2
      vertex 61.3 8.4 2
    endloop
  endfacet
  facet normal 0 0 1
    outer loop
      vertex 61.256 8.67811 2
      vertex 61.2889 8.25921 2
      vertex 61.2889 8.54079 2
    endloop
  endfacet
  facet normal 0 0 1
    outer loop
      vertex 61.256 8.67811 2
      vertex 61.256 8.12188 2
      vertex 61.2889 8.25921 2
    endloop
  endfacet
  facet normal 0 0 1
    outer loop
      vertex 61.2019 8.80859 2
      vertex 61.256 8.12188 2
      vertex 61.256 8.67811 2
    endloop
  endfacet
  facet normal 0 0 1
    outer loop
      vertex 61.2019 8.80859 2
      vertex 61.2019 7.99141 2
      vertex 61.256 8.12188 2
    endloop
  endfacet
  facet normal 0 0 1
    outer loop
      vertex 61.1281 8.92901 2
      vertex 61.2019 7.99141 2
      vertex 61.2019 8.80859 2
    endloop
  endfacet
  facet normal 0 0 1
    outer loop
      vertex 61.1281 8.92901 2
      vertex 61.1281 7.87099 2
      vertex 61.2019 7.99141 2
    endloop
  endfacet
  facet normal 0 0 1
    outer loop
      vertex 61.0364 9.0364 2
      vertex 61.1281 7.87099 2
      vertex 61.1281 8.92901 2
    endloop
  endfacet
  facet normal 0 0 1
    outer loop
      vertex 61.0364 9.0364 2
      vertex 61.0364 7.7636 2
      vertex 61.1281 7.87099 2
    endloop
  endfacet
  facet normal 0 0 1
    outer loop
      vertex 60.929 9.12811 2
      vertex 61.0364 7.7636 2
      vertex 61.0364 9.0364 2
    endloop
  endfacet
  facet normal 0 0 1
    outer loop
      vertex 60.929 9.12811 2
      vertex 60.929 7.67189 2
      vertex 61.0364 7.7636 2
    endloop
  endfacet
  facet normal 0 0 1
    outer loop
      vertex 60.8086 9.20191 2
      vertex 60.929 7.67189 2
      vertex 60.929 9.12811 2
    endloop
  endfacet
  facet normal 0 0 1
    outer loop
      vertex 60.8086 9.20191 2
      vertex 60.8086 7.59809 2
      vertex 60.929 7.67189 2
    endloop
  endfacet
  facet normal 0 0 1
    outer loop
      vertex 60.6781 9.25595 2
      vertex 60.8086 7.59809 2
      vertex 60.8086 9.20191 2
    endloop
  endfacet
  facet normal 0 0 1
    outer loop
      vertex 60.6781 9.25595 2
      vertex 60.6781 7.54405 2
      vertex 60.8086 7.59809 2
    endloop
  endfacet
  facet normal 0 0 1
    outer loop
      vertex 60.5408 9.28892 2
      vertex 60.6781 7.54405 2
      vertex 60.6781 9.25595 2
    endloop
  endfacet
  facet normal 0 0 1
    outer loop
      vertex 60.5408 9.28892 2
      vertex 60.5408 7.51108 2
      vertex 60.6781 7.54405 2
    endloop
  endfacet
  facet normal 0 0 1
    outer loop
      vertex 60.4 9.3 2
      vertex 60.5408 7.51108 2
      vertex 60.5408 9.28892 2
    endloop
  endfacet
  facet normal 0 0 1
    outer loop
      vertex 60.4 9.3 2
      vertex 60.4 7.5 2
      vertex 60.5408 7.51108 2
    endloop
  endfacet
  facet normal -0 0 1
    outer loop
      vertex 60.2592 9.28892 2
      vertex 60.4 7.5 2
      vertex 60.4 9.3 2
    endloop
  endfacet
  facet normal 0 0 1
    outer loop
      vertex 60.2592 9.28892 2
      vertex 60.2592 7.51108 2
      vertex 60.4 7.5 2
    endloop
  endfacet
  facet normal -0 0 1
    outer loop
      vertex 60.1219 9.25595 2
      vertex 60.2592 7.51108 2
      vertex 60.2592 9.28892 2
    endloop
  endfacet
  facet normal 0 0 1
    outer loop
      vertex 60.1219 9.25595 2
      vertex 60.1219 7.54405 2
      vertex 60.2592 7.51108 2
    endloop
  endfacet
  facet normal -0 0 1
    outer loop
      vertex 59.9914 9.20191 2
      vertex 60.1219 7.54405 2
      vertex 60.1219 9.25595 2
    endloop
  endfacet
  facet normal 0 0 1
    outer loop
      vertex 59.9914 9.20191 2
      vertex 59.9914 7.59809 2
      vertex 60.1219 7.54405 2
    endloop
  endfacet
  facet normal -0 0 1
    outer loop
      vertex 59.871 9.12811 2
      vertex 59.9914 7.59809 2
      vertex 59.9914 9.20191 2
    endloop
  endfacet
  facet normal 0 0 1
    outer loop
      vertex 59.871 9.12811 2
      vertex 59.871 7.67189 2
      vertex 59.9914 7.59809 2
    endloop
  endfacet
  facet normal -0 0 1
    outer loop
      vertex 59.7636 9.0364 2
      vertex 59.871 7.67189 2
      vertex 59.871 9.12811 2
    endloop
  endfacet
  facet normal 0 0 1
    outer loop
      vertex 59.7636 9.0364 2
      vertex 59.7636 7.7636 2
      vertex 59.871 7.67189 2
    endloop
  endfacet
  facet normal -0 0 1
    outer loop
      vertex 59.6719 8.92901 2
      vertex 59.7636 7.7636 2
      vertex 59.7636 9.0364 2
    endloop
  endfacet
  facet normal 0 0 1
    outer loop
      vertex 59.6719 8.92901 2
      vertex 59.6719 7.87099 2
      vertex 59.7636 7.7636 2
    endloop
  endfacet
  facet normal -0 0 1
    outer loop
      vertex 59.5981 8.80859 2
      vertex 59.6719 7.87099 2
      vertex 59.6719 8.92901 2
    endloop
  endfacet
  facet normal 0 0 1
    outer loop
      vertex 59.5981 8.80859 2
      vertex 59.5981 7.99141 2
      vertex 59.6719 7.87099 2
    endloop
  endfacet
  facet normal -0 0 1
    outer loop
      vertex 59.544 8.67811 2
      vertex 59.5981 7.99141 2
      vertex 59.5981 8.80859 2
    endloop
  endfacet
  facet normal 0 0 1
    outer loop
      vertex 59.544 8.67811 2
      vertex 59.544 8.12188 2
      vertex 59.5981 7.99141 2
    endloop
  endfacet
  facet normal -0 0 1
    outer loop
      vertex 59.5111 8.54079 2
      vertex 59.544 8.12188 2
      vertex 59.544 8.67811 2
    endloop
  endfacet
  facet normal 0 0 1
    outer loop
      vertex 59.5111 8.54079 2
      vertex 59.5111 8.25921 2
      vertex 59.544 8.12188 2
    endloop
  endfacet
  facet normal 0 -0 1
    outer loop
      vertex 59.5111 8.25921 2
      vertex 59.5111 8.54079 2
      vertex 59.5 8.4 2
    endloop
  endfacet
  facet normal 0 0 1
    outer loop
      vertex 61.2889 60.5408 2
      vertex 61.2889 60.2592 2
      vertex 61.3 60.4 2
    endloop
  endfacet
  facet normal 0 0 1
    outer loop
      vertex 61.256 60.6781 2
      vertex 61.2889 60.2592 2
      vertex 61.2889 60.5408 2
    endloop
  endfacet
  facet normal 0 0 1
    outer loop
      vertex 61.256 60.6781 2
      vertex 61.256 60.1219 2
      vertex 61.2889 60.2592 2
    endloop
  endfacet
  facet normal 0 0 1
    outer loop
      vertex 61.2019 60.8086 2
      vertex 61.256 60.1219 2
      vertex 61.256 60.6781 2
    endloop
  endfacet
  facet normal 0 0 1
    outer loop
      vertex 61.2019 60.8086 2
      vertex 61.2019 59.9914 2
      vertex 61.256 60.1219 2
    endloop
  endfacet
  facet normal 0 0 1
    outer loop
      vertex 61.1281 60.929 2
      vertex 61.2019 59.9914 2
      vertex 61.2019 60.8086 2
    endloop
  endfacet
  facet normal 0 0 1
    outer loop
      vertex 61.1281 60.929 2
      vertex 61.1281 59.871 2
      vertex 61.2019 59.9914 2
    endloop
  endfacet
  facet normal 0 0 1
    outer loop
      vertex 61.0364 61.0364 2
      vertex 61.1281 59.871 2
      vertex 61.1281 60.929 2
    endloop
  endfacet
  facet normal 0 0 1
    outer loop
      vertex 61.0364 61.0364 2
      vertex 61.0364 59.7636 2
      vertex 61.1281 59.871 2
    endloop
  endfacet
  facet normal 0 0 1
    outer loop
      vertex 60.929 61.1281 2
      vertex 61.0364 59.7636 2
      vertex 61.0364 61.0364 2
    endloop
  endfacet
  facet normal 0 0 1
    outer loop
      vertex 60.929 61.1281 2
      vertex 60.929 59.6719 2
      vertex 61.0364 59.7636 2
    endloop
  endfacet
  facet normal 0 0 1
    outer loop
      vertex 60.8086 61.2019 2
      vertex 60.929 59.6719 2
      vertex 60.929 61.1281 2
    endloop
  endfacet
  facet normal 0 0 1
    outer loop
      vertex 60.8086 61.2019 2
      vertex 60.8086 59.5981 2
      vertex 60.929 59.6719 2
    endloop
  endfacet
  facet normal 0 0 1
    outer loop
      vertex 60.6781 61.256 2
      vertex 60.8086 59.5981 2
      vertex 60.8086 61.2019 2
    endloop
  endfacet
  facet normal 0 0 1
    outer loop
      vertex 60.6781 61.256 2
      vertex 60.6781 59.544 2
      vertex 60.8086 59.5981 2
    endloop
  endfacet
  facet normal 0 0 1
    outer loop
      vertex 60.5408 61.2889 2
      vertex 60.6781 59.544 2
      vertex 60.6781 61.256 2
    endloop
  endfacet
  facet normal 0 0 1
    outer loop
      vertex 60.5408 61.2889 2
      vertex 60.5408 59.5111 2
      vertex 60.6781 59.544 2
    endloop
  endfacet
  facet normal 0 0 1
    outer loop
      vertex 60.4 61.3 2
      vertex 60.5408 59.5111 2
      vertex 60.5408 61.2889 2
    endloop
  endfacet
  facet normal 0 0 1
    outer loop
      vertex 60.4 61.3 2
      vertex 60.4 59.5 2
      vertex 60.5408 59.5111 2
    endloop
  endfacet
  facet normal -0 0 1
    outer loop
      vertex 60.2592 61.2889 2
      vertex 60.4 59.5 2
      vertex 60.4 61.3 2
    endloop
  endfacet
  facet normal 0 0 1
    outer loop
      vertex 60.2592 61.2889 2
      vertex 60.2592 59.5111 2
      vertex 60.4 59.5 2
    endloop
  endfacet
  facet normal -0 0 1
    outer loop
      vertex 60.1219 61.256 2
      vertex 60.2592 59.5111 2
      vertex 60.2592 61.2889 2
    endloop
  endfacet
  facet normal 0 0 1
    outer loop
      vertex 60.1219 61.256 2
      vertex 60.1219 59.544 2
      vertex 60.2592 59.5111 2
    endloop
  endfacet
  facet normal -0 0 1
    outer loop
      vertex 59.9914 61.2019 2
      vertex 60.1219 59.544 2
      vertex 60.1219 61.256 2
    endloop
  endfacet
  facet normal 0 0 1
    outer loop
      vertex 59.9914 61.2019 2
      vertex 59.9914 59.5981 2
      vertex 60.1219 59.544 2
    endloop
  endfacet
  facet normal -0 0 1
    outer loop
      vertex 59.871 61.1281 2
      vertex 59.9914 59.5981 2
      vertex 59.9914 61.2019 2
    endloop
  endfacet
  facet normal 0 0 1
    outer loop
      vertex 59.871 61.1281 2
      vertex 59.871 59.6719 2
      vertex 59.9914 59.5981 2
    endloop
  endfacet
  facet normal -0 0 1
    outer loop
      vertex 59.7636 61.0364 2
      vertex 59.871 59.6719 2
      vertex 59.871 61.1281 2
    endloop
  endfacet
  facet normal 0 0 1
    outer loop
      vertex 59.7636 61.0364 2
      vertex 59.7636 59.7636 2
      vertex 59.871 59.6719 2
    endloop
  endfacet
  facet normal -0 0 1
    outer loop
      vertex 59.6719 60.929 2
      vertex 59.7636 59.7636 2
      vertex 59.7636 61.0364 2
    endloop
  endfacet
  facet normal 0 0 1
    outer loop
      vertex 59.6719 60.929 2
      vertex 59.6719 59.871 2
      vertex 59.7636 59.7636 2
    endloop
  endfacet
  facet normal -0 0 1
    outer loop
      vertex 59.5981 60.8086 2
      vertex 59.6719 59.871 2
      vertex 59.6719 60.929 2
    endloop
  endfacet
  facet normal 0 0 1
    outer loop
      vertex 59.5981 60.8086 2
      vertex 59.5981 59.9914 2
      vertex 59.6719 59.871 2
    endloop
  endfacet
  facet normal -0 0 1
    outer loop
      vertex 59.544 60.6781 2
      vertex 59.5981 59.9914 2
      vertex 59.5981 60.8086 2
    endloop
  endfacet
  facet normal 0 0 1
    outer loop
      vertex 59.544 60.6781 2
      vertex 59.544 60.1219 2
      vertex 59.5981 59.9914 2
    endloop
  endfacet
  facet normal -0 0 1
    outer loop
      vertex 59.5111 60.5408 2
      vertex 59.544 60.1219 2
      vertex 59.544 60.6781 2
    endloop
  endfacet
  facet normal 0 0 1
    outer loop
      vertex 59.5111 60.5408 2
      vertex 59.5111 60.2592 2
      vertex 59.544 60.1219 2
    endloop
  endfacet
  facet normal 0 -0 1
    outer loop
      vertex 59.5111 60.2592 2
      vertex 59.5111 60.5408 2
      vertex 59.5 60.4 2
    endloop
  endfacet
  facet normal 0 -1 0
    outer loop
      vertex 2 7.8 8
      vertex 5.57084 7.8 5
      vertex 5.57084 7.8 8
    endloop
  endfacet
  facet normal 0 -1 0
    outer loop
      vertex 2 7.8 8
      vertex 5.34454 7.8 4.47027
      vertex 5.57084 7.8 5
    endloop
  endfacet
  facet normal 0 -1 0
    outer loop
      vertex 2 7.8 2
      vertex 5.34454 7.8 4.47027
      vertex 2 7.8 8
    endloop
  endfacet
  facet normal 0 -1 0
    outer loop
      vertex 5.34454 7.8 4.47027
      vertex 2 7.8 2
      vertex 4.61175 7.8 2.75486
    endloop
  endfacet
  facet normal 0 -1 0
    outer loop
      vertex 4.61175 7.8 2.75486
      vertex 2 7.8 2
      vertex 4.39196 7.8 2.22737
    endloop
  endfacet
  facet normal 0 -1 0
    outer loop
      vertex 4.39196 7.8 2.22737
      vertex 2 7.8 2
      vertex 4.29722 7.8 2
    endloop
  endfacet
  facet normal 0 1 -0
    outer loop
      vertex 5.57084 9 5
      vertex 2 9 8
      vertex 5.57084 9 8
    endloop
  endfacet
  facet normal 0 1 -0
    outer loop
      vertex 5.34454 9 4.47027
      vertex 2 9 8
      vertex 5.57084 9 5
    endloop
  endfacet
  facet normal 0 1 0
    outer loop
      vertex 2 9 2
      vertex 5.34454 9 4.47027
      vertex 4.61175 9 2.75486
    endloop
  endfacet
  facet normal 0 1 0
    outer loop
      vertex 2 9 2
      vertex 4.61175 9 2.75486
      vertex 4.39196 9 2.22737
    endloop
  endfacet
  facet normal 0 1 0
    outer loop
      vertex 2 9 2
      vertex 4.39196 9 2.22737
      vertex 4.29722 9 2
    endloop
  endfacet
  facet normal 0 1 0
    outer loop
      vertex 5.34454 9 4.47027
      vertex 2 9 2
      vertex 2 9 8
    endloop
  endfacet
  facet normal 1 -0 0
    outer loop
      vertex 9 2 8
      vertex 9 5.57084 5
      vertex 9 5.57084 8
    endloop
  endfacet
  facet normal 1 0 0
    outer loop
      vertex 9 5.57084 5
      vertex 9 2 8
      vertex 9 5.34454 4.47027
    endloop
  endfacet
  facet normal 1 0 0
    outer loop
      vertex 9 2 2
      vertex 9 5.34454 4.47027
      vertex 9 2 8
    endloop
  endfacet
  facet normal 1 0 0
    outer loop
      vertex 9 5.34454 4.47027
      vertex 9 2 2
      vertex 9 4.61175 2.75486
    endloop
  endfacet
  facet normal 1 0 0
    outer loop
      vertex 9 4.61175 2.75486
      vertex 9 2 2
      vertex 9 4.39196 2.22737
    endloop
  endfacet
  facet normal 1 0 0
    outer loop
      vertex 9 4.39196 2.22737
      vertex 9 2 2
      vertex 9 4.29722 2
    endloop
  endfacet
  facet normal -1 0 0
    outer loop
      vertex 7.8 2 8
      vertex 7.8 5.57084 5
      vertex 7.8 5.34454 4.47027
    endloop
  endfacet
  facet normal -1 0 0
    outer loop
      vertex 7.8 2 2
      vertex 7.8 5.34454 4.47027
      vertex 7.8 4.61175 2.75486
    endloop
  endfacet
  facet normal -1 0 0
    outer loop
      vertex 7.8 2 2
      vertex 7.8 4.61175 2.75486
      vertex 7.8 4.39196 2.22737
    endloop
  endfacet
  facet normal -1 0 0
    outer loop
      vertex 7.8 2 2
      vertex 7.8 4.39196 2.22737
      vertex 7.8 4.29722 2
    endloop
  endfacet
  facet normal -1 -0 0
    outer loop
      vertex 7.8 5.34454 4.47027
      vertex 7.8 2 2
      vertex 7.8 2 8
    endloop
  endfacet
  facet normal -1 0 0
    outer loop
      vertex 7.8 5.57084 5
      vertex 7.8 2 8
      vertex 7.8 5.57084 8
    endloop
  endfacet
  facet normal -0.233378 0.972386 0
    outer loop
      vertex 7.94634 11.2643 5
      vertex 7.50385 11.1581 8
      vertex 7.94634 11.2643 8
    endloop
  endfacet
  facet normal -0.233378 0.972386 0
    outer loop
      vertex 7.50385 11.1581 8
      vertex 7.94634 11.2643 5
      vertex 7.50385 11.1581 5
    endloop
  endfacet
  facet normal 0.972386 0.233378 0
    outer loop
      vertex 11.2643 8.85366 8
      vertex 11.1581 9.29615 5
      vertex 11.1581 9.29615 8
    endloop
  endfacet
  facet normal 0.972386 0.233378 0
    outer loop
      vertex 11.1581 9.29615 5
      vertex 11.2643 8.85366 8
      vertex 11.2643 8.85366 5
    endloop
  endfacet
  facet normal 0.996918 0.0784508 0
    outer loop
      vertex 11.3 8.4 8
      vertex 11.2643 8.85366 5
      vertex 11.2643 8.85366 8
    endloop
  endfacet
  facet normal 0.996918 0.0784508 0
    outer loop
      vertex 11.2643 8.85366 5
      vertex 11.3 8.4 8
      vertex 11.3 8.4 5
    endloop
  endfacet
  facet normal 0.923836 0.382789 0
    outer loop
      vertex 11.1581 9.29615 8
      vertex 10.9839 9.71657 5
      vertex 10.9839 9.71657 8
    endloop
  endfacet
  facet normal 0.923836 0.382789 0
    outer loop
      vertex 10.9839 9.71657 5
      vertex 11.1581 9.29615 8
      vertex 11.1581 9.29615 5
    endloop
  endfacet
  facet normal 0.649484 -0.760375 0
    outer loop
      vertex 10.1046 6.05385 5
      vertex 10.4506 6.34939 8
      vertex 10.1046 6.05385 8
    endloop
  endfacet
  facet normal 0.649484 -0.760375 0
    outer loop
      vertex 10.4506 6.34939 8
      vertex 10.1046 6.05385 5
      vertex 10.4506 6.34939 5
    endloop
  endfacet
  facet normal -0.972369 -0.233447 0
    outer loop
      vertex 5.64194 7.50385 5
      vertex 5.57084 7.8 8
      vertex 5.57084 7.8 5
    endloop
  endfacet
  facet normal -0.972369 -0.233447 0
    outer loop
      vertex 5.57084 7.8 8
      vertex 5.64194 7.50385 5
      vertex 5.64194 7.50385 8
    endloop
  endfacet
  facet normal 0.852614 -0.522542 0
    outer loop
      vertex 10.7461 6.69542 8
      vertex 10.9839 7.08343 5
      vertex 10.9839 7.08343 8
    endloop
  endfacet
  facet normal 0.852614 -0.522542 0
    outer loop
      vertex 10.9839 7.08343 5
      vertex 10.7461 6.69542 8
      vertex 10.7461 6.69542 5
    endloop
  endfacet
  facet normal 0.996918 -0.0784508 0
    outer loop
      vertex 11.2643 7.94634 8
      vertex 11.3 8.4 5
      vertex 11.3 8.4 8
    endloop
  endfacet
  facet normal 0.996918 -0.0784508 0
    outer loop
      vertex 11.3 8.4 5
      vertex 11.2643 7.94634 8
      vertex 11.2643 7.94634 5
    endloop
  endfacet
  facet normal 0.382789 0.923836 -0
    outer loop
      vertex 9.71657 10.9839 5
      vertex 9.29615 11.1581 8
      vertex 9.71657 10.9839 8
    endloop
  endfacet
  facet normal 0.382789 0.923836 0
    outer loop
      vertex 9.29615 11.1581 8
      vertex 9.71657 10.9839 5
      vertex 9.29615 11.1581 5
    endloop
  endfacet
  facet normal 0.852626 0.522522 0
    outer loop
      vertex 10.9839 9.71657 8
      vertex 10.7461 10.1046 5
      vertex 10.7461 10.1046 8
    endloop
  endfacet
  facet normal 0.852626 0.522522 0
    outer loop
      vertex 10.7461 10.1046 5
      vertex 10.9839 9.71657 8
      vertex 10.9839 9.71657 5
    endloop
  endfacet
  facet normal -0.6494 0.760447 0
    outer loop
      vertex 6.69542 10.7461 5
      vertex 6.34939 10.4506 8
      vertex 6.69542 10.7461 8
    endloop
  endfacet
  facet normal -0.6494 0.760447 0
    outer loop
      vertex 6.34939 10.4506 8
      vertex 6.69542 10.7461 5
      vertex 6.34939 10.4506 5
    endloop
  endfacet
  facet normal -0.522542 0.852614 0
    outer loop
      vertex 7.08343 10.9839 5
      vertex 6.69542 10.7461 8
      vertex 7.08343 10.9839 8
    endloop
  endfacet
  facet normal -0.522542 0.852614 0
    outer loop
      vertex 6.69542 10.7461 8
      vertex 7.08343 10.9839 5
      vertex 6.69542 10.7461 5
    endloop
  endfacet
  facet normal -0.923882 0.382677 0
    outer loop
      vertex 5.64194 9.29615 5
      vertex 5.81608 9.71657 8
      vertex 5.81608 9.71657 5
    endloop
  endfacet
  facet normal -0.923882 0.382677 0
    outer loop
      vertex 5.81608 9.71657 8
      vertex 5.64194 9.29615 5
      vertex 5.64194 9.29615 8
    endloop
  endfacet
  facet normal 0.522474 -0.852655 0
    outer loop
      vertex 9.71657 5.81608 5
      vertex 10.1046 6.05385 8
      vertex 9.71657 5.81608 8
    endloop
  endfacet
  facet normal 0.522474 -0.852655 0
    outer loop
      vertex 10.1046 6.05385 8
      vertex 9.71657 5.81608 5
      vertex 10.1046 6.05385 5
    endloop
  endfacet
  facet normal 0.233447 -0.972369 0
    outer loop
      vertex 9 5.57084 5
      vertex 9.29615 5.64194 8
      vertex 9 5.57084 8
    endloop
  endfacet
  facet normal 0.233447 -0.972369 0
    outer loop
      vertex 9.29615 5.64194 8
      vertex 9 5.57084 5
      vertex 9.29615 5.64194 5
    endloop
  endfacet
  facet normal 0.972386 -0.233378 0
    outer loop
      vertex 11.1581 7.50385 8
      vertex 11.2643 7.94634 5
      vertex 11.2643 7.94634 8
    endloop
  endfacet
  facet normal 0.972386 -0.233378 0
    outer loop
      vertex 11.2643 7.94634 5
      vertex 11.1581 7.50385 8
      vertex 11.1581 7.50385 5
    endloop
  endfacet
  facet normal -0.760375 0.649484 0
    outer loop
      vertex 6.05385 10.1046 5
      vertex 6.34939 10.4506 8
      vertex 6.34939 10.4506 5
    endloop
  endfacet
  facet normal -0.760375 0.649484 0
    outer loop
      vertex 6.34939 10.4506 8
      vertex 6.05385 10.1046 5
      vertex 6.05385 10.1046 8
    endloop
  endfacet
  facet normal 0.760447 -0.6494 0
    outer loop
      vertex 10.4506 6.34939 8
      vertex 10.7461 6.69542 5
      vertex 10.7461 6.69542 8
    endloop
  endfacet
  facet normal 0.760447 -0.6494 0
    outer loop
      vertex 10.7461 6.69542 5
      vertex 10.4506 6.34939 8
      vertex 10.4506 6.34939 5
    endloop
  endfacet
  facet normal -0.852655 0.522474 0
    outer loop
      vertex 5.81608 9.71657 5
      vertex 6.05385 10.1046 8
      vertex 6.05385 10.1046 5
    endloop
  endfacet
  facet normal -0.852655 0.522474 0
    outer loop
      vertex 6.05385 10.1046 8
      vertex 5.81608 9.71657 5
      vertex 5.81608 9.71657 8
    endloop
  endfacet
  facet normal -0.382789 0.923836 0
    outer loop
      vertex 7.50385 11.1581 5
      vertex 7.08343 10.9839 8
      vertex 7.50385 11.1581 8
    endloop
  endfacet
  facet normal -0.382789 0.923836 0
    outer loop
      vertex 7.08343 10.9839 8
      vertex 7.50385 11.1581 5
      vertex 7.08343 10.9839 5
    endloop
  endfacet
  facet normal 0.382677 -0.923882 0
    outer loop
      vertex 9.29615 5.64194 5
      vertex 9.71657 5.81608 8
      vertex 9.29615 5.64194 8
    endloop
  endfacet
  facet normal 0.382677 -0.923882 0
    outer loop
      vertex 9.71657 5.81608 8
      vertex 9.29615 5.64194 5
      vertex 9.71657 5.81608 5
    endloop
  endfacet
  facet normal 0.649433 0.760419 -0
    outer loop
      vertex 10.4506 10.4506 5
      vertex 10.1046 10.7461 8
      vertex 10.4506 10.4506 8
    endloop
  endfacet
  facet normal 0.649433 0.760419 0
    outer loop
      vertex 10.1046 10.7461 8
      vertex 10.4506 10.4506 5
      vertex 10.1046 10.7461 5
    endloop
  endfacet
  facet normal 0.233378 0.972386 -0
    outer loop
      vertex 9.29615 11.1581 5
      vertex 8.85366 11.2643 8
      vertex 9.29615 11.1581 8
    endloop
  endfacet
  facet normal 0.233378 0.972386 0
    outer loop
      vertex 8.85366 11.2643 8
      vertex 9.29615 11.1581 5
      vertex 8.85366 11.2643 5
    endloop
  endfacet
  facet normal 0.522522 0.852626 -0
    outer loop
      vertex 10.1046 10.7461 5
      vertex 9.71657 10.9839 8
      vertex 10.1046 10.7461 8
    endloop
  endfacet
  facet normal 0.522522 0.852626 0
    outer loop
      vertex 9.71657 10.9839 8
      vertex 10.1046 10.7461 5
      vertex 9.71657 10.9839 5
    endloop
  endfacet
  facet normal -0.760403 -0.649451 0
    outer loop
      vertex 6.34939 6.34939 5
      vertex 6.05385 6.69542 8
      vertex 6.05385 6.69542 5
    endloop
  endfacet
  facet normal -0.760403 -0.649451 0
    outer loop
      vertex 6.05385 6.69542 8
      vertex 6.34939 6.34939 5
      vertex 6.34939 6.34939 8
    endloop
  endfacet
  facet normal 0.923836 -0.382789 0
    outer loop
      vertex 10.9839 7.08343 8
      vertex 11.1581 7.50385 5
      vertex 11.1581 7.50385 8
    endloop
  endfacet
  facet normal 0.923836 -0.382789 0
    outer loop
      vertex 11.1581 7.50385 5
      vertex 10.9839 7.08343 8
      vertex 10.9839 7.08343 5
    endloop
  endfacet
  facet normal -0.852643 -0.522494 0
    outer loop
      vertex 6.05385 6.69542 5
      vertex 5.81608 7.08343 8
      vertex 5.81608 7.08343 5
    endloop
  endfacet
  facet normal -0.852643 -0.522494 0
    outer loop
      vertex 5.81608 7.08343 8
      vertex 6.05385 6.69542 5
      vertex 6.05385 6.69542 8
    endloop
  endfacet
  facet normal -0.0784508 0.996918 0
    outer loop
      vertex 8.4 11.3 5
      vertex 7.94634 11.2643 8
      vertex 8.4 11.3 8
    endloop
  endfacet
  facet normal -0.0784508 0.996918 0
    outer loop
      vertex 7.94634 11.2643 8
      vertex 8.4 11.3 5
      vertex 7.94634 11.2643 5
    endloop
  endfacet
  facet normal 0.0784508 0.996918 -0
    outer loop
      vertex 8.85366 11.2643 5
      vertex 8.4 11.3 8
      vertex 8.85366 11.2643 8
    endloop
  endfacet
  facet normal 0.0784508 0.996918 0
    outer loop
      vertex 8.4 11.3 8
      vertex 8.85366 11.2643 5
      vertex 8.4 11.3 5
    endloop
  endfacet
  facet normal -0.382677 -0.923882 0
    outer loop
      vertex 7.08343 5.81608 5
      vertex 7.50385 5.64194 8
      vertex 7.08343 5.81608 8
    endloop
  endfacet
  facet normal -0.382677 -0.923882 -0
    outer loop
      vertex 7.50385 5.64194 8
      vertex 7.08343 5.81608 5
      vertex 7.50385 5.64194 5
    endloop
  endfacet
  facet normal -0.233447 -0.972369 0
    outer loop
      vertex 7.50385 5.64194 5
      vertex 7.8 5.57084 8
      vertex 7.50385 5.64194 8
    endloop
  endfacet
  facet normal -0.233447 -0.972369 -0
    outer loop
      vertex 7.8 5.57084 8
      vertex 7.50385 5.64194 5
      vertex 7.8 5.57084 5
    endloop
  endfacet
  facet normal -0.923882 -0.382677 0
    outer loop
      vertex 5.81608 7.08343 5
      vertex 5.64194 7.50385 8
      vertex 5.64194 7.50385 5
    endloop
  endfacet
  facet normal -0.923882 -0.382677 0
    outer loop
      vertex 5.64194 7.50385 8
      vertex 5.81608 7.08343 5
      vertex 5.81608 7.08343 8
    endloop
  endfacet
  facet normal 0.760419 0.649433 0
    outer loop
      vertex 10.7461 10.1046 8
      vertex 10.4506 10.4506 5
      vertex 10.4506 10.4506 8
    endloop
  endfacet
  facet normal 0.760419 0.649433 0
    outer loop
      vertex 10.4506 10.4506 5
      vertex 10.7461 10.1046 8
      vertex 10.7461 10.1046 5
    endloop
  endfacet
  facet normal -0.522494 -0.852643 0
    outer loop
      vertex 6.69542 6.05385 5
      vertex 7.08343 5.81608 8
      vertex 6.69542 6.05385 8
    endloop
  endfacet
  facet normal -0.522494 -0.852643 -0
    outer loop
      vertex 7.08343 5.81608 8
      vertex 6.69542 6.05385 5
      vertex 7.08343 5.81608 5
    endloop
  endfacet
  facet normal -0.972369 0.233447 0
    outer loop
      vertex 5.57084 9 5
      vertex 5.64194 9.29615 8
      vertex 5.64194 9.29615 5
    endloop
  endfacet
  facet normal -0.972369 0.233447 0
    outer loop
      vertex 5.64194 9.29615 8
      vertex 5.57084 9 5
      vertex 5.57084 9 8
    endloop
  endfacet
  facet normal -0.649451 -0.760403 0
    outer loop
      vertex 6.34939 6.34939 5
      vertex 6.69542 6.05385 8
      vertex 6.34939 6.34939 8
    endloop
  endfacet
  facet normal -0.649451 -0.760403 -0
    outer loop
      vertex 6.69542 6.05385 8
      vertex 6.34939 6.34939 5
      vertex 6.69542 6.05385 5
    endloop
  endfacet
  facet normal 0.92065 0.0724664 0.383604
    outer loop
      vertex 12.4989 9.0492 2
      vertex 11.3 8.4 5
      vertex 12.55 8.4 2
    endloop
  endfacet
  facet normal 0.482505 -0.787427 0.383599
    outer loop
      vertex 10.1046 6.05385 5
      vertex 9.71657 5.81608 5
      vertex 10.8393 5.04258 2
    endloop
  endfacet
  facet normal 0.482548 0.787397 0.383607
    outer loop
      vertex 10.8393 11.7574 2
      vertex 9.71657 10.9839 5
      vertex 10.1046 10.7461 5
    endloop
  endfacet
  facet normal 0.787384 -0.482565 0.383612
    outer loop
      vertex 10.9839 7.08343 5
      vertex 10.7461 6.69542 5
      vertex 11.7574 5.96069 2
    endloop
  endfacet
  facet normal -0.92065 -0.072417 0.383614
    outer loop
      vertex 4.39196 7.8 2.22737
      vertex 4.29722 7.8 2
      vertex 4.30109 7.7508 2
    endloop
  endfacet
  facet normal -0.353506 0.853163 0.383596
    outer loop
      vertex 7.11758 12.3469 2
      vertex 7.08343 10.9839 5
      vertex 7.50385 11.1581 5
    endloop
  endfacet
  facet normal -0.353397 0.8532 0.383615
    outer loop
      vertex 7.11758 12.3469 2
      vertex 6.51594 12.0977 2
      vertex 7.08343 10.9839 5
    endloop
  endfacet
  facet normal -0.215525 0.897999 0.383597
    outer loop
      vertex 7.94634 11.2643 5
      vertex 7.11758 12.3469 2
      vertex 7.50385 11.1581 5
    endloop
  endfacet
  facet normal -0.215556 0.897989 0.383602
    outer loop
      vertex 7.7508 12.4989 2
      vertex 7.11758 12.3469 2
      vertex 7.94634 11.2643 5
    endloop
  endfacet
  facet normal 0.072417 -0.92065 0.383614
    outer loop
      vertex 9 4.39196 2.22737
      vertex 9 4.29722 2
      vertex 9.0492 4.30109 2
    endloop
  endfacet
  facet normal 0.215595 -0.897976 0.383611
    outer loop
      vertex 9.68242 4.45312 2
      vertex 9 4.61175 2.75486
      vertex 9.0492 4.30109 2
    endloop
  endfacet
  facet normal 0.215583 -0.897983 0.383601
    outer loop
      vertex 9 4.61175 2.75486
      vertex 9.68242 4.45312 2
      vertex 9 5.34454 4.47027
    endloop
  endfacet
  facet normal -0.853211 0.353378 0.383608
    outer loop
      vertex 4.70232 10.2841 2
      vertex 4.45312 9.68242 2
      vertex 5.81608 9.71657 5
    endloop
  endfacet
  facet normal 0.702249 -0.599744 0.383606
    outer loop
      vertex 11.7574 5.96069 2
      vertex 10.4506 6.34939 5
      vertex 11.3345 5.46551 2
    endloop
  endfacet
  facet normal 0.897989 0.215556 0.383602
    outer loop
      vertex 12.3469 9.68242 2
      vertex 11.2643 8.85366 5
      vertex 12.4989 9.0492 2
    endloop
  endfacet
  facet normal -0.920654 0.0723906 0.38361
    outer loop
      vertex 4.61175 9 2.75486
      vertex 4.30109 9.0492 2
      vertex 4.39196 9 2.22737
    endloop
  endfacet
  facet normal 0.78736 0.482599 0.383617
    outer loop
      vertex 11.7574 10.8393 2
      vertex 10.9839 9.71657 5
      vertex 12.0977 10.2841 2
    endloop
  endfacet
  facet normal -0.702231 -0.599767 0.383604
    outer loop
      vertex 6.05385 6.69542 5
      vertex 5.04258 5.96069 2
      vertex 6.34939 6.34939 5
    endloop
  endfacet
  facet normal 0.599749 0.702245 0.383605
    outer loop
      vertex 10.8393 11.7574 2
      vertex 10.1046 10.7461 5
      vertex 10.4506 10.4506 5
    endloop
  endfacet
  facet normal -0.599744 0.702249 0.383606
    outer loop
      vertex 5.96069 11.7574 2
      vertex 5.46551 11.3345 2
      vertex 6.34939 10.4506 5
    endloop
  endfacet
  facet normal -0.920654 -0.0723906 0.38361
    outer loop
      vertex 4.39196 7.8 2.22737
      vertex 4.30109 7.7508 2
      vertex 4.61175 7.8 2.75486
    endloop
  endfacet
  facet normal -0.215583 -0.897983 0.383601
    outer loop
      vertex 7.11758 4.45312 2
      vertex 7.8 4.61175 2.75486
      vertex 7.8 5.34454 4.47027
    endloop
  endfacet
  facet normal -0.215595 -0.897976 0.383611
    outer loop
      vertex 7.8 4.61175 2.75486
      vertex 7.11758 4.45312 2
      vertex 7.7508 4.30109 2
    endloop
  endfacet
  facet normal 0.599798 -0.702207 0.383598
    outer loop
      vertex 10.4506 6.34939 5
      vertex 10.1046 6.05385 5
      vertex 10.8393 5.04258 2
    endloop
  endfacet
  facet normal 0.215587 -0.897977 0.383615
    outer loop
      vertex 9 5.34454 4.47027
      vertex 9.29615 5.64194 5
      vertex 9 5.57084 5
    endloop
  endfacet
  facet normal 0.215605 -0.897977 0.383605
    outer loop
      vertex 9.29615 5.64194 5
      vertex 9 5.34454 4.47027
      vertex 9.68242 4.45312 2
    endloop
  endfacet
  facet normal 0.92065 -0.0724664 0.383604
    outer loop
      vertex 12.55 8.4 2
      vertex 11.3 8.4 5
      vertex 12.4989 7.7508 2
    endloop
  endfacet
  facet normal -0.353398 -0.853204 0.383605
    outer loop
      vertex 7.08343 5.81608 5
      vertex 6.51594 4.70232 2
      vertex 7.11758 4.45312 2
    endloop
  endfacet
  facet normal 0.853207 0.353376 0.383618
    outer loop
      vertex 12.0977 10.2841 2
      vertex 10.9839 9.71657 5
      vertex 12.3469 9.68242 2
    endloop
  endfacet
  facet normal -0.897977 -0.215587 0.383615
    outer loop
      vertex 5.34454 7.8 4.47027
      vertex 5.64194 7.50385 5
      vertex 5.57084 7.8 5
    endloop
  endfacet
  facet normal -0.897977 -0.215605 0.383605
    outer loop
      vertex 5.64194 7.50385 5
      vertex 5.34454 7.8 4.47027
      vertex 4.45312 7.11758 2
    endloop
  endfacet
  facet normal -0.92065 0.072417 0.383614
    outer loop
      vertex 4.30109 9.0492 2
      vertex 4.29722 9 2
      vertex 4.39196 9 2.22737
    endloop
  endfacet
  facet normal -0.599718 0.702268 0.383612
    outer loop
      vertex 6.69542 10.7461 5
      vertex 5.96069 11.7574 2
      vertex 6.34939 10.4506 5
    endloop
  endfacet
  facet normal -0.482565 0.787384 0.383612
    outer loop
      vertex 7.08343 10.9839 5
      vertex 5.96069 11.7574 2
      vertex 6.69542 10.7461 5
    endloop
  endfacet
  facet normal -0.70224 0.599754 0.383606
    outer loop
      vertex 5.46551 11.3345 2
      vertex 5.04258 10.8393 2
      vertex 6.34939 10.4506 5
    endloop
  endfacet
  facet normal -0.702229 -0.599769 0.383603
    outer loop
      vertex 6.34939 6.34939 5
      vertex 5.04258 5.96069 2
      vertex 5.46551 5.46551 2
    endloop
  endfacet
  facet normal 0.8532 -0.353397 0.383615
    outer loop
      vertex 12.3469 7.11758 2
      vertex 10.9839 7.08343 5
      vertex 12.0977 6.51594 2
    endloop
  endfacet
  facet normal -0.702207 0.599798 0.383598
    outer loop
      vertex 6.34939 10.4506 5
      vertex 5.04258 10.8393 2
      vertex 6.05385 10.1046 5
    endloop
  endfacet
  facet normal 0.70226 0.599729 0.383609
    outer loop
      vertex 11.3345 11.3345 2
      vertex 10.4506 10.4506 5
      vertex 11.7574 10.8393 2
    endloop
  endfacet
  facet normal 0.599729 0.70226 0.383609
    outer loop
      vertex 10.8393 11.7574 2
      vertex 10.4506 10.4506 5
      vertex 11.3345 11.3345 2
    endloop
  endfacet
  facet normal -0.599769 -0.702229 0.383603
    outer loop
      vertex 6.34939 6.34939 5
      vertex 5.46551 5.46551 2
      vertex 5.96069 5.04258 2
    endloop
  endfacet
  facet normal 0.0724492 0.920653 0.383601
    outer loop
      vertex 9.0492 12.4989 2
      vertex 8.4 11.3 5
      vertex 8.85366 11.2643 5
    endloop
  endfacet
  facet normal 0.482599 0.78736 0.383617
    outer loop
      vertex 10.2841 12.0977 2
      vertex 9.71657 10.9839 5
      vertex 10.8393 11.7574 2
    endloop
  endfacet
  facet normal -0.482568 0.787381 0.383613
    outer loop
      vertex 6.51594 12.0977 2
      vertex 5.96069 11.7574 2
      vertex 7.08343 10.9839 5
    endloop
  endfacet
  facet normal -0.353401 -0.853203 0.383604
    outer loop
      vertex 7.50385 5.64194 5
      vertex 7.08343 5.81608 5
      vertex 7.11758 4.45312 2
    endloop
  endfacet
  facet normal -0.787388 0.482559 0.383609
    outer loop
      vertex 5.04258 10.8393 2
      vertex 4.70232 10.2841 2
      vertex 5.81608 9.71657 5
    endloop
  endfacet
  facet normal -0.853204 -0.353398 0.383605
    outer loop
      vertex 5.81608 7.08343 5
      vertex 4.45312 7.11758 2
      vertex 4.70232 6.51594 2
    endloop
  endfacet
  facet normal 0.353378 -0.853211 0.383608
    outer loop
      vertex 9.71657 5.81608 5
      vertex 9.68242 4.45312 2
      vertex 10.2841 4.70232 2
    endloop
  endfacet
  facet normal 0.853163 -0.353506 0.383596
    outer loop
      vertex 11.1581 7.50385 5
      vertex 10.9839 7.08343 5
      vertex 12.3469 7.11758 2
    endloop
  endfacet
  facet normal -0.897976 0.215595 0.383611
    outer loop
      vertex 4.61175 9 2.75486
      vertex 4.45312 9.68242 2
      vertex 4.30109 9.0492 2
    endloop
  endfacet
  facet normal -0.897983 0.215583 0.383601
    outer loop
      vertex 4.45312 9.68242 2
      vertex 4.61175 9 2.75486
      vertex 5.34454 9 4.47027
    endloop
  endfacet
  facet normal -0.853203 -0.353401 0.383604
    outer loop
      vertex 5.64194 7.50385 5
      vertex 4.45312 7.11758 2
      vertex 5.81608 7.08343 5
    endloop
  endfacet
  facet normal 0.897989 -0.215556 0.383602
    outer loop
      vertex 12.4989 7.7508 2
      vertex 11.2643 7.94634 5
      vertex 12.3469 7.11758 2
    endloop
  endfacet
  facet normal 0.920653 -0.0724492 0.383601
    outer loop
      vertex 11.3 8.4 5
      vertex 11.2643 7.94634 5
      vertex 12.4989 7.7508 2
    endloop
  endfacet
  facet normal 0.215556 0.897989 0.383602
    outer loop
      vertex 9.0492 12.4989 2
      vertex 8.85366 11.2643 5
      vertex 9.68242 12.3469 2
    endloop
  endfacet
  facet normal -0.215587 -0.897977 0.383615
    outer loop
      vertex 7.50385 5.64194 5
      vertex 7.8 5.34454 4.47027
      vertex 7.8 5.57084 5
    endloop
  endfacet
  facet normal -0.215605 -0.897977 0.383605
    outer loop
      vertex 7.8 5.34454 4.47027
      vertex 7.50385 5.64194 5
      vertex 7.11758 4.45312 2
    endloop
  endfacet
  facet normal -0.0724664 0.92065 0.383604
    outer loop
      vertex 8.4 12.55 2
      vertex 7.7508 12.4989 2
      vertex 8.4 11.3 5
    endloop
  endfacet
  facet normal 0.0723906 -0.920654 0.38361
    outer loop
      vertex 9 4.61175 2.75486
      vertex 9 4.39196 2.22737
      vertex 9.0492 4.30109 2
    endloop
  endfacet
  facet normal -0.0724492 0.920653 0.383601
    outer loop
      vertex 8.4 11.3 5
      vertex 7.7508 12.4989 2
      vertex 7.94634 11.2643 5
    endloop
  endfacet
  facet normal 0.0724664 0.92065 0.383604
    outer loop
      vertex 8.4 12.55 2
      vertex 8.4 11.3 5
      vertex 9.0492 12.4989 2
    endloop
  endfacet
  facet normal 0.353506 0.853163 0.383596
    outer loop
      vertex 9.68242 12.3469 2
      vertex 9.29615 11.1581 5
      vertex 9.71657 10.9839 5
    endloop
  endfacet
  facet normal 0.897999 0.215525 0.383597
    outer loop
      vertex 12.3469 9.68242 2
      vertex 11.1581 9.29615 5
      vertex 11.2643 8.85366 5
    endloop
  endfacet
  facet normal 0.787381 -0.482568 0.383613
    outer loop
      vertex 12.0977 6.51594 2
      vertex 10.9839 7.08343 5
      vertex 11.7574 5.96069 2
    endloop
  endfacet
  facet normal 0.599754 -0.70224 0.383606
    outer loop
      vertex 11.3345 5.46551 2
      vertex 10.4506 6.34939 5
      vertex 10.8393 5.04258 2
    endloop
  endfacet
  facet normal 0.853163 0.353506 0.383596
    outer loop
      vertex 12.3469 9.68242 2
      vertex 10.9839 9.71657 5
      vertex 11.1581 9.29615 5
    endloop
  endfacet
  facet normal -0.897976 -0.215595 0.383611
    outer loop
      vertex 4.45312 7.11758 2
      vertex 4.61175 7.8 2.75486
      vertex 4.30109 7.7508 2
    endloop
  endfacet
  facet normal -0.897983 -0.215583 0.383601
    outer loop
      vertex 4.61175 7.8 2.75486
      vertex 4.45312 7.11758 2
      vertex 5.34454 7.8 4.47027
    endloop
  endfacet
  facet normal 0.702268 -0.599718 0.383612
    outer loop
      vertex 10.7461 6.69542 5
      vertex 10.4506 6.34939 5
      vertex 11.7574 5.96069 2
    endloop
  endfacet
  facet normal 0.920653 0.0724492 0.383601
    outer loop
      vertex 12.4989 9.0492 2
      vertex 11.2643 8.85366 5
      vertex 11.3 8.4 5
    endloop
  endfacet
  facet normal -0.787427 0.482505 0.383599
    outer loop
      vertex 6.05385 10.1046 5
      vertex 5.04258 10.8393 2
      vertex 5.81608 9.71657 5
    endloop
  endfacet
  facet normal -0.599767 -0.702231 0.383604
    outer loop
      vertex 6.34939 6.34939 5
      vertex 5.96069 5.04258 2
      vertex 6.69542 6.05385 5
    endloop
  endfacet
  facet normal 0.353401 -0.853203 0.383604
    outer loop
      vertex 9.71657 5.81608 5
      vertex 9.29615 5.64194 5
      vertex 9.68242 4.45312 2
    endloop
  endfacet
  facet normal 0.897999 -0.215525 0.383597
    outer loop
      vertex 11.2643 7.94634 5
      vertex 11.1581 7.50385 5
      vertex 12.3469 7.11758 2
    endloop
  endfacet
  facet normal -0.0723906 -0.920654 0.38361
    outer loop
      vertex 7.8 4.61175 2.75486
      vertex 7.7508 4.30109 2
      vertex 7.8 4.39196 2.22737
    endloop
  endfacet
  facet normal -0.853203 0.353401 0.383604
    outer loop
      vertex 5.81608 9.71657 5
      vertex 4.45312 9.68242 2
      vertex 5.64194 9.29615 5
    endloop
  endfacet
  facet normal -0.897977 0.215605 0.383605
    outer loop
      vertex 5.34454 9 4.47027
      vertex 5.64194 9.29615 5
      vertex 4.45312 9.68242 2
    endloop
  endfacet
  facet normal -0.897977 0.215587 0.383615
    outer loop
      vertex 5.64194 9.29615 5
      vertex 5.34454 9 4.47027
      vertex 5.57084 9 5
    endloop
  endfacet
  facet normal -0.787414 -0.482522 0.383604
    outer loop
      vertex 5.81608 7.08343 5
      vertex 5.04258 5.96069 2
      vertex 6.05385 6.69542 5
    endloop
  endfacet
  facet normal 0.353376 0.853207 0.383618
    outer loop
      vertex 10.2841 12.0977 2
      vertex 9.68242 12.3469 2
      vertex 9.71657 10.9839 5
    endloop
  endfacet
  facet normal -0.072417 -0.92065 0.383614
    outer loop
      vertex 7.8 4.39196 2.22737
      vertex 7.7508 4.30109 2
      vertex 7.8 4.29722 2
    endloop
  endfacet
  facet normal -0.787409 -0.482528 0.383605
    outer loop
      vertex 5.81608 7.08343 5
      vertex 4.70232 6.51594 2
      vertex 5.04258 5.96069 2
    endloop
  endfacet
  facet normal 0.702245 0.599749 0.383605
    outer loop
      vertex 11.7574 10.8393 2
      vertex 10.4506 10.4506 5
      vertex 10.7461 10.1046 5
    endloop
  endfacet
  facet normal 0.215525 0.897999 0.383597
    outer loop
      vertex 9.68242 12.3469 2
      vertex 8.85366 11.2643 5
      vertex 9.29615 11.1581 5
    endloop
  endfacet
  facet normal 0.482559 -0.787388 0.383609
    outer loop
      vertex 10.8393 5.04258 2
      vertex 9.71657 5.81608 5
      vertex 10.2841 4.70232 2
    endloop
  endfacet
  facet normal 0.787397 0.482548 0.383607
    outer loop
      vertex 11.7574 10.8393 2
      vertex 10.7461 10.1046 5
      vertex 10.9839 9.71657 5
    endloop
  endfacet
  facet normal -0.482522 -0.787414 0.383604
    outer loop
      vertex 6.69542 6.05385 5
      vertex 5.96069 5.04258 2
      vertex 7.08343 5.81608 5
    endloop
  endfacet
  facet normal -0.482528 -0.787409 0.383605
    outer loop
      vertex 7.08343 5.81608 5
      vertex 5.96069 5.04258 2
      vertex 6.51594 4.70232 2
    endloop
  endfacet
  facet normal 0.923896 -0.382644 0
    outer loop
      vertex 7.54405 8.67811 8
      vertex 7.59809 8.80859 2
      vertex 7.59809 8.80859 8
    endloop
  endfacet
  facet normal 0.923896 -0.382644 0
    outer loop
      vertex 7.59809 8.80859 2
      vertex 7.54405 8.67811 8
      vertex 7.54405 8.67811 2
    endloop
  endfacet
  facet normal -0.972366 -0.233461 0
    outer loop
      vertex 9.28892 8.54079 2
      vertex 9.25595 8.67811 8
      vertex 9.25595 8.67811 2
    endloop
  endfacet
  facet normal -0.972366 -0.233461 0
    outer loop
      vertex 9.25595 8.67811 8
      vertex 9.28892 8.54079 2
      vertex 9.28892 8.54079 8
    endloop
  endfacet
  facet normal -0.996918 -0.0784562 0
    outer loop
      vertex 9.3 8.4 2
      vertex 9.28892 8.54079 8
      vertex 9.28892 8.54079 2
    endloop
  endfacet
  facet normal -0.996918 -0.0784562 0
    outer loop
      vertex 9.28892 8.54079 8
      vertex 9.3 8.4 2
      vertex 9.3 8.4 8
    endloop
  endfacet
  facet normal -0.923896 -0.382644 0
    outer loop
      vertex 9.25595 8.67811 2
      vertex 9.20191 8.80859 8
      vertex 9.20191 8.80859 2
    endloop
  endfacet
  facet normal -0.923896 -0.382644 0
    outer loop
      vertex 9.20191 8.80859 8
      vertex 9.25595 8.67811 2
      vertex 9.25595 8.67811 8
    endloop
  endfacet
  facet normal -0.522532 0.85262 0
    outer loop
      vertex 8.92901 7.67189 2
      vertex 8.80859 7.59809 8
      vertex 8.92901 7.67189 8
    endloop
  endfacet
  facet normal -0.522532 0.85262 0
    outer loop
      vertex 8.80859 7.59809 8
      vertex 8.92901 7.67189 2
      vertex 8.80859 7.59809 2
    endloop
  endfacet
  facet normal -0.97237 0.233445 0
    outer loop
      vertex 9.25595 8.12188 2
      vertex 9.28892 8.25921 8
      vertex 9.28892 8.25921 2
    endloop
  endfacet
  facet normal -0.97237 0.233445 0
    outer loop
      vertex 9.28892 8.25921 8
      vertex 9.25595 8.12188 2
      vertex 9.25595 8.12188 8
    endloop
  endfacet
  facet normal -0.382644 0.923896 0
    outer loop
      vertex 8.80859 7.59809 2
      vertex 8.67811 7.54405 8
      vertex 8.80859 7.59809 8
    endloop
  endfacet
  facet normal -0.382644 0.923896 0
    outer loop
      vertex 8.67811 7.54405 8
      vertex 8.80859 7.59809 2
      vertex 8.67811 7.54405 2
    endloop
  endfacet
  facet normal 0.382669 -0.923886 0
    outer loop
      vertex 7.99141 9.20191 2
      vertex 8.12188 9.25595 8
      vertex 7.99141 9.20191 8
    endloop
  endfacet
  facet normal 0.382669 -0.923886 0
    outer loop
      vertex 8.12188 9.25595 8
      vertex 7.99141 9.20191 2
      vertex 8.12188 9.25595 2
    endloop
  endfacet
  facet normal 0.382669 0.923886 -0
    outer loop
      vertex 8.12188 7.54405 2
      vertex 7.99141 7.59809 8
      vertex 8.12188 7.54405 8
    endloop
  endfacet
  facet normal 0.382669 0.923886 0
    outer loop
      vertex 7.99141 7.59809 8
      vertex 8.12188 7.54405 2
      vertex 7.99141 7.59809 2
    endloop
  endfacet
  facet normal 0.522532 -0.85262 0
    outer loop
      vertex 7.87099 9.12811 2
      vertex 7.99141 9.20191 8
      vertex 7.87099 9.12811 8
    endloop
  endfacet
  facet normal 0.522532 -0.85262 0
    outer loop
      vertex 7.99141 9.20191 8
      vertex 7.87099 9.12811 2
      vertex 7.99141 9.20191 2
    endloop
  endfacet
  facet normal -0.649408 -0.76044 0
    outer loop
      vertex 8.92901 9.12811 2
      vertex 9.0364 9.0364 8
      vertex 8.92901 9.12811 8
    endloop
  endfacet
  facet normal -0.649408 -0.76044 -0
    outer loop
      vertex 9.0364 9.0364 8
      vertex 8.92901 9.12811 2
      vertex 9.0364 9.0364 2
    endloop
  endfacet
  facet normal 0.233445 -0.97237 0
    outer loop
      vertex 8.12188 9.25595 2
      vertex 8.25921 9.28892 8
      vertex 8.12188 9.25595 8
    endloop
  endfacet
  facet normal 0.233445 -0.97237 0
    outer loop
      vertex 8.25921 9.28892 8
      vertex 8.12188 9.25595 2
      vertex 8.25921 9.28892 2
    endloop
  endfacet
  facet normal 0.923886 0.382669 0
    outer loop
      vertex 7.59809 7.99141 8
      vertex 7.54405 8.12188 2
      vertex 7.54405 8.12188 8
    endloop
  endfacet
  facet normal 0.923886 0.382669 0
    outer loop
      vertex 7.54405 8.12188 2
      vertex 7.59809 7.99141 8
      vertex 7.59809 7.99141 2
    endloop
  endfacet
  facet normal 0.0784562 -0.996918 0
    outer loop
      vertex 8.25921 9.28892 2
      vertex 8.4 9.3 8
      vertex 8.25921 9.28892 8
    endloop
  endfacet
  facet normal 0.0784562 -0.996918 0
    outer loop
      vertex 8.4 9.3 8
      vertex 8.25921 9.28892 2
      vertex 8.4 9.3 2
    endloop
  endfacet
  facet normal 0.233445 0.97237 -0
    outer loop
      vertex 8.25921 7.51108 2
      vertex 8.12188 7.54405 8
      vertex 8.25921 7.51108 8
    endloop
  endfacet
  facet normal 0.233445 0.97237 0
    outer loop
      vertex 8.12188 7.54405 8
      vertex 8.25921 7.51108 2
      vertex 8.12188 7.54405 2
    endloop
  endfacet
  facet normal -0.923886 0.382669 0
    outer loop
      vertex 9.20191 7.99141 2
      vertex 9.25595 8.12188 8
      vertex 9.25595 8.12188 2
    endloop
  endfacet
  facet normal -0.923886 0.382669 0
    outer loop
      vertex 9.25595 8.12188 8
      vertex 9.20191 7.99141 2
      vertex 9.20191 7.99141 8
    endloop
  endfacet
  facet normal 0.76044 0.649408 0
    outer loop
      vertex 7.7636 7.7636 8
      vertex 7.67189 7.87099 2
      vertex 7.67189 7.87099 8
    endloop
  endfacet
  facet normal 0.76044 0.649408 0
    outer loop
      vertex 7.67189 7.87099 2
      vertex 7.7636 7.7636 8
      vertex 7.7636 7.7636 2
    endloop
  endfacet
  facet normal 0.649408 -0.76044 0
    outer loop
      vertex 7.7636 9.0364 2
      vertex 7.87099 9.12811 8
      vertex 7.7636 9.0364 8
    endloop
  endfacet
  facet normal 0.649408 -0.76044 0
    outer loop
      vertex 7.87099 9.12811 8
      vertex 7.7636 9.0364 2
      vertex 7.87099 9.12811 2
    endloop
  endfacet
  facet normal -0.0784562 0.996918 0
    outer loop
      vertex 8.54079 7.51108 2
      vertex 8.4 7.5 8
      vertex 8.54079 7.51108 8
    endloop
  endfacet
  facet normal -0.0784562 0.996918 0
    outer loop
      vertex 8.4 7.5 8
      vertex 8.54079 7.51108 2
      vertex 8.4 7.5 2
    endloop
  endfacet
  facet normal 0.649408 0.76044 -0
    outer loop
      vertex 7.87099 7.67189 2
      vertex 7.7636 7.7636 8
      vertex 7.87099 7.67189 8
    endloop
  endfacet
  facet normal 0.649408 0.76044 0
    outer loop
      vertex 7.7636 7.7636 8
      vertex 7.87099 7.67189 2
      vertex 7.7636 7.7636 2
    endloop
  endfacet
  facet normal -0.85262 0.522532 0
    outer loop
      vertex 9.12811 7.87099 2
      vertex 9.20191 7.99141 8
      vertex 9.20191 7.99141 2
    endloop
  endfacet
  facet normal -0.85262 0.522532 0
    outer loop
      vertex 9.20191 7.99141 8
      vertex 9.12811 7.87099 2
      vertex 9.12811 7.87099 8
    endloop
  endfacet
  facet normal -0.85262 -0.522532 0
    outer loop
      vertex 9.20191 8.80859 2
      vertex 9.12811 8.92901 8
      vertex 9.12811 8.92901 2
    endloop
  endfacet
  facet normal -0.85262 -0.522532 0
    outer loop
      vertex 9.12811 8.92901 8
      vertex 9.20191 8.80859 2
      vertex 9.20191 8.80859 8
    endloop
  endfacet
  facet normal -0.76044 -0.649408 0
    outer loop
      vertex 9.12811 8.92901 2
      vertex 9.0364 9.0364 8
      vertex 9.0364 9.0364 2
    endloop
  endfacet
  facet normal -0.76044 -0.649408 0
    outer loop
      vertex 9.0364 9.0364 8
      vertex 9.12811 8.92901 2
      vertex 9.12811 8.92901 8
    endloop
  endfacet
  facet normal 0.76044 -0.649408 0
    outer loop
      vertex 7.67189 8.92901 8
      vertex 7.7636 9.0364 2
      vertex 7.7636 9.0364 8
    endloop
  endfacet
  facet normal 0.76044 -0.649408 0
    outer loop
      vertex 7.7636 9.0364 2
      vertex 7.67189 8.92901 8
      vertex 7.67189 8.92901 2
    endloop
  endfacet
  facet normal -0.0784562 -0.996918 0
    outer loop
      vertex 8.4 9.3 2
      vertex 8.54079 9.28892 8
      vertex 8.4 9.3 8
    endloop
  endfacet
  facet normal -0.0784562 -0.996918 -0
    outer loop
      vertex 8.54079 9.28892 8
      vertex 8.4 9.3 2
      vertex 8.54079 9.28892 2
    endloop
  endfacet
  facet normal -0.382644 -0.923896 0
    outer loop
      vertex 8.67811 9.25595 2
      vertex 8.80859 9.20191 8
      vertex 8.67811 9.25595 8
    endloop
  endfacet
  facet normal -0.382644 -0.923896 -0
    outer loop
      vertex 8.80859 9.20191 8
      vertex 8.67811 9.25595 2
      vertex 8.80859 9.20191 2
    endloop
  endfacet
  facet normal 0.972366 -0.233461 0
    outer loop
      vertex 7.51108 8.54079 8
      vertex 7.54405 8.67811 2
      vertex 7.54405 8.67811 8
    endloop
  endfacet
  facet normal 0.972366 -0.233461 0
    outer loop
      vertex 7.54405 8.67811 2
      vertex 7.51108 8.54079 8
      vertex 7.51108 8.54079 2
    endloop
  endfacet
  facet normal 0.97237 0.233445 0
    outer loop
      vertex 7.54405 8.12188 8
      vertex 7.51108 8.25921 2
      vertex 7.51108 8.25921 8
    endloop
  endfacet
  facet normal 0.97237 0.233445 0
    outer loop
      vertex 7.51108 8.25921 2
      vertex 7.54405 8.12188 8
      vertex 7.54405 8.12188 2
    endloop
  endfacet
  facet normal -0.522532 -0.85262 0
    outer loop
      vertex 8.80859 9.20191 2
      vertex 8.92901 9.12811 8
      vertex 8.80859 9.20191 8
    endloop
  endfacet
  facet normal -0.522532 -0.85262 -0
    outer loop
      vertex 8.92901 9.12811 8
      vertex 8.80859 9.20191 2
      vertex 8.92901 9.12811 2
    endloop
  endfacet
  facet normal -0.233461 0.972366 0
    outer loop
      vertex 8.67811 7.54405 2
      vertex 8.54079 7.51108 8
      vertex 8.67811 7.54405 8
    endloop
  endfacet
  facet normal -0.233461 0.972366 0
    outer loop
      vertex 8.54079 7.51108 8
      vertex 8.67811 7.54405 2
      vertex 8.54079 7.51108 2
    endloop
  endfacet
  facet normal -0.996918 0.0784562 0
    outer loop
      vertex 9.28892 8.25921 2
      vertex 9.3 8.4 8
      vertex 9.3 8.4 2
    endloop
  endfacet
  facet normal -0.996918 0.0784562 0
    outer loop
      vertex 9.3 8.4 8
      vertex 9.28892 8.25921 2
      vertex 9.28892 8.25921 8
    endloop
  endfacet
  facet normal -0.76044 0.649408 0
    outer loop
      vertex 9.0364 7.7636 2
      vertex 9.12811 7.87099 8
      vertex 9.12811 7.87099 2
    endloop
  endfacet
  facet normal -0.76044 0.649408 0
    outer loop
      vertex 9.12811 7.87099 8
      vertex 9.0364 7.7636 2
      vertex 9.0364 7.7636 8
    endloop
  endfacet
  facet normal 0.85262 0.522532 0
    outer loop
      vertex 7.67189 7.87099 8
      vertex 7.59809 7.99141 2
      vertex 7.59809 7.99141 8
    endloop
  endfacet
  facet normal 0.85262 0.522532 0
    outer loop
      vertex 7.59809 7.99141 2
      vertex 7.67189 7.87099 8
      vertex 7.67189 7.87099 2
    endloop
  endfacet
  facet normal 0.996918 0.0784562 0
    outer loop
      vertex 7.51108 8.25921 8
      vertex 7.5 8.4 2
      vertex 7.5 8.4 8
    endloop
  endfacet
  facet normal 0.996918 0.0784562 0
    outer loop
      vertex 7.5 8.4 2
      vertex 7.51108 8.25921 8
      vertex 7.51108 8.25921 2
    endloop
  endfacet
  facet normal 0.996918 -0.0784562 0
    outer loop
      vertex 7.5 8.4 8
      vertex 7.51108 8.54079 2
      vertex 7.51108 8.54079 8
    endloop
  endfacet
  facet normal 0.996918 -0.0784562 0
    outer loop
      vertex 7.51108 8.54079 2
      vertex 7.5 8.4 8
      vertex 7.5 8.4 2
    endloop
  endfacet
  facet normal 0.0784562 0.996918 -0
    outer loop
      vertex 8.4 7.5 2
      vertex 8.25921 7.51108 8
      vertex 8.4 7.5 8
    endloop
  endfacet
  facet normal 0.0784562 0.996918 0
    outer loop
      vertex 8.25921 7.51108 8
      vertex 8.4 7.5 2
      vertex 8.25921 7.51108 2
    endloop
  endfacet
  facet normal -0.233461 -0.972366 0
    outer loop
      vertex 8.54079 9.28892 2
      vertex 8.67811 9.25595 8
      vertex 8.54079 9.28892 8
    endloop
  endfacet
  facet normal -0.233461 -0.972366 -0
    outer loop
      vertex 8.67811 9.25595 8
      vertex 8.54079 9.28892 2
      vertex 8.67811 9.25595 2
    endloop
  endfacet
  facet normal 0.522532 0.85262 -0
    outer loop
      vertex 7.99141 7.59809 2
      vertex 7.87099 7.67189 8
      vertex 7.99141 7.59809 8
    endloop
  endfacet
  facet normal 0.522532 0.85262 0
    outer loop
      vertex 7.87099 7.67189 8
      vertex 7.99141 7.59809 2
      vertex 7.87099 7.67189 2
    endloop
  endfacet
  facet normal 0.85262 -0.522532 0
    outer loop
      vertex 7.59809 8.80859 8
      vertex 7.67189 8.92901 2
      vertex 7.67189 8.92901 8
    endloop
  endfacet
  facet normal 0.85262 -0.522532 0
    outer loop
      vertex 7.67189 8.92901 2
      vertex 7.59809 8.80859 8
      vertex 7.59809 8.80859 2
    endloop
  endfacet
  facet normal -0.649408 0.76044 0
    outer loop
      vertex 9.0364 7.7636 2
      vertex 8.92901 7.67189 8
      vertex 9.0364 7.7636 8
    endloop
  endfacet
  facet normal -0.649408 0.76044 0
    outer loop
      vertex 8.92901 7.67189 8
      vertex 9.0364 7.7636 2
      vertex 8.92901 7.67189 2
    endloop
  endfacet
  facet normal 0 -1 0
    outer loop
      vertex 2 59.8 8
      vertex 5.57084 59.8 5
      vertex 5.57084 59.8 8
    endloop
  endfacet
  facet normal 0 -1 0
    outer loop
      vertex 2 59.8 8
      vertex 5.34454 59.8 4.47027
      vertex 5.57084 59.8 5
    endloop
  endfacet
  facet normal 0 -1 0
    outer loop
      vertex 2 59.8 2
      vertex 5.34454 59.8 4.47027
      vertex 2 59.8 8
    endloop
  endfacet
  facet normal 0 -1 0
    outer loop
      vertex 5.34454 59.8 4.47027
      vertex 2 59.8 2
      vertex 4.61175 59.8 2.75486
    endloop
  endfacet
  facet normal 0 -1 0
    outer loop
      vertex 4.61175 59.8 2.75486
      vertex 2 59.8 2
      vertex 4.39196 59.8 2.22737
    endloop
  endfacet
  facet normal 0 -1 0
    outer loop
      vertex 4.39196 59.8 2.22737
      vertex 2 59.8 2
      vertex 4.29722 59.8 2
    endloop
  endfacet
  facet normal 0 1 -0
    outer loop
      vertex 5.57084 61 5
      vertex 2 61 8
      vertex 5.57084 61 8
    endloop
  endfacet
  facet normal 0 1 -0
    outer loop
      vertex 5.34454 61 4.47027
      vertex 2 61 8
      vertex 5.57084 61 5
    endloop
  endfacet
  facet normal 0 1 0
    outer loop
      vertex 2 61 2
      vertex 5.34454 61 4.47027
      vertex 4.61175 61 2.75486
    endloop
  endfacet
  facet normal 0 1 0
    outer loop
      vertex 2 61 2
      vertex 4.61175 61 2.75486
      vertex 4.39196 61 2.22737
    endloop
  endfacet
  facet normal 0 1 0
    outer loop
      vertex 2 61 2
      vertex 4.39196 61 2.22737
      vertex 4.29722 61 2
    endloop
  endfacet
  facet normal 0 1 0
    outer loop
      vertex 5.34454 61 4.47027
      vertex 2 61 2
      vertex 2 61 8
    endloop
  endfacet
  facet normal 1 -0 0
    outer loop
      vertex 9 63.4555 4.47027
      vertex 9 66.8 2
      vertex 9 66.8 8
    endloop
  endfacet
  facet normal 1 0 0
    outer loop
      vertex 9 66.8 2
      vertex 9 64.408 2.22737
      vertex 9 64.5028 2
    endloop
  endfacet
  facet normal 1 0 0
    outer loop
      vertex 9 66.8 2
      vertex 9 64.1883 2.75486
      vertex 9 64.408 2.22737
    endloop
  endfacet
  facet normal 1 0 0
    outer loop
      vertex 9 66.8 2
      vertex 9 63.4555 4.47027
      vertex 9 64.1883 2.75486
    endloop
  endfacet
  facet normal 1 0 0
    outer loop
      vertex 9 63.2292 5
      vertex 9 66.8 8
      vertex 9 63.2292 8
    endloop
  endfacet
  facet normal 1 0 0
    outer loop
      vertex 9 66.8 8
      vertex 9 63.2292 5
      vertex 9 63.4555 4.47027
    endloop
  endfacet
  facet normal -1 0 0
    outer loop
      vertex 7.8 64.408 2.22737
      vertex 7.8 66.8 2
      vertex 7.8 64.5028 2
    endloop
  endfacet
  facet normal -1 0 0
    outer loop
      vertex 7.8 64.1883 2.75486
      vertex 7.8 66.8 2
      vertex 7.8 64.408 2.22737
    endloop
  endfacet
  facet normal -1 0 0
    outer loop
      vertex 7.8 63.4555 4.47027
      vertex 7.8 66.8 2
      vertex 7.8 64.1883 2.75486
    endloop
  endfacet
  facet normal -1 0 0
    outer loop
      vertex 7.8 66.8 2
      vertex 7.8 63.4555 4.47027
      vertex 7.8 66.8 8
    endloop
  endfacet
  facet normal -1 0 0
    outer loop
      vertex 7.8 63.2292 5
      vertex 7.8 66.8 8
      vertex 7.8 63.4555 4.47027
    endloop
  endfacet
  facet normal -1 -0 0
    outer loop
      vertex 7.8 66.8 8
      vertex 7.8 63.2292 5
      vertex 7.8 63.2292 8
    endloop
  endfacet
  facet normal -0.233447 0.972369 0
    outer loop
      vertex 7.8 63.2292 5
      vertex 7.50385 63.1581 8
      vertex 7.8 63.2292 8
    endloop
  endfacet
  facet normal -0.233447 0.972369 0
    outer loop
      vertex 7.50385 63.1581 8
      vertex 7.8 63.2292 5
      vertex 7.50385 63.1581 5
    endloop
  endfacet
  facet normal 0.972387 0.233373 0
    outer loop
      vertex 11.2643 60.8537 8
      vertex 11.1581 61.2962 5
      vertex 11.1581 61.2962 8
    endloop
  endfacet
  facet normal 0.972387 0.233373 0
    outer loop
      vertex 11.1581 61.2962 5
      vertex 11.2643 60.8537 8
      vertex 11.2643 60.8537 5
    endloop
  endfacet
  facet normal 0.996919 0.0784439 0
    outer loop
      vertex 11.3 60.4 8
      vertex 11.2643 60.8537 5
      vertex 11.2643 60.8537 8
    endloop
  endfacet
  facet normal 0.996919 0.0784439 0
    outer loop
      vertex 11.2643 60.8537 5
      vertex 11.3 60.4 8
      vertex 11.3 60.4 5
    endloop
  endfacet
  facet normal 0.923829 0.382805 0
    outer loop
      vertex 11.1581 61.2962 8
      vertex 10.9839 61.7166 5
      vertex 10.9839 61.7166 8
    endloop
  endfacet
  facet normal 0.923829 0.382805 0
    outer loop
      vertex 10.9839 61.7166 5
      vertex 11.1581 61.2962 8
      vertex 11.1581 61.2962 5
    endloop
  endfacet
  facet normal 0.649433 -0.760419 0
    outer loop
      vertex 10.1046 58.0539 5
      vertex 10.4506 58.3494 8
      vertex 10.1046 58.0539 8
    endloop
  endfacet
  facet normal 0.649433 -0.760419 0
    outer loop
      vertex 10.4506 58.3494 8
      vertex 10.1046 58.0539 5
      vertex 10.4506 58.3494 5
    endloop
  endfacet
  facet normal -0.97236 -0.233485 0
    outer loop
      vertex 5.64194 59.5039 5
      vertex 5.57084 59.8 8
      vertex 5.57084 59.8 5
    endloop
  endfacet
  facet normal -0.97236 -0.233485 0
    outer loop
      vertex 5.57084 59.8 8
      vertex 5.64194 59.5039 5
      vertex 5.64194 59.5039 8
    endloop
  endfacet
  facet normal 0.852608 -0.522552 0
    outer loop
      vertex 10.7461 58.6954 8
      vertex 10.9839 59.0834 5
      vertex 10.9839 59.0834 8
    endloop
  endfacet
  facet normal 0.852608 -0.522552 0
    outer loop
      vertex 10.9839 59.0834 5
      vertex 10.7461 58.6954 8
      vertex 10.7461 58.6954 5
    endloop
  endfacet
  facet normal 0.996919 -0.0784439 0
    outer loop
      vertex 11.2643 59.9463 8
      vertex 11.3 60.4 5
      vertex 11.3 60.4 8
    endloop
  endfacet
  facet normal 0.996919 -0.0784439 0
    outer loop
      vertex 11.3 60.4 5
      vertex 11.2643 59.9463 8
      vertex 11.2643 59.9463 5
    endloop
  endfacet
  facet normal 0.382789 0.923836 -0
    outer loop
      vertex 9.71657 62.9839 5
      vertex 9.29615 63.1581 8
      vertex 9.71657 62.9839 8
    endloop
  endfacet
  facet normal 0.382789 0.923836 0
    outer loop
      vertex 9.29615 63.1581 8
      vertex 9.71657 62.9839 5
      vertex 9.29615 63.1581 5
    endloop
  endfacet
  facet normal 0.852608 0.522552 0
    outer loop
      vertex 10.9839 61.7166 8
      vertex 10.7461 62.1046 5
      vertex 10.7461 62.1046 8
    endloop
  endfacet
  facet normal 0.852608 0.522552 0
    outer loop
      vertex 10.7461 62.1046 5
      vertex 10.9839 61.7166 8
      vertex 10.9839 61.7166 5
    endloop
  endfacet
  facet normal -0.6494 0.760447 0
    outer loop
      vertex 6.69542 62.7461 5
      vertex 6.34939 62.4506 8
      vertex 6.69542 62.7461 8
    endloop
  endfacet
  facet normal -0.6494 0.760447 0
    outer loop
      vertex 6.34939 62.4506 8
      vertex 6.69542 62.7461 5
      vertex 6.34939 62.4506 5
    endloop
  endfacet
  facet normal -0.0784508 -0.996918 0
    outer loop
      vertex 7.94634 57.5357 5
      vertex 8.4 57.5 8
      vertex 7.94634 57.5357 8
    endloop
  endfacet
  facet normal -0.0784508 -0.996918 -0
    outer loop
      vertex 8.4 57.5 8
      vertex 7.94634 57.5357 5
      vertex 8.4 57.5 5
    endloop
  endfacet
  facet normal -0.522542 0.852614 0
    outer loop
      vertex 7.08343 62.9839 5
      vertex 6.69542 62.7461 8
      vertex 7.08343 62.9839 8
    endloop
  endfacet
  facet normal -0.522542 0.852614 0
    outer loop
      vertex 6.69542 62.7461 8
      vertex 7.08343 62.9839 5
      vertex 6.69542 62.7461 5
    endloop
  endfacet
  facet normal -0.923876 0.382692 0
    outer loop
      vertex 5.64194 61.2962 5
      vertex 5.81608 61.7166 8
      vertex 5.81608 61.7166 5
    endloop
  endfacet
  facet normal -0.923876 0.382692 0
    outer loop
      vertex 5.81608 61.7166 8
      vertex 5.64194 61.2962 5
      vertex 5.64194 61.2962 8
    endloop
  endfacet
  facet normal 0.522522 -0.852626 0
    outer loop
      vertex 9.71657 57.8161 5
      vertex 10.1046 58.0539 8
      vertex 9.71657 57.8161 8
    endloop
  endfacet
  facet normal 0.522522 -0.852626 0
    outer loop
      vertex 10.1046 58.0539 8
      vertex 9.71657 57.8161 5
      vertex 10.1046 58.0539 5
    endloop
  endfacet
  facet normal 0.233378 -0.972386 0
    outer loop
      vertex 8.85366 57.5357 5
      vertex 9.29615 57.6419 8
      vertex 8.85366 57.5357 8
    endloop
  endfacet
  facet normal 0.233378 -0.972386 0
    outer loop
      vertex 9.29615 57.6419 8
      vertex 8.85366 57.5357 5
      vertex 9.29615 57.6419 5
    endloop
  endfacet
  facet normal 0.972375 -0.233423 0
    outer loop
      vertex 11.1581 59.5039 8
      vertex 11.2643 59.9463 5
      vertex 11.2643 59.9463 8
    endloop
  endfacet
  facet normal 0.972375 -0.233423 0
    outer loop
      vertex 11.2643 59.9463 5
      vertex 11.1581 59.5039 8
      vertex 11.1581 59.5039 5
    endloop
  endfacet
  facet normal -0.760375 0.649484 0
    outer loop
      vertex 6.05385 62.1046 5
      vertex 6.34939 62.4506 8
      vertex 6.34939 62.4506 5
    endloop
  endfacet
  facet normal -0.760375 0.649484 0
    outer loop
      vertex 6.34939 62.4506 8
      vertex 6.05385 62.1046 5
      vertex 6.05385 62.1046 8
    endloop
  endfacet
  facet normal 0.760419 -0.649433 0
    outer loop
      vertex 10.4506 58.3494 8
      vertex 10.7461 58.6954 5
      vertex 10.7461 58.6954 8
    endloop
  endfacet
  facet normal 0.760419 -0.649433 0
    outer loop
      vertex 10.7461 58.6954 5
      vertex 10.4506 58.3494 8
      vertex 10.4506 58.3494 5
    endloop
  endfacet
  facet normal -0.852637 0.522504 0
    outer loop
      vertex 5.81608 61.7166 5
      vertex 6.05385 62.1046 8
      vertex 6.05385 62.1046 5
    endloop
  endfacet
  facet normal -0.852637 0.522504 0
    outer loop
      vertex 6.05385 62.1046 8
      vertex 5.81608 61.7166 5
      vertex 5.81608 61.7166 8
    endloop
  endfacet
  facet normal -0.382789 0.923836 0
    outer loop
      vertex 7.50385 63.1581 5
      vertex 7.08343 62.9839 8
      vertex 7.50385 63.1581 8
    endloop
  endfacet
  facet normal -0.382789 0.923836 0
    outer loop
      vertex 7.08343 62.9839 8
      vertex 7.50385 63.1581 5
      vertex 7.08343 62.9839 5
    endloop
  endfacet
  facet normal 0.382789 -0.923836 0
    outer loop
      vertex 9.29615 57.6419 5
      vertex 9.71657 57.8161 8
      vertex 9.29615 57.6419 8
    endloop
  endfacet
  facet normal 0.382789 -0.923836 0
    outer loop
      vertex 9.71657 57.8161 8
      vertex 9.29615 57.6419 5
      vertex 9.71657 57.8161 5
    endloop
  endfacet
  facet normal 0.649433 0.760419 -0
    outer loop
      vertex 10.4506 62.4506 5
      vertex 10.1046 62.7461 8
      vertex 10.4506 62.4506 8
    endloop
  endfacet
  facet normal 0.649433 0.760419 0
    outer loop
      vertex 10.1046 62.7461 8
      vertex 10.4506 62.4506 5
      vertex 10.1046 62.7461 5
    endloop
  endfacet
  facet normal 0.233447 0.972369 -0
    outer loop
      vertex 9.29615 63.1581 5
      vertex 9 63.2292 8
      vertex 9.29615 63.1581 8
    endloop
  endfacet
  facet normal 0.233447 0.972369 0
    outer loop
      vertex 9 63.2292 8
      vertex 9.29615 63.1581 5
      vertex 9 63.2292 5
    endloop
  endfacet
  facet normal 0.522522 0.852626 -0
    outer loop
      vertex 10.1046 62.7461 5
      vertex 9.71657 62.9839 8
      vertex 10.1046 62.7461 8
    endloop
  endfacet
  facet normal 0.522522 0.852626 0
    outer loop
      vertex 9.71657 62.9839 8
      vertex 10.1046 62.7461 5
      vertex 9.71657 62.9839 5
    endloop
  endfacet
  facet normal -0.760375 -0.649484 0
    outer loop
      vertex 6.34939 58.3494 5
      vertex 6.05385 58.6954 8
      vertex 6.05385 58.6954 5
    endloop
  endfacet
  facet normal -0.760375 -0.649484 0
    outer loop
      vertex 6.05385 58.6954 8
      vertex 6.34939 58.3494 5
      vertex 6.34939 58.3494 8
    endloop
  endfacet
  facet normal 0.923862 -0.382727 0
    outer loop
      vertex 10.9839 59.0834 8
      vertex 11.1581 59.5039 5
      vertex 11.1581 59.5039 8
    endloop
  endfacet
  facet normal 0.923862 -0.382727 0
    outer loop
      vertex 11.1581 59.5039 5
      vertex 10.9839 59.0834 8
      vertex 10.9839 59.0834 5
    endloop
  endfacet
  facet normal -0.852637 -0.522504 0
    outer loop
      vertex 6.05385 58.6954 5
      vertex 5.81608 59.0834 8
      vertex 5.81608 59.0834 5
    endloop
  endfacet
  facet normal -0.852637 -0.522504 0
    outer loop
      vertex 5.81608 59.0834 8
      vertex 6.05385 58.6954 5
      vertex 6.05385 58.6954 8
    endloop
  endfacet
  facet normal -0.382789 -0.923836 0
    outer loop
      vertex 7.08343 57.8161 5
      vertex 7.50385 57.6419 8
      vertex 7.08343 57.8161 8
    endloop
  endfacet
  facet normal -0.382789 -0.923836 -0
    outer loop
      vertex 7.50385 57.6419 8
      vertex 7.08343 57.8161 5
      vertex 7.50385 57.6419 5
    endloop
  endfacet
  facet normal -0.233378 -0.972386 0
    outer loop
      vertex 7.50385 57.6419 5
      vertex 7.94634 57.5357 8
      vertex 7.50385 57.6419 8
    endloop
  endfacet
  facet normal -0.233378 -0.972386 -0
    outer loop
      vertex 7.94634 57.5357 8
      vertex 7.50385 57.6419 5
      vertex 7.94634 57.5357 5
    endloop
  endfacet
  facet normal -0.923908 -0.382614 0
    outer loop
      vertex 5.81608 59.0834 5
      vertex 5.64194 59.5039 8
      vertex 5.64194 59.5039 5
    endloop
  endfacet
  facet normal -0.923908 -0.382614 0
    outer loop
      vertex 5.64194 59.5039 8
      vertex 5.81608 59.0834 5
      vertex 5.81608 59.0834 8
    endloop
  endfacet
  facet normal 0.760419 0.649433 0
    outer loop
      vertex 10.7461 62.1046 8
      vertex 10.4506 62.4506 5
      vertex 10.4506 62.4506 8
    endloop
  endfacet
  facet normal 0.760419 0.649433 0
    outer loop
      vertex 10.4506 62.4506 5
      vertex 10.7461 62.1046 8
      vertex 10.7461 62.1046 5
    endloop
  endfacet
  facet normal -0.522542 -0.852614 0
    outer loop
      vertex 6.69542 58.0539 5
      vertex 7.08343 57.8161 8
      vertex 6.69542 58.0539 8
    endloop
  endfacet
  facet normal -0.522542 -0.852614 -0
    outer loop
      vertex 7.08343 57.8161 8
      vertex 6.69542 58.0539 5
      vertex 7.08343 57.8161 5
    endloop
  endfacet
  facet normal -0.972378 0.23341 0
    outer loop
      vertex 5.57084 61 5
      vertex 5.64194 61.2962 8
      vertex 5.64194 61.2962 5
    endloop
  endfacet
  facet normal -0.972378 0.23341 0
    outer loop
      vertex 5.64194 61.2962 8
      vertex 5.57084 61 5
      vertex 5.57084 61 8
    endloop
  endfacet
  facet normal 0.0784508 -0.996918 0
    outer loop
      vertex 8.4 57.5 5
      vertex 8.85366 57.5357 8
      vertex 8.4 57.5 8
    endloop
  endfacet
  facet normal 0.0784508 -0.996918 0
    outer loop
      vertex 8.85366 57.5357 8
      vertex 8.4 57.5 5
      vertex 8.85366 57.5357 5
    endloop
  endfacet
  facet normal -0.6494 -0.760447 0
    outer loop
      vertex 6.34939 58.3494 5
      vertex 6.69542 58.0539 8
      vertex 6.34939 58.3494 8
    endloop
  endfacet
  facet normal -0.6494 -0.760447 -0
    outer loop
      vertex 6.69542 58.0539 8
      vertex 6.34939 58.3494 5
      vertex 6.69542 58.0539 5
    endloop
  endfacet
  facet normal 0.92065 0.0724664 0.383604
    outer loop
      vertex 12.4989 61.0492 2
      vertex 11.3 60.4 5
      vertex 12.55 60.4 2
    endloop
  endfacet
  facet normal 0.482548 -0.787397 0.383607
    outer loop
      vertex 10.1046 58.0539 5
      vertex 9.71657 57.8161 5
      vertex 10.8393 57.0426 2
    endloop
  endfacet
  facet normal 0.482548 0.787397 0.383607
    outer loop
      vertex 10.8393 63.7574 2
      vertex 9.71657 62.9839 5
      vertex 10.1046 62.7461 5
    endloop
  endfacet
  facet normal 0.78738 -0.482574 0.383608
    outer loop
      vertex 10.9839 59.0834 5
      vertex 10.7461 58.6954 5
      vertex 11.7574 57.9607 2
    endloop
  endfacet
  facet normal -0.92065 -0.072417 0.383614
    outer loop
      vertex 4.39196 59.8 2.22737
      vertex 4.29722 59.8 2
      vertex 4.30109 59.7508 2
    endloop
  endfacet
  facet normal -0.353506 0.853163 0.383596
    outer loop
      vertex 7.11758 64.3469 2
      vertex 7.08343 62.9839 5
      vertex 7.50385 63.1581 5
    endloop
  endfacet
  facet normal -0.353397 0.8532 0.383615
    outer loop
      vertex 7.11758 64.3469 2
      vertex 6.51594 64.0977 2
      vertex 7.08343 62.9839 5
    endloop
  endfacet
  facet normal -0.215587 0.897977 0.383615
    outer loop
      vertex 7.8 63.4555 4.47027
      vertex 7.50385 63.1581 5
      vertex 7.8 63.2292 5
    endloop
  endfacet
  facet normal -0.215613 0.897977 0.3836
    outer loop
      vertex 7.50385 63.1581 5
      vertex 7.8 63.4555 4.47027
      vertex 7.11758 64.3469 2
    endloop
  endfacet
  facet normal -0.215561 0.89801 0.383551
    outer loop
      vertex 7.11758 64.3469 2
      vertex 7.8 64.1883 2.75486
      vertex 7.7508 64.4989 2
    endloop
  endfacet
  facet normal -0.215626 0.897973 0.383602
    outer loop
      vertex 7.8 64.1883 2.75486
      vertex 7.11758 64.3469 2
      vertex 7.8 63.4555 4.47027
    endloop
  endfacet
  facet normal 0.0724664 -0.92065 0.383604
    outer loop
      vertex 8.4 57.5 5
      vertex 8.4 56.25 2
      vertex 9.0492 56.3011 2
    endloop
  endfacet
  facet normal 0.215556 -0.897989 0.383602
    outer loop
      vertex 9.68242 56.4531 2
      vertex 8.85366 57.5357 5
      vertex 9.0492 56.3011 2
    endloop
  endfacet
  facet normal -0.853216 0.353368 0.383605
    outer loop
      vertex 4.70232 62.2841 2
      vertex 4.45312 61.6824 2
      vertex 5.81608 61.7166 5
    endloop
  endfacet
  facet normal 0.70226 -0.599729 0.383609
    outer loop
      vertex 11.7574 57.9607 2
      vertex 10.4506 58.3494 5
      vertex 11.3345 57.4655 2
    endloop
  endfacet
  facet normal 0.897989 0.215563 0.3836
    outer loop
      vertex 12.3469 61.6824 2
      vertex 11.2643 60.8537 5
      vertex 12.4989 61.0492 2
    endloop
  endfacet
  facet normal -0.920654 0.0723906 0.38361
    outer loop
      vertex 4.61175 61 2.75486
      vertex 4.30109 61.0492 2
      vertex 4.39196 61 2.22737
    endloop
  endfacet
  facet normal 0.787362 0.4826 0.383613
    outer loop
      vertex 11.7574 62.8393 2
      vertex 10.9839 61.7166 5
      vertex 12.0977 62.2841 2
    endloop
  endfacet
  facet normal -0.702207 -0.599798 0.383598
    outer loop
      vertex 6.05385 58.6954 5
      vertex 5.04258 57.9607 2
      vertex 6.34939 58.3494 5
    endloop
  endfacet
  facet normal 0.599749 0.702245 0.383605
    outer loop
      vertex 10.8393 63.7574 2
      vertex 10.1046 62.7461 5
      vertex 10.4506 62.4506 5
    endloop
  endfacet
  facet normal -0.599744 0.702249 0.383606
    outer loop
      vertex 5.96069 63.7574 2
      vertex 5.46551 63.3345 2
      vertex 6.34939 62.4506 5
    endloop
  endfacet
  facet normal -0.920654 -0.0723906 0.38361
    outer loop
      vertex 4.39196 59.8 2.22737
      vertex 4.30109 59.7508 2
      vertex 4.61175 59.8 2.75486
    endloop
  endfacet
  facet normal -0.215556 -0.897989 0.383602
    outer loop
      vertex 7.94634 57.5357 5
      vertex 7.11758 56.4531 2
      vertex 7.7508 56.3011 2
    endloop
  endfacet
  facet normal 0.599749 -0.702245 0.383605
    outer loop
      vertex 10.4506 58.3494 5
      vertex 10.1046 58.0539 5
      vertex 10.8393 57.0426 2
    endloop
  endfacet
  facet normal 0.215525 -0.897999 0.383597
    outer loop
      vertex 9.29615 57.6419 5
      vertex 8.85366 57.5357 5
      vertex 9.68242 56.4531 2
    endloop
  endfacet
  facet normal 0.92065 -0.0724664 0.383604
    outer loop
      vertex 12.55 60.4 2
      vertex 11.3 60.4 5
      vertex 12.4989 59.7508 2
    endloop
  endfacet
  facet normal -0.353397 -0.8532 0.383615
    outer loop
      vertex 7.08343 57.8161 5
      vertex 6.51594 56.7023 2
      vertex 7.11758 56.4531 2
    endloop
  endfacet
  facet normal 0.853213 0.353366 0.383615
    outer loop
      vertex 12.0977 62.2841 2
      vertex 10.9839 61.7166 5
      vertex 12.3469 61.6824 2
    endloop
  endfacet
  facet normal -0.89797 -0.215622 0.383612
    outer loop
      vertex 5.34454 59.8 4.47027
      vertex 5.64194 59.5039 5
      vertex 5.57084 59.8 5
    endloop
  endfacet
  facet normal -0.89797 -0.215629 0.383607
    outer loop
      vertex 5.64194 59.5039 5
      vertex 5.34454 59.8 4.47027
      vertex 4.45312 59.1176 2
    endloop
  endfacet
  facet normal -0.92065 0.072417 0.383614
    outer loop
      vertex 4.30109 61.0492 2
      vertex 4.29722 61 2
      vertex 4.39196 61 2.22737
    endloop
  endfacet
  facet normal -0.599718 0.702268 0.383612
    outer loop
      vertex 6.69542 62.7461 5
      vertex 5.96069 63.7574 2
      vertex 6.34939 62.4506 5
    endloop
  endfacet
  facet normal -0.482565 0.787384 0.383612
    outer loop
      vertex 7.08343 62.9839 5
      vertex 5.96069 63.7574 2
      vertex 6.69542 62.7461 5
    endloop
  endfacet
  facet normal -0.70224 0.599754 0.383606
    outer loop
      vertex 5.46551 63.3345 2
      vertex 5.04258 62.8393 2
      vertex 6.34939 62.4506 5
    endloop
  endfacet
  facet normal -0.70224 -0.599754 0.383606
    outer loop
      vertex 6.34939 58.3494 5
      vertex 5.04258 57.9607 2
      vertex 5.46551 57.4655 2
    endloop
  endfacet
  facet normal 0.853213 -0.353366 0.383615
    outer loop
      vertex 12.3469 59.1176 2
      vertex 10.9839 59.0834 5
      vertex 12.0977 58.5159 2
    endloop
  endfacet
  facet normal -0.702207 0.599798 0.383598
    outer loop
      vertex 6.34939 62.4506 5
      vertex 5.04258 62.8393 2
      vertex 6.05385 62.1046 5
    endloop
  endfacet
  facet normal 0.70226 0.599729 0.383609
    outer loop
      vertex 11.3345 63.3345 2
      vertex 10.4506 62.4506 5
      vertex 11.7574 62.8393 2
    endloop
  endfacet
  facet normal 0.599729 0.70226 0.383609
    outer loop
      vertex 10.8393 63.7574 2
      vertex 10.4506 62.4506 5
      vertex 11.3345 63.3345 2
    endloop
  endfacet
  facet normal -0.599744 -0.702249 0.383606
    outer loop
      vertex 6.34939 58.3494 5
      vertex 5.46551 57.4655 2
      vertex 5.96069 57.0426 2
    endloop
  endfacet
  facet normal 0.0711142 0.920794 0.383511
    outer loop
      vertex 9 64.408 2.22737
      vertex 9 64.1883 2.75486
      vertex 9.0492 64.4989 2
    endloop
  endfacet
  facet normal 0.482599 0.78736 0.383617
    outer loop
      vertex 10.2841 64.0977 2
      vertex 9.71657 62.9839 5
      vertex 10.8393 63.7574 2
    endloop
  endfacet
  facet normal -0.482568 0.787381 0.383613
    outer loop
      vertex 6.51594 64.0977 2
      vertex 5.96069 63.7574 2
      vertex 7.08343 62.9839 5
    endloop
  endfacet
  facet normal -0.353506 -0.853163 0.383596
    outer loop
      vertex 7.50385 57.6419 5
      vertex 7.08343 57.8161 5
      vertex 7.11758 56.4531 2
    endloop
  endfacet
  facet normal -0.78739 0.48256 0.383605
    outer loop
      vertex 5.04258 62.8393 2
      vertex 4.70232 62.2841 2
      vertex 5.81608 61.7166 5
    endloop
  endfacet
  facet normal -0.853216 -0.353368 0.383605
    outer loop
      vertex 5.81608 59.0834 5
      vertex 4.45312 59.1176 2
      vertex 4.70232 58.5159 2
    endloop
  endfacet
  facet normal 0.353376 -0.853207 0.383618
    outer loop
      vertex 9.71657 57.8161 5
      vertex 9.68242 56.4531 2
      vertex 10.2841 56.7023 2
    endloop
  endfacet
  facet normal 0.853185 -0.353448 0.383601
    outer loop
      vertex 11.1581 59.5039 5
      vertex 10.9839 59.0834 5
      vertex 12.3469 59.1176 2
    endloop
  endfacet
  facet normal -0.897975 0.215602 0.383611
    outer loop
      vertex 4.61175 61 2.75486
      vertex 4.45312 61.6824 2
      vertex 4.30109 61.0492 2
    endloop
  endfacet
  facet normal -0.897982 0.215589 0.383601
    outer loop
      vertex 4.45312 61.6824 2
      vertex 4.61175 61 2.75486
      vertex 5.34454 61 4.47027
    endloop
  endfacet
  facet normal -0.853225 -0.353343 0.383609
    outer loop
      vertex 5.64194 59.5039 5
      vertex 4.45312 59.1176 2
      vertex 5.81608 59.0834 5
    endloop
  endfacet
  facet normal 0.897989 -0.215563 0.3836
    outer loop
      vertex 12.4989 59.7508 2
      vertex 11.2643 59.9463 5
      vertex 12.3469 59.1176 2
    endloop
  endfacet
  facet normal 0.920653 -0.0724429 0.3836
    outer loop
      vertex 11.3 60.4 5
      vertex 11.2643 59.9463 5
      vertex 12.4989 59.7508 2
    endloop
  endfacet
  facet normal 0.215626 0.897973 0.383602
    outer loop
      vertex 9.68242 64.3469 2
      vertex 9 64.1883 2.75486
      vertex 9 63.4555 4.47027
    endloop
  endfacet
  facet normal 0.215561 0.89801 0.383551
    outer loop
      vertex 9 64.1883 2.75486
      vertex 9.68242 64.3469 2
      vertex 9.0492 64.4989 2
    endloop
  endfacet
  facet normal -0.215525 -0.897999 0.383597
    outer loop
      vertex 7.50385 57.6419 5
      vertex 7.11758 56.4531 2
      vertex 7.94634 57.5357 5
    endloop
  endfacet
  facet normal -0.0729686 0.920526 0.383806
    outer loop
      vertex 7.8 64.5028 2
      vertex 7.7508 64.4989 2
      vertex 7.8 64.408 2.22737
    endloop
  endfacet
  facet normal 0.0724492 -0.920653 0.383601
    outer loop
      vertex 8.85366 57.5357 5
      vertex 8.4 57.5 5
      vertex 9.0492 56.3011 2
    endloop
  endfacet
  facet normal -0.0711142 0.920794 0.383511
    outer loop
      vertex 7.8 64.408 2.22737
      vertex 7.7508 64.4989 2
      vertex 7.8 64.1883 2.75486
    endloop
  endfacet
  facet normal 0.0729686 0.920526 0.383806
    outer loop
      vertex 9 64.5028 2
      vertex 9 64.408 2.22737
      vertex 9.0492 64.4989 2
    endloop
  endfacet
  facet normal 0.353506 0.853163 0.383596
    outer loop
      vertex 9.68242 64.3469 2
      vertex 9.29615 63.1581 5
      vertex 9.71657 62.9839 5
    endloop
  endfacet
  facet normal 0.898002 0.21552 0.383593
    outer loop
      vertex 12.3469 61.6824 2
      vertex 11.1581 61.2962 5
      vertex 11.2643 60.8537 5
    endloop
  endfacet
  facet normal 0.787362 -0.4826 0.383613
    outer loop
      vertex 12.0977 58.5159 2
      vertex 10.9839 59.0834 5
      vertex 11.7574 57.9607 2
    endloop
  endfacet
  facet normal 0.599729 -0.70226 0.383609
    outer loop
      vertex 11.3345 57.4655 2
      vertex 10.4506 58.3494 5
      vertex 10.8393 57.0426 2
    endloop
  endfacet
  facet normal 0.85316 0.353522 0.383589
    outer loop
      vertex 12.3469 61.6824 2
      vertex 10.9839 61.7166 5
      vertex 11.1581 61.2962 5
    endloop
  endfacet
  facet normal -0.897975 -0.215602 0.383611
    outer loop
      vertex 4.45312 59.1176 2
      vertex 4.61175 59.8 2.75486
      vertex 4.30109 59.7508 2
    endloop
  endfacet
  facet normal -0.897982 -0.215589 0.383601
    outer loop
      vertex 4.61175 59.8 2.75486
      vertex 4.45312 59.1176 2
      vertex 5.34454 59.8 4.47027
    endloop
  endfacet
  facet normal 0.702245 -0.599749 0.383605
    outer loop
      vertex 10.7461 58.6954 5
      vertex 10.4506 58.3494 5
      vertex 11.7574 57.9607 2
    endloop
  endfacet
  facet normal 0.920653 0.0724429 0.3836
    outer loop
      vertex 12.4989 61.0492 2
      vertex 11.2643 60.8537 5
      vertex 11.3 60.4 5
    endloop
  endfacet
  facet normal -0.78741 0.482532 0.3836
    outer loop
      vertex 6.05385 62.1046 5
      vertex 5.04258 62.8393 2
      vertex 5.81608 61.7166 5
    endloop
  endfacet
  facet normal -0.599718 -0.702268 0.383612
    outer loop
      vertex 6.34939 58.3494 5
      vertex 5.96069 57.0426 2
      vertex 6.69542 58.0539 5
    endloop
  endfacet
  facet normal 0.353506 -0.853163 0.383596
    outer loop
      vertex 9.71657 57.8161 5
      vertex 9.29615 57.6419 5
      vertex 9.68242 56.4531 2
    endloop
  endfacet
  facet normal 0.897988 -0.215566 0.3836
    outer loop
      vertex 11.2643 59.9463 5
      vertex 11.1581 59.5039 5
      vertex 12.3469 59.1176 2
    endloop
  endfacet
  facet normal -0.0724492 -0.920653 0.383601
    outer loop
      vertex 7.94634 57.5357 5
      vertex 7.7508 56.3011 2
      vertex 8.4 57.5 5
    endloop
  endfacet
  facet normal -0.8532 0.353416 0.383597
    outer loop
      vertex 5.81608 61.7166 5
      vertex 4.45312 61.6824 2
      vertex 5.64194 61.2962 5
    endloop
  endfacet
  facet normal -0.897984 0.215584 0.3836
    outer loop
      vertex 5.34454 61 4.47027
      vertex 5.64194 61.2962 5
      vertex 4.45312 61.6824 2
    endloop
  endfacet
  facet normal -0.897984 0.215552 0.383618
    outer loop
      vertex 5.64194 61.2962 5
      vertex 5.34454 61 4.47027
      vertex 5.57084 61 5
    endloop
  endfacet
  facet normal -0.78741 -0.482532 0.3836
    outer loop
      vertex 5.81608 59.0834 5
      vertex 5.04258 57.9607 2
      vertex 6.05385 58.6954 5
    endloop
  endfacet
  facet normal 0.353376 0.853207 0.383618
    outer loop
      vertex 10.2841 64.0977 2
      vertex 9.68242 64.3469 2
      vertex 9.71657 62.9839 5
    endloop
  endfacet
  facet normal -0.0724664 -0.92065 0.383604
    outer loop
      vertex 8.4 57.5 5
      vertex 7.7508 56.3011 2
      vertex 8.4 56.25 2
    endloop
  endfacet
  facet normal -0.78739 -0.48256 0.383605
    outer loop
      vertex 5.81608 59.0834 5
      vertex 4.70232 58.5159 2
      vertex 5.04258 57.9607 2
    endloop
  endfacet
  facet normal 0.702245 0.599749 0.383605
    outer loop
      vertex 11.7574 62.8393 2
      vertex 10.4506 62.4506 5
      vertex 10.7461 62.1046 5
    endloop
  endfacet
  facet normal 0.215587 0.897977 0.383615
    outer loop
      vertex 9.29615 63.1581 5
      vertex 9 63.4555 4.47027
      vertex 9 63.2292 5
    endloop
  endfacet
  facet normal 0.215613 0.897977 0.3836
    outer loop
      vertex 9 63.4555 4.47027
      vertex 9.29615 63.1581 5
      vertex 9.68242 64.3469 2
    endloop
  endfacet
  facet normal 0.482599 -0.78736 0.383617
    outer loop
      vertex 10.8393 57.0426 2
      vertex 9.71657 57.8161 5
      vertex 10.2841 56.7023 2
    endloop
  endfacet
  facet normal 0.78738 0.482574 0.383608
    outer loop
      vertex 11.7574 62.8393 2
      vertex 10.7461 62.1046 5
      vertex 10.9839 61.7166 5
    endloop
  endfacet
  facet normal -0.482565 -0.787384 0.383612
    outer loop
      vertex 6.69542 58.0539 5
      vertex 5.96069 57.0426 2
      vertex 7.08343 57.8161 5
    endloop
  endfacet
  facet normal -0.482568 -0.787381 0.383613
    outer loop
      vertex 7.08343 57.8161 5
      vertex 5.96069 57.0426 2
      vertex 6.51594 56.7023 2
    endloop
  endfacet
  facet normal 0.923917 -0.382594 0
    outer loop
      vertex 7.54405 60.6781 8
      vertex 7.59809 60.8086 2
      vertex 7.59809 60.8086 8
    endloop
  endfacet
  facet normal 0.923917 -0.382594 0
    outer loop
      vertex 7.59809 60.8086 2
      vertex 7.54405 60.6781 8
      vertex 7.54405 60.6781 2
    endloop
  endfacet
  facet normal -0.972358 -0.233493 0
    outer loop
      vertex 9.28892 60.5408 2
      vertex 9.25595 60.6781 8
      vertex 9.25595 60.6781 2
    endloop
  endfacet
  facet normal -0.972358 -0.233493 0
    outer loop
      vertex 9.25595 60.6781 8
      vertex 9.28892 60.5408 2
      vertex 9.28892 60.5408 8
    endloop
  endfacet
  facet normal -0.996918 -0.0784506 0
    outer loop
      vertex 9.3 60.4 2
      vertex 9.28892 60.5408 8
      vertex 9.28892 60.5408 2
    endloop
  endfacet
  facet normal -0.996918 -0.0784506 0
    outer loop
      vertex 9.28892 60.5408 8
      vertex 9.3 60.4 2
      vertex 9.3 60.4 8
    endloop
  endfacet
  facet normal -0.923917 -0.382594 0
    outer loop
      vertex 9.25595 60.6781 2
      vertex 9.20191 60.8086 8
      vertex 9.20191 60.8086 2
    endloop
  endfacet
  facet normal -0.923917 -0.382594 0
    outer loop
      vertex 9.20191 60.8086 8
      vertex 9.25595 60.6781 2
      vertex 9.25595 60.6781 8
    endloop
  endfacet
  facet normal -0.522532 0.85262 0
    outer loop
      vertex 8.92901 59.6719 2
      vertex 8.80859 59.5981 8
      vertex 8.92901 59.6719 8
    endloop
  endfacet
  facet normal -0.522532 0.85262 0
    outer loop
      vertex 8.80859 59.5981 8
      vertex 8.92901 59.6719 2
      vertex 8.80859 59.5981 2
    endloop
  endfacet
  facet normal -0.972358 0.233493 0
    outer loop
      vertex 9.25595 60.1219 2
      vertex 9.28892 60.2592 8
      vertex 9.28892 60.2592 2
    endloop
  endfacet
  facet normal -0.972358 0.233493 0
    outer loop
      vertex 9.28892 60.2592 8
      vertex 9.25595 60.1219 2
      vertex 9.25595 60.1219 8
    endloop
  endfacet
  facet normal -0.383006 0.923746 0
    outer loop
      vertex 8.80859 59.5981 2
      vertex 8.67811 59.544 8
      vertex 8.80859 59.5981 8
    endloop
  endfacet
  facet normal -0.383006 0.923746 0
    outer loop
      vertex 8.67811 59.544 8
      vertex 8.80859 59.5981 2
      vertex 8.67811 59.544 2
    endloop
  endfacet
  facet normal 0.383031 -0.923735 0
    outer loop
      vertex 7.99141 61.2019 2
      vertex 8.12188 61.256 8
      vertex 7.99141 61.2019 8
    endloop
  endfacet
  facet normal 0.383031 -0.923735 0
    outer loop
      vertex 8.12188 61.256 8
      vertex 7.99141 61.2019 2
      vertex 8.12188 61.256 2
    endloop
  endfacet
  facet normal 0.383031 0.923735 -0
    outer loop
      vertex 8.12188 59.544 2
      vertex 7.99141 59.5981 8
      vertex 8.12188 59.544 8
    endloop
  endfacet
  facet normal 0.383031 0.923735 0
    outer loop
      vertex 7.99141 59.5981 8
      vertex 8.12188 59.544 2
      vertex 7.99141 59.5981 2
    endloop
  endfacet
  facet normal 0.522532 -0.85262 0
    outer loop
      vertex 7.87099 61.1281 2
      vertex 7.99141 61.2019 8
      vertex 7.87099 61.1281 8
    endloop
  endfacet
  facet normal 0.522532 -0.85262 0
    outer loop
      vertex 7.99141 61.2019 8
      vertex 7.87099 61.1281 2
      vertex 7.99141 61.2019 2
    endloop
  endfacet
  facet normal -0.649367 -0.760475 0
    outer loop
      vertex 8.92901 61.1281 2
      vertex 9.0364 61.0364 8
      vertex 8.92901 61.1281 8
    endloop
  endfacet
  facet normal -0.649367 -0.760475 -0
    outer loop
      vertex 9.0364 61.0364 8
      vertex 8.92901 61.1281 2
      vertex 9.0364 61.0364 2
    endloop
  endfacet
  facet normal 0.232977 -0.972482 0
    outer loop
      vertex 8.12188 61.256 2
      vertex 8.25921 61.2889 8
      vertex 8.12188 61.256 8
    endloop
  endfacet
  facet normal 0.232977 -0.972482 0
    outer loop
      vertex 8.25921 61.2889 8
      vertex 8.12188 61.256 2
      vertex 8.25921 61.2889 2
    endloop
  endfacet
  facet normal 0.923917 0.382594 0
    outer loop
      vertex 7.59809 59.9914 8
      vertex 7.54405 60.1219 2
      vertex 7.54405 60.1219 8
    endloop
  endfacet
  facet normal 0.923917 0.382594 0
    outer loop
      vertex 7.54405 60.1219 2
      vertex 7.59809 59.9914 8
      vertex 7.59809 59.9914 2
    endloop
  endfacet
  facet normal 0.0785969 -0.996906 0
    outer loop
      vertex 8.25921 61.2889 2
      vertex 8.4 61.3 8
      vertex 8.25921 61.2889 8
    endloop
  endfacet
  facet normal 0.0785969 -0.996906 0
    outer loop
      vertex 8.4 61.3 8
      vertex 8.25921 61.2889 2
      vertex 8.4 61.3 2
    endloop
  endfacet
  facet normal 0.232977 0.972482 -0
    outer loop
      vertex 8.25921 59.5111 2
      vertex 8.12188 59.544 8
      vertex 8.25921 59.5111 8
    endloop
  endfacet
  facet normal 0.232977 0.972482 0
    outer loop
      vertex 8.12188 59.544 8
      vertex 8.25921 59.5111 2
      vertex 8.12188 59.544 2
    endloop
  endfacet
  facet normal -0.923917 0.382594 0
    outer loop
      vertex 9.20191 59.9914 2
      vertex 9.25595 60.1219 8
      vertex 9.25595 60.1219 2
    endloop
  endfacet
  facet normal -0.923917 0.382594 0
    outer loop
      vertex 9.25595 60.1219 8
      vertex 9.20191 59.9914 2
      vertex 9.20191 59.9914 8
    endloop
  endfacet
  facet normal 0.76047 0.649373 0
    outer loop
      vertex 7.7636 59.7636 8
      vertex 7.67189 59.871 2
      vertex 7.67189 59.871 8
    endloop
  endfacet
  facet normal 0.76047 0.649373 0
    outer loop
      vertex 7.67189 59.871 2
      vertex 7.7636 59.7636 8
      vertex 7.7636 59.7636 2
    endloop
  endfacet
  facet normal 0.649367 -0.760475 0
    outer loop
      vertex 7.7636 61.0364 2
      vertex 7.87099 61.1281 8
      vertex 7.7636 61.0364 8
    endloop
  endfacet
  facet normal 0.649367 -0.760475 0
    outer loop
      vertex 7.87099 61.1281 8
      vertex 7.7636 61.0364 2
      vertex 7.87099 61.1281 2
    endloop
  endfacet
  facet normal -0.0785969 0.996906 0
    outer loop
      vertex 8.54079 59.5111 2
      vertex 8.4 59.5 8
      vertex 8.54079 59.5111 8
    endloop
  endfacet
  facet normal -0.0785969 0.996906 0
    outer loop
      vertex 8.4 59.5 8
      vertex 8.54079 59.5111 2
      vertex 8.4 59.5 2
    endloop
  endfacet
  facet normal 0.649367 0.760475 -0
    outer loop
      vertex 7.87099 59.6719 2
      vertex 7.7636 59.7636 8
      vertex 7.87099 59.6719 8
    endloop
  endfacet
  facet normal 0.649367 0.760475 0
    outer loop
      vertex 7.7636 59.7636 8
      vertex 7.87099 59.6719 2
      vertex 7.7636 59.7636 2
    endloop
  endfacet
  facet normal -0.852581 0.522595 0
    outer loop
      vertex 9.12811 59.871 2
      vertex 9.20191 59.9914 8
      vertex 9.20191 59.9914 2
    endloop
  endfacet
  facet normal -0.852581 0.522595 0
    outer loop
      vertex 9.20191 59.9914 8
      vertex 9.12811 59.871 2
      vertex 9.12811 59.871 8
    endloop
  endfacet
  facet normal -0.852581 -0.522595 0
    outer loop
      vertex 9.20191 60.8086 2
      vertex 9.12811 60.929 8
      vertex 9.12811 60.929 2
    endloop
  endfacet
  facet normal -0.852581 -0.522595 0
    outer loop
      vertex 9.12811 60.929 8
      vertex 9.20191 60.8086 2
      vertex 9.20191 60.8086 8
    endloop
  endfacet
  facet normal -0.76047 -0.649373 0
    outer loop
      vertex 9.12811 60.929 2
      vertex 9.0364 61.0364 8
      vertex 9.0364 61.0364 2
    endloop
  endfacet
  facet normal -0.76047 -0.649373 0
    outer loop
      vertex 9.0364 61.0364 8
      vertex 9.12811 60.929 2
      vertex 9.12811 60.929 8
    endloop
  endfacet
  facet normal 0.76047 -0.649373 0
    outer loop
      vertex 7.67189 60.929 8
      vertex 7.7636 61.0364 2
      vertex 7.7636 61.0364 8
    endloop
  endfacet
  facet normal 0.76047 -0.649373 0
    outer loop
      vertex 7.7636 61.0364 2
      vertex 7.67189 60.929 8
      vertex 7.67189 60.929 2
    endloop
  endfacet
  facet normal -0.0785969 -0.996906 0
    outer loop
      vertex 8.4 61.3 2
      vertex 8.54079 61.2889 8
      vertex 8.4 61.3 8
    endloop
  endfacet
  facet normal -0.0785969 -0.996906 -0
    outer loop
      vertex 8.54079 61.2889 8
      vertex 8.4 61.3 2
      vertex 8.54079 61.2889 2
    endloop
  endfacet
  facet normal -0.383006 -0.923746 0
    outer loop
      vertex 8.67811 61.256 2
      vertex 8.80859 61.2019 8
      vertex 8.67811 61.256 8
    endloop
  endfacet
  facet normal -0.383006 -0.923746 -0
    outer loop
      vertex 8.80859 61.2019 8
      vertex 8.67811 61.256 2
      vertex 8.80859 61.2019 2
    endloop
  endfacet
  facet normal 0.972358 -0.233493 0
    outer loop
      vertex 7.51108 60.5408 8
      vertex 7.54405 60.6781 2
      vertex 7.54405 60.6781 8
    endloop
  endfacet
  facet normal 0.972358 -0.233493 0
    outer loop
      vertex 7.54405 60.6781 2
      vertex 7.51108 60.5408 8
      vertex 7.51108 60.5408 2
    endloop
  endfacet
  facet normal -0.522532 -0.85262 0
    outer loop
      vertex 8.80859 61.2019 2
      vertex 8.92901 61.1281 8
      vertex 8.80859 61.2019 8
    endloop
  endfacet
  facet normal -0.522532 -0.85262 -0
    outer loop
      vertex 8.92901 61.1281 8
      vertex 8.80859 61.2019 2
      vertex 8.92901 61.1281 2
    endloop
  endfacet
  facet normal -0.232993 0.972479 0
    outer loop
      vertex 8.67811 59.544 2
      vertex 8.54079 59.5111 8
      vertex 8.67811 59.544 8
    endloop
  endfacet
  facet normal -0.232993 0.972479 0
    outer loop
      vertex 8.54079 59.5111 8
      vertex 8.67811 59.544 2
      vertex 8.54079 59.5111 2
    endloop
  endfacet
  facet normal -0.996918 0.0784506 0
    outer loop
      vertex 9.28892 60.2592 2
      vertex 9.3 60.4 8
      vertex 9.3 60.4 2
    endloop
  endfacet
  facet normal -0.996918 0.0784506 0
    outer loop
      vertex 9.3 60.4 8
      vertex 9.28892 60.2592 2
      vertex 9.28892 60.2592 8
    endloop
  endfacet
  facet normal -0.76047 0.649373 0
    outer loop
      vertex 9.0364 59.7636 2
      vertex 9.12811 59.871 8
      vertex 9.12811 59.871 2
    endloop
  endfacet
  facet normal -0.76047 0.649373 0
    outer loop
      vertex 9.12811 59.871 8
      vertex 9.0364 59.7636 2
      vertex 9.0364 59.7636 8
    endloop
  endfacet
  facet normal 0.852581 0.522595 0
    outer loop
      vertex 7.67189 59.871 8
      vertex 7.59809 59.9914 2
      vertex 7.59809 59.9914 8
    endloop
  endfacet
  facet normal 0.852581 0.522595 0
    outer loop
      vertex 7.59809 59.9914 2
      vertex 7.67189 59.871 8
      vertex 7.67189 59.871 2
    endloop
  endfacet
  facet normal 0.996918 0.0784506 0
    outer loop
      vertex 7.51108 60.2592 8
      vertex 7.5 60.4 2
      vertex 7.5 60.4 8
    endloop
  endfacet
  facet normal 0.996918 0.0784506 0
    outer loop
      vertex 7.5 60.4 2
      vertex 7.51108 60.2592 8
      vertex 7.51108 60.2592 2
    endloop
  endfacet
  facet normal 0.0785969 0.996906 -0
    outer loop
      vertex 8.4 59.5 2
      vertex 8.25921 59.5111 8
      vertex 8.4 59.5 8
    endloop
  endfacet
  facet normal 0.0785969 0.996906 0
    outer loop
      vertex 8.25921 59.5111 8
      vertex 8.4 59.5 2
      vertex 8.25921 59.5111 2
    endloop
  endfacet
  facet normal 0.972358 0.233493 0
    outer loop
      vertex 7.54405 60.1219 8
      vertex 7.51108 60.2592 2
      vertex 7.51108 60.2592 8
    endloop
  endfacet
  facet normal 0.972358 0.233493 0
    outer loop
      vertex 7.51108 60.2592 2
      vertex 7.54405 60.1219 8
      vertex 7.54405 60.1219 2
    endloop
  endfacet
  facet normal -0.232993 -0.972479 0
    outer loop
      vertex 8.54079 61.2889 2
      vertex 8.67811 61.256 8
      vertex 8.54079 61.2889 8
    endloop
  endfacet
  facet normal -0.232993 -0.972479 -0
    outer loop
      vertex 8.67811 61.256 8
      vertex 8.54079 61.2889 2
      vertex 8.67811 61.256 2
    endloop
  endfacet
  facet normal 0.522532 0.85262 -0
    outer loop
      vertex 7.99141 59.5981 2
      vertex 7.87099 59.6719 8
      vertex 7.99141 59.5981 8
    endloop
  endfacet
  facet normal 0.522532 0.85262 0
    outer loop
      vertex 7.87099 59.6719 8
      vertex 7.99141 59.5981 2
      vertex 7.87099 59.6719 2
    endloop
  endfacet
  facet normal 0.996918 -0.0784506 0
    outer loop
      vertex 7.5 60.4 8
      vertex 7.51108 60.5408 2
      vertex 7.51108 60.5408 8
    endloop
  endfacet
  facet normal 0.996918 -0.0784506 0
    outer loop
      vertex 7.51108 60.5408 2
      vertex 7.5 60.4 8
      vertex 7.5 60.4 2
    endloop
  endfacet
  facet normal 0.852581 -0.522595 0
    outer loop
      vertex 7.59809 60.8086 8
      vertex 7.67189 60.929 2
      vertex 7.67189 60.929 8
    endloop
  endfacet
  facet normal 0.852581 -0.522595 0
    outer loop
      vertex 7.67189 60.929 2
      vertex 7.59809 60.8086 8
      vertex 7.59809 60.8086 2
    endloop
  endfacet
  facet normal -0.649367 0.760475 0
    outer loop
      vertex 9.0364 59.7636 2
      vertex 8.92901 59.6719 8
      vertex 9.0364 59.7636 8
    endloop
  endfacet
  facet normal -0.649367 0.760475 0
    outer loop
      vertex 8.92901 59.6719 8
      vertex 9.0364 59.7636 2
      vertex 8.92901 59.6719 2
    endloop
  endfacet
  facet normal 0 -1 0
    outer loop
      vertex 63.2292 7.8 5
      vertex 66.8 7.8 8
      vertex 63.2292 7.8 8
    endloop
  endfacet
  facet normal 0 -1 0
    outer loop
      vertex 63.4555 7.8 4.47027
      vertex 66.8 7.8 8
      vertex 63.2292 7.8 5
    endloop
  endfacet
  facet normal 0 -1 0
    outer loop
      vertex 66.8 7.8 2
      vertex 63.4555 7.8 4.47027
      vertex 64.1883 7.8 2.75486
    endloop
  endfacet
  facet normal 0 -1 0
    outer loop
      vertex 66.8 7.8 2
      vertex 64.1883 7.8 2.75486
      vertex 64.408 7.8 2.22737
    endloop
  endfacet
  facet normal 0 -1 0
    outer loop
      vertex 66.8 7.8 2
      vertex 64.408 7.8 2.22737
      vertex 64.5028 7.8 2
    endloop
  endfacet
  facet normal 0 -1 0
    outer loop
      vertex 63.4555 7.8 4.47027
      vertex 66.8 7.8 2
      vertex 66.8 7.8 8
    endloop
  endfacet
  facet normal 0 1 0
    outer loop
      vertex 66.8 9 8
      vertex 63.2292 9 5
      vertex 63.2292 9 8
    endloop
  endfacet
  facet normal 0 1 0
    outer loop
      vertex 66.8 9 8
      vertex 63.4555 9 4.47027
      vertex 63.2292 9 5
    endloop
  endfacet
  facet normal 0 1 -0
    outer loop
      vertex 66.8 9 2
      vertex 63.4555 9 4.47027
      vertex 66.8 9 8
    endloop
  endfacet
  facet normal 0 1 0
    outer loop
      vertex 63.4555 9 4.47027
      vertex 66.8 9 2
      vertex 64.1883 9 2.75486
    endloop
  endfacet
  facet normal 0 1 0
    outer loop
      vertex 64.1883 9 2.75486
      vertex 66.8 9 2
      vertex 64.408 9 2.22737
    endloop
  endfacet
  facet normal 0 1 0
    outer loop
      vertex 64.408 9 2.22737
      vertex 66.8 9 2
      vertex 64.5028 9 2
    endloop
  endfacet
  facet normal 1 -0 0
    outer loop
      vertex 61 2 8
      vertex 61 5.57084 5
      vertex 61 5.57084 8
    endloop
  endfacet
  facet normal 1 0 0
    outer loop
      vertex 61 5.57084 5
      vertex 61 2 8
      vertex 61 5.34454 4.47027
    endloop
  endfacet
  facet normal 1 0 0
    outer loop
      vertex 61 2 2
      vertex 61 5.34454 4.47027
      vertex 61 2 8
    endloop
  endfacet
  facet normal 1 0 0
    outer loop
      vertex 61 5.34454 4.47027
      vertex 61 2 2
      vertex 61 4.61175 2.75486
    endloop
  endfacet
  facet normal 1 0 0
    outer loop
      vertex 61 4.61175 2.75486
      vertex 61 2 2
      vertex 61 4.39196 2.22737
    endloop
  endfacet
  facet normal 1 0 0
    outer loop
      vertex 61 4.39196 2.22737
      vertex 61 2 2
      vertex 61 4.29722 2
    endloop
  endfacet
  facet normal -1 0 0
    outer loop
      vertex 59.8 2 8
      vertex 59.8 5.57084 5
      vertex 59.8 5.34454 4.47027
    endloop
  endfacet
  facet normal -1 0 0
    outer loop
      vertex 59.8 2 2
      vertex 59.8 5.34454 4.47027
      vertex 59.8 4.61175 2.75486
    endloop
  endfacet
  facet normal -1 0 0
    outer loop
      vertex 59.8 2 2
      vertex 59.8 4.61175 2.75486
      vertex 59.8 4.39196 2.22737
    endloop
  endfacet
  facet normal -1 0 0
    outer loop
      vertex 59.8 2 2
      vertex 59.8 4.39196 2.22737
      vertex 59.8 4.29722 2
    endloop
  endfacet
  facet normal -1 -0 0
    outer loop
      vertex 59.8 5.34454 4.47027
      vertex 59.8 2 2
      vertex 59.8 2 8
    endloop
  endfacet
  facet normal -1 0 0
    outer loop
      vertex 59.8 5.57084 5
      vertex 59.8 2 8
      vertex 59.8 5.57084 8
    endloop
  endfacet
  facet normal -0.233423 0.972375 0
    outer loop
      vertex 59.9463 11.2643 5
      vertex 59.5039 11.1581 8
      vertex 59.9463 11.2643 8
    endloop
  endfacet
  facet normal -0.233423 0.972375 0
    outer loop
      vertex 59.5039 11.1581 8
      vertex 59.9463 11.2643 5
      vertex 59.5039 11.1581 5
    endloop
  endfacet
  facet normal 0.972369 0.233447 0
    outer loop
      vertex 63.2292 9 8
      vertex 63.1581 9.29615 5
      vertex 63.1581 9.29615 8
    endloop
  endfacet
  facet normal 0.972369 0.233447 0
    outer loop
      vertex 63.1581 9.29615 5
      vertex 63.2292 9 8
      vertex 63.2292 9 5
    endloop
  endfacet
  facet normal 0.923836 0.382789 0
    outer loop
      vertex 63.1581 9.29615 8
      vertex 62.9839 9.71657 5
      vertex 62.9839 9.71657 8
    endloop
  endfacet
  facet normal 0.923836 0.382789 0
    outer loop
      vertex 62.9839 9.71657 5
      vertex 63.1581 9.29615 8
      vertex 63.1581 9.29615 5
    endloop
  endfacet
  facet normal 0.649484 -0.760375 0
    outer loop
      vertex 62.1046 6.05385 5
      vertex 62.4506 6.34939 8
      vertex 62.1046 6.05385 8
    endloop
  endfacet
  facet normal 0.649484 -0.760375 0
    outer loop
      vertex 62.4506 6.34939 8
      vertex 62.1046 6.05385 5
      vertex 62.4506 6.34939 5
    endloop
  endfacet
  facet normal -0.972386 -0.233378 0
    outer loop
      vertex 57.6419 7.50385 5
      vertex 57.5357 7.94634 8
      vertex 57.5357 7.94634 5
    endloop
  endfacet
  facet normal -0.972386 -0.233378 0
    outer loop
      vertex 57.5357 7.94634 8
      vertex 57.6419 7.50385 5
      vertex 57.6419 7.50385 8
    endloop
  endfacet
  facet normal 0.852614 -0.522542 0
    outer loop
      vertex 62.7461 6.69542 8
      vertex 62.9839 7.08343 5
      vertex 62.9839 7.08343 8
    endloop
  endfacet
  facet normal 0.852614 -0.522542 0
    outer loop
      vertex 62.9839 7.08343 5
      vertex 62.7461 6.69542 8
      vertex 62.7461 6.69542 5
    endloop
  endfacet
  facet normal 0.382805 0.923829 -0
    outer loop
      vertex 61.7166 10.9839 5
      vertex 61.2962 11.1581 8
      vertex 61.7166 10.9839 8
    endloop
  endfacet
  facet normal 0.382805 0.923829 0
    outer loop
      vertex 61.2962 11.1581 8
      vertex 61.7166 10.9839 5
      vertex 61.2962 11.1581 5
    endloop
  endfacet
  facet normal 0.852626 0.522522 0
    outer loop
      vertex 62.9839 9.71657 8
      vertex 62.7461 10.1046 5
      vertex 62.7461 10.1046 8
    endloop
  endfacet
  facet normal 0.852626 0.522522 0
    outer loop
      vertex 62.7461 10.1046 5
      vertex 62.9839 9.71657 8
      vertex 62.9839 9.71657 5
    endloop
  endfacet
  facet normal -0.649433 0.760419 0
    outer loop
      vertex 58.6954 10.7461 5
      vertex 58.3494 10.4506 8
      vertex 58.6954 10.7461 8
    endloop
  endfacet
  facet normal -0.649433 0.760419 0
    outer loop
      vertex 58.3494 10.4506 8
      vertex 58.6954 10.7461 5
      vertex 58.3494 10.4506 5
    endloop
  endfacet
  facet normal -0.522552 0.852608 0
    outer loop
      vertex 59.0834 10.9839 5
      vertex 58.6954 10.7461 8
      vertex 59.0834 10.9839 8
    endloop
  endfacet
  facet normal -0.522552 0.852608 0
    outer loop
      vertex 58.6954 10.7461 8
      vertex 59.0834 10.9839 5
      vertex 58.6954 10.7461 5
    endloop
  endfacet
  facet normal -0.923836 0.382789 0
    outer loop
      vertex 57.6419 9.29615 5
      vertex 57.8161 9.71657 8
      vertex 57.8161 9.71657 5
    endloop
  endfacet
  facet normal -0.923836 0.382789 0
    outer loop
      vertex 57.8161 9.71657 8
      vertex 57.6419 9.29615 5
      vertex 57.6419 9.29615 8
    endloop
  endfacet
  facet normal 0.522504 -0.852637 0
    outer loop
      vertex 61.7166 5.81608 5
      vertex 62.1046 6.05385 8
      vertex 61.7166 5.81608 8
    endloop
  endfacet
  facet normal 0.522504 -0.852637 0
    outer loop
      vertex 62.1046 6.05385 8
      vertex 61.7166 5.81608 5
      vertex 62.1046 6.05385 5
    endloop
  endfacet
  facet normal 0.23341 -0.972378 0
    outer loop
      vertex 61 5.57084 5
      vertex 61.2962 5.64194 8
      vertex 61 5.57084 8
    endloop
  endfacet
  facet normal 0.23341 -0.972378 0
    outer loop
      vertex 61.2962 5.64194 8
      vertex 61 5.57084 5
      vertex 61.2962 5.64194 5
    endloop
  endfacet
  facet normal 0.972369 -0.233447 0
    outer loop
      vertex 63.1581 7.50385 8
      vertex 63.2292 7.8 5
      vertex 63.2292 7.8 8
    endloop
  endfacet
  facet normal 0.972369 -0.233447 0
    outer loop
      vertex 63.2292 7.8 5
      vertex 63.1581 7.50385 8
      vertex 63.1581 7.50385 5
    endloop
  endfacet
  facet normal -0.760419 0.649433 0
    outer loop
      vertex 58.0539 10.1046 5
      vertex 58.3494 10.4506 8
      vertex 58.3494 10.4506 5
    endloop
  endfacet
  facet normal -0.760419 0.649433 0
    outer loop
      vertex 58.3494 10.4506 8
      vertex 58.0539 10.1046 5
      vertex 58.0539 10.1046 8
    endloop
  endfacet
  facet normal 0.760447 -0.6494 0
    outer loop
      vertex 62.4506 6.34939 8
      vertex 62.7461 6.69542 5
      vertex 62.7461 6.69542 8
    endloop
  endfacet
  facet normal 0.760447 -0.6494 0
    outer loop
      vertex 62.7461 6.69542 5
      vertex 62.4506 6.34939 8
      vertex 62.4506 6.34939 5
    endloop
  endfacet
  facet normal -0.852626 0.522522 0
    outer loop
      vertex 57.8161 9.71657 5
      vertex 58.0539 10.1046 8
      vertex 58.0539 10.1046 5
    endloop
  endfacet
  facet normal -0.852626 0.522522 0
    outer loop
      vertex 58.0539 10.1046 8
      vertex 57.8161 9.71657 5
      vertex 57.8161 9.71657 8
    endloop
  endfacet
  facet normal -0.382727 0.923862 0
    outer loop
      vertex 59.5039 11.1581 5
      vertex 59.0834 10.9839 8
      vertex 59.5039 11.1581 8
    endloop
  endfacet
  facet normal -0.382727 0.923862 0
    outer loop
      vertex 59.0834 10.9839 8
      vertex 59.5039 11.1581 5
      vertex 59.0834 10.9839 5
    endloop
  endfacet
  facet normal 0.382692 -0.923876 0
    outer loop
      vertex 61.2962 5.64194 5
      vertex 61.7166 5.81608 8
      vertex 61.2962 5.64194 8
    endloop
  endfacet
  facet normal 0.382692 -0.923876 0
    outer loop
      vertex 61.7166 5.81608 8
      vertex 61.2962 5.64194 5
      vertex 61.7166 5.81608 5
    endloop
  endfacet
  facet normal 0.649433 0.760419 -0
    outer loop
      vertex 62.4506 10.4506 5
      vertex 62.1046 10.7461 8
      vertex 62.4506 10.4506 8
    endloop
  endfacet
  facet normal 0.649433 0.760419 0
    outer loop
      vertex 62.1046 10.7461 8
      vertex 62.4506 10.4506 5
      vertex 62.1046 10.7461 5
    endloop
  endfacet
  facet normal 0.233373 0.972387 -0
    outer loop
      vertex 61.2962 11.1581 5
      vertex 60.8537 11.2643 8
      vertex 61.2962 11.1581 8
    endloop
  endfacet
  facet normal 0.233373 0.972387 0
    outer loop
      vertex 60.8537 11.2643 8
      vertex 61.2962 11.1581 5
      vertex 60.8537 11.2643 5
    endloop
  endfacet
  facet normal 0.522552 0.852608 -0
    outer loop
      vertex 62.1046 10.7461 5
      vertex 61.7166 10.9839 8
      vertex 62.1046 10.7461 8
    endloop
  endfacet
  facet normal 0.522552 0.852608 0
    outer loop
      vertex 61.7166 10.9839 8
      vertex 62.1046 10.7461 5
      vertex 61.7166 10.9839 5
    endloop
  endfacet
  facet normal -0.760447 -0.6494 0
    outer loop
      vertex 58.3494 6.34939 5
      vertex 58.0539 6.69542 8
      vertex 58.0539 6.69542 5
    endloop
  endfacet
  facet normal -0.760447 -0.6494 0
    outer loop
      vertex 58.0539 6.69542 8
      vertex 58.3494 6.34939 5
      vertex 58.3494 6.34939 8
    endloop
  endfacet
  facet normal 0.923836 -0.382789 0
    outer loop
      vertex 62.9839 7.08343 8
      vertex 63.1581 7.50385 5
      vertex 63.1581 7.50385 8
    endloop
  endfacet
  facet normal 0.923836 -0.382789 0
    outer loop
      vertex 63.1581 7.50385 5
      vertex 62.9839 7.08343 8
      vertex 62.9839 7.08343 5
    endloop
  endfacet
  facet normal -0.996918 -0.0784508 0
    outer loop
      vertex 57.5357 7.94634 5
      vertex 57.5 8.4 8
      vertex 57.5 8.4 5
    endloop
  endfacet
  facet normal -0.996918 -0.0784508 0
    outer loop
      vertex 57.5 8.4 8
      vertex 57.5357 7.94634 5
      vertex 57.5357 7.94634 8
    endloop
  endfacet
  facet normal -0.852614 -0.522542 0
    outer loop
      vertex 58.0539 6.69542 5
      vertex 57.8161 7.08343 8
      vertex 57.8161 7.08343 5
    endloop
  endfacet
  facet normal -0.852614 -0.522542 0
    outer loop
      vertex 57.8161 7.08343 8
      vertex 58.0539 6.69542 5
      vertex 58.0539 6.69542 8
    endloop
  endfacet
  facet normal -0.996918 0.0784508 0
    outer loop
      vertex 57.5 8.4 5
      vertex 57.5357 8.85366 8
      vertex 57.5357 8.85366 5
    endloop
  endfacet
  facet normal -0.996918 0.0784508 0
    outer loop
      vertex 57.5357 8.85366 8
      vertex 57.5 8.4 5
      vertex 57.5 8.4 8
    endloop
  endfacet
  facet normal -0.0784439 0.996919 0
    outer loop
      vertex 60.4 11.3 5
      vertex 59.9463 11.2643 8
      vertex 60.4 11.3 8
    endloop
  endfacet
  facet normal -0.0784439 0.996919 0
    outer loop
      vertex 59.9463 11.2643 8
      vertex 60.4 11.3 5
      vertex 59.9463 11.2643 5
    endloop
  endfacet
  facet normal 0.0784439 0.996919 -0
    outer loop
      vertex 60.8537 11.2643 5
      vertex 60.4 11.3 8
      vertex 60.8537 11.2643 8
    endloop
  endfacet
  facet normal 0.0784439 0.996919 0
    outer loop
      vertex 60.4 11.3 8
      vertex 60.8537 11.2643 5
      vertex 60.4 11.3 5
    endloop
  endfacet
  facet normal -0.382614 -0.923908 0
    outer loop
      vertex 59.0834 5.81608 5
      vertex 59.5039 5.64194 8
      vertex 59.0834 5.81608 8
    endloop
  endfacet
  facet normal -0.382614 -0.923908 -0
    outer loop
      vertex 59.5039 5.64194 8
      vertex 59.0834 5.81608 5
      vertex 59.5039 5.64194 5
    endloop
  endfacet
  facet normal -0.233485 -0.97236 0
    outer loop
      vertex 59.5039 5.64194 5
      vertex 59.8 5.57084 8
      vertex 59.5039 5.64194 8
    endloop
  endfacet
  facet normal -0.233485 -0.97236 -0
    outer loop
      vertex 59.8 5.57084 8
      vertex 59.5039 5.64194 5
      vertex 59.8 5.57084 5
    endloop
  endfacet
  facet normal -0.923836 -0.382789 0
    outer loop
      vertex 57.8161 7.08343 5
      vertex 57.6419 7.50385 8
      vertex 57.6419 7.50385 5
    endloop
  endfacet
  facet normal -0.923836 -0.382789 0
    outer loop
      vertex 57.6419 7.50385 8
      vertex 57.8161 7.08343 5
      vertex 57.8161 7.08343 8
    endloop
  endfacet
  facet normal 0.760419 0.649433 0
    outer loop
      vertex 62.7461 10.1046 8
      vertex 62.4506 10.4506 5
      vertex 62.4506 10.4506 8
    endloop
  endfacet
  facet normal 0.760419 0.649433 0
    outer loop
      vertex 62.4506 10.4506 5
      vertex 62.7461 10.1046 8
      vertex 62.7461 10.1046 5
    endloop
  endfacet
  facet normal -0.522504 -0.852637 0
    outer loop
      vertex 58.6954 6.05385 5
      vertex 59.0834 5.81608 8
      vertex 58.6954 6.05385 8
    endloop
  endfacet
  facet normal -0.522504 -0.852637 -0
    outer loop
      vertex 59.0834 5.81608 8
      vertex 58.6954 6.05385 5
      vertex 59.0834 5.81608 5
    endloop
  endfacet
  facet normal -0.972386 0.233378 0
    outer loop
      vertex 57.5357 8.85366 5
      vertex 57.6419 9.29615 8
      vertex 57.6419 9.29615 5
    endloop
  endfacet
  facet normal -0.972386 0.233378 0
    outer loop
      vertex 57.6419 9.29615 8
      vertex 57.5357 8.85366 5
      vertex 57.5357 8.85366 8
    endloop
  endfacet
  facet normal -0.649484 -0.760375 0
    outer loop
      vertex 58.3494 6.34939 5
      vertex 58.6954 6.05385 8
      vertex 58.3494 6.34939 8
    endloop
  endfacet
  facet normal -0.649484 -0.760375 -0
    outer loop
      vertex 58.6954 6.05385 8
      vertex 58.3494 6.34939 5
      vertex 58.6954 6.05385 5
    endloop
  endfacet
  facet normal 0.920526 0.0729686 0.383806
    outer loop
      vertex 64.4989 9.0492 2
      vertex 64.408 9 2.22737
      vertex 64.5028 9 2
    endloop
  endfacet
  facet normal 0.482532 -0.78741 0.3836
    outer loop
      vertex 62.1046 6.05385 5
      vertex 61.7166 5.81608 5
      vertex 62.8393 5.04258 2
    endloop
  endfacet
  facet normal 0.482574 0.78738 0.383608
    outer loop
      vertex 62.8393 11.7574 2
      vertex 61.7166 10.9839 5
      vertex 62.1046 10.7461 5
    endloop
  endfacet
  facet normal 0.787384 -0.482565 0.383612
    outer loop
      vertex 62.9839 7.08343 5
      vertex 62.7461 6.69542 5
      vertex 63.7574 5.96069 2
    endloop
  endfacet
  facet normal -0.92065 -0.0724664 0.383604
    outer loop
      vertex 57.5 8.4 5
      vertex 56.25 8.4 2
      vertex 56.3011 7.7508 2
    endloop
  endfacet
  facet normal -0.353448 0.853185 0.383601
    outer loop
      vertex 59.1176 12.3469 2
      vertex 59.0834 10.9839 5
      vertex 59.5039 11.1581 5
    endloop
  endfacet
  facet normal -0.353366 0.853213 0.383615
    outer loop
      vertex 59.1176 12.3469 2
      vertex 58.5159 12.0977 2
      vertex 59.0834 10.9839 5
    endloop
  endfacet
  facet normal -0.215566 0.897988 0.3836
    outer loop
      vertex 59.9463 11.2643 5
      vertex 59.1176 12.3469 2
      vertex 59.5039 11.1581 5
    endloop
  endfacet
  facet normal -0.215563 0.897989 0.3836
    outer loop
      vertex 59.7508 12.4989 2
      vertex 59.1176 12.3469 2
      vertex 59.9463 11.2643 5
    endloop
  endfacet
  facet normal 0.072417 -0.92065 0.383614
    outer loop
      vertex 61 4.39196 2.22737
      vertex 61 4.29722 2
      vertex 61.0492 4.30109 2
    endloop
  endfacet
  facet normal 0.215602 -0.897975 0.383611
    outer loop
      vertex 61.6824 4.45312 2
      vertex 61 4.61175 2.75486
      vertex 61.0492 4.30109 2
    endloop
  endfacet
  facet normal 0.215589 -0.897982 0.383601
    outer loop
      vertex 61 4.61175 2.75486
      vertex 61.6824 4.45312 2
      vertex 61 5.34454 4.47027
    endloop
  endfacet
  facet normal -0.853207 0.353376 0.383618
    outer loop
      vertex 56.7023 10.2841 2
      vertex 56.4531 9.68242 2
      vertex 57.8161 9.71657 5
    endloop
  endfacet
  facet normal 0.702249 -0.599744 0.383606
    outer loop
      vertex 63.7574 5.96069 2
      vertex 62.4506 6.34939 5
      vertex 63.3345 5.46551 2
    endloop
  endfacet
  facet normal 0.897973 0.215626 0.383602
    outer loop
      vertex 64.1883 9 2.75486
      vertex 64.3469 9.68242 2
      vertex 63.4555 9 4.47027
    endloop
  endfacet
  facet normal 0.89801 0.215561 0.383551
    outer loop
      vertex 64.3469 9.68242 2
      vertex 64.1883 9 2.75486
      vertex 64.4989 9.0492 2
    endloop
  endfacet
  facet normal -0.920653 0.0724492 0.383601
    outer loop
      vertex 57.5357 8.85366 5
      vertex 56.3011 9.0492 2
      vertex 57.5 8.4 5
    endloop
  endfacet
  facet normal 0.78736 0.482599 0.383617
    outer loop
      vertex 63.7574 10.8393 2
      vertex 62.9839 9.71657 5
      vertex 64.0977 10.2841 2
    endloop
  endfacet
  facet normal -0.702268 -0.599718 0.383612
    outer loop
      vertex 58.0539 6.69542 5
      vertex 57.0426 5.96069 2
      vertex 58.3494 6.34939 5
    endloop
  endfacet
  facet normal 0.599749 0.702245 0.383605
    outer loop
      vertex 62.8393 11.7574 2
      vertex 62.1046 10.7461 5
      vertex 62.4506 10.4506 5
    endloop
  endfacet
  facet normal -0.599729 0.70226 0.383609
    outer loop
      vertex 57.9607 11.7574 2
      vertex 57.4655 11.3345 2
      vertex 58.3494 10.4506 5
    endloop
  endfacet
  facet normal -0.920653 -0.0724492 0.383601
    outer loop
      vertex 57.5 8.4 5
      vertex 56.3011 7.7508 2
      vertex 57.5357 7.94634 5
    endloop
  endfacet
  facet normal -0.215589 -0.897982 0.383601
    outer loop
      vertex 59.1176 4.45312 2
      vertex 59.8 4.61175 2.75486
      vertex 59.8 5.34454 4.47027
    endloop
  endfacet
  facet normal -0.215602 -0.897975 0.383611
    outer loop
      vertex 59.8 4.61175 2.75486
      vertex 59.1176 4.45312 2
      vertex 59.7508 4.30109 2
    endloop
  endfacet
  facet normal 0.599798 -0.702207 0.383598
    outer loop
      vertex 62.4506 6.34939 5
      vertex 62.1046 6.05385 5
      vertex 62.8393 5.04258 2
    endloop
  endfacet
  facet normal 0.215552 -0.897984 0.383618
    outer loop
      vertex 61 5.34454 4.47027
      vertex 61.2962 5.64194 5
      vertex 61 5.57084 5
    endloop
  endfacet
  facet normal 0.215584 -0.897984 0.3836
    outer loop
      vertex 61.2962 5.64194 5
      vertex 61 5.34454 4.47027
      vertex 61.6824 4.45312 2
    endloop
  endfacet
  facet normal 0.920526 -0.0729686 0.383806
    outer loop
      vertex 64.5028 7.8 2
      vertex 64.408 7.8 2.22737
      vertex 64.4989 7.7508 2
    endloop
  endfacet
  facet normal -0.353368 -0.853216 0.383605
    outer loop
      vertex 59.0834 5.81608 5
      vertex 58.5159 4.70232 2
      vertex 59.1176 4.45312 2
    endloop
  endfacet
  facet normal 0.853207 0.353376 0.383618
    outer loop
      vertex 64.0977 10.2841 2
      vertex 62.9839 9.71657 5
      vertex 64.3469 9.68242 2
    endloop
  endfacet
  facet normal -0.897999 -0.215525 0.383597
    outer loop
      vertex 57.5357 7.94634 5
      vertex 56.4531 7.11758 2
      vertex 57.6419 7.50385 5
    endloop
  endfacet
  facet normal -0.92065 0.0724664 0.383604
    outer loop
      vertex 56.3011 9.0492 2
      vertex 56.25 8.4 2
      vertex 57.5 8.4 5
    endloop
  endfacet
  facet normal -0.599749 0.702245 0.383605
    outer loop
      vertex 58.6954 10.7461 5
      vertex 57.9607 11.7574 2
      vertex 58.3494 10.4506 5
    endloop
  endfacet
  facet normal -0.482574 0.78738 0.383608
    outer loop
      vertex 59.0834 10.9839 5
      vertex 57.9607 11.7574 2
      vertex 58.6954 10.7461 5
    endloop
  endfacet
  facet normal -0.70226 0.599729 0.383609
    outer loop
      vertex 57.4655 11.3345 2
      vertex 57.0426 10.8393 2
      vertex 58.3494 10.4506 5
    endloop
  endfacet
  facet normal -0.702249 -0.599744 0.383606
    outer loop
      vertex 58.3494 6.34939 5
      vertex 57.0426 5.96069 2
      vertex 57.4655 5.46551 2
    endloop
  endfacet
  facet normal 0.8532 -0.353397 0.383615
    outer loop
      vertex 64.3469 7.11758 2
      vertex 62.9839 7.08343 5
      vertex 64.0977 6.51594 2
    endloop
  endfacet
  facet normal -0.702245 0.599749 0.383605
    outer loop
      vertex 58.3494 10.4506 5
      vertex 57.0426 10.8393 2
      vertex 58.0539 10.1046 5
    endloop
  endfacet
  facet normal 0.70226 0.599729 0.383609
    outer loop
      vertex 63.3345 11.3345 2
      vertex 62.4506 10.4506 5
      vertex 63.7574 10.8393 2
    endloop
  endfacet
  facet normal 0.599729 0.70226 0.383609
    outer loop
      vertex 62.8393 11.7574 2
      vertex 62.4506 10.4506 5
      vertex 63.3345 11.3345 2
    endloop
  endfacet
  facet normal -0.599754 -0.70224 0.383606
    outer loop
      vertex 58.3494 6.34939 5
      vertex 57.4655 5.46551 2
      vertex 57.9607 5.04258 2
    endloop
  endfacet
  facet normal 0.0724429 0.920653 0.3836
    outer loop
      vertex 61.0492 12.4989 2
      vertex 60.4 11.3 5
      vertex 60.8537 11.2643 5
    endloop
  endfacet
  facet normal 0.4826 0.787362 0.383613
    outer loop
      vertex 62.2841 12.0977 2
      vertex 61.7166 10.9839 5
      vertex 62.8393 11.7574 2
    endloop
  endfacet
  facet normal -0.4826 0.787362 0.383613
    outer loop
      vertex 58.5159 12.0977 2
      vertex 57.9607 11.7574 2
      vertex 59.0834 10.9839 5
    endloop
  endfacet
  facet normal -0.353343 -0.853225 0.383609
    outer loop
      vertex 59.5039 5.64194 5
      vertex 59.0834 5.81608 5
      vertex 59.1176 4.45312 2
    endloop
  endfacet
  facet normal -0.78736 0.482599 0.383617
    outer loop
      vertex 57.0426 10.8393 2
      vertex 56.7023 10.2841 2
      vertex 57.8161 9.71657 5
    endloop
  endfacet
  facet normal -0.8532 -0.353397 0.383615
    outer loop
      vertex 57.8161 7.08343 5
      vertex 56.4531 7.11758 2
      vertex 56.7023 6.51594 2
    endloop
  endfacet
  facet normal 0.353368 -0.853216 0.383605
    outer loop
      vertex 61.7166 5.81608 5
      vertex 61.6824 4.45312 2
      vertex 62.2841 4.70232 2
    endloop
  endfacet
  facet normal 0.853163 -0.353506 0.383596
    outer loop
      vertex 63.1581 7.50385 5
      vertex 62.9839 7.08343 5
      vertex 64.3469 7.11758 2
    endloop
  endfacet
  facet normal -0.897989 0.215556 0.383602
    outer loop
      vertex 56.4531 9.68242 2
      vertex 56.3011 9.0492 2
      vertex 57.5357 8.85366 5
    endloop
  endfacet
  facet normal -0.853163 -0.353506 0.383596
    outer loop
      vertex 57.6419 7.50385 5
      vertex 56.4531 7.11758 2
      vertex 57.8161 7.08343 5
    endloop
  endfacet
  facet normal 0.897973 -0.215626 0.383602
    outer loop
      vertex 64.3469 7.11758 2
      vertex 64.1883 7.8 2.75486
      vertex 63.4555 7.8 4.47027
    endloop
  endfacet
  facet normal 0.89801 -0.215561 0.383551
    outer loop
      vertex 64.1883 7.8 2.75486
      vertex 64.3469 7.11758 2
      vertex 64.4989 7.7508 2
    endloop
  endfacet
  facet normal 0.920794 -0.0711142 0.383511
    outer loop
      vertex 64.408 7.8 2.22737
      vertex 64.1883 7.8 2.75486
      vertex 64.4989 7.7508 2
    endloop
  endfacet
  facet normal 0.215563 0.897989 0.3836
    outer loop
      vertex 61.0492 12.4989 2
      vertex 60.8537 11.2643 5
      vertex 61.6824 12.3469 2
    endloop
  endfacet
  facet normal -0.215622 -0.89797 0.383612
    outer loop
      vertex 59.5039 5.64194 5
      vertex 59.8 5.34454 4.47027
      vertex 59.8 5.57084 5
    endloop
  endfacet
  facet normal -0.215629 -0.89797 0.383607
    outer loop
      vertex 59.8 5.34454 4.47027
      vertex 59.5039 5.64194 5
      vertex 59.1176 4.45312 2
    endloop
  endfacet
  facet normal -0.0724664 0.92065 0.383604
    outer loop
      vertex 60.4 12.55 2
      vertex 59.7508 12.4989 2
      vertex 60.4 11.3 5
    endloop
  endfacet
  facet normal 0.0723906 -0.920654 0.38361
    outer loop
      vertex 61 4.61175 2.75486
      vertex 61 4.39196 2.22737
      vertex 61.0492 4.30109 2
    endloop
  endfacet
  facet normal -0.0724429 0.920653 0.3836
    outer loop
      vertex 60.4 11.3 5
      vertex 59.7508 12.4989 2
      vertex 59.9463 11.2643 5
    endloop
  endfacet
  facet normal 0.0724664 0.92065 0.383604
    outer loop
      vertex 60.4 12.55 2
      vertex 60.4 11.3 5
      vertex 61.0492 12.4989 2
    endloop
  endfacet
  facet normal 0.353522 0.85316 0.383589
    outer loop
      vertex 61.6824 12.3469 2
      vertex 61.2962 11.1581 5
      vertex 61.7166 10.9839 5
    endloop
  endfacet
  facet normal 0.897977 0.215587 0.383615
    outer loop
      vertex 63.4555 9 4.47027
      vertex 63.1581 9.29615 5
      vertex 63.2292 9 5
    endloop
  endfacet
  facet normal 0.897977 0.215613 0.3836
    outer loop
      vertex 63.1581 9.29615 5
      vertex 63.4555 9 4.47027
      vertex 64.3469 9.68242 2
    endloop
  endfacet
  facet normal 0.787381 -0.482568 0.383613
    outer loop
      vertex 64.0977 6.51594 2
      vertex 62.9839 7.08343 5
      vertex 63.7574 5.96069 2
    endloop
  endfacet
  facet normal 0.599754 -0.70224 0.383606
    outer loop
      vertex 63.3345 5.46551 2
      vertex 62.4506 6.34939 5
      vertex 62.8393 5.04258 2
    endloop
  endfacet
  facet normal 0.853163 0.353506 0.383596
    outer loop
      vertex 64.3469 9.68242 2
      vertex 62.9839 9.71657 5
      vertex 63.1581 9.29615 5
    endloop
  endfacet
  facet normal -0.897989 -0.215556 0.383602
    outer loop
      vertex 57.5357 7.94634 5
      vertex 56.3011 7.7508 2
      vertex 56.4531 7.11758 2
    endloop
  endfacet
  facet normal 0.702268 -0.599718 0.383612
    outer loop
      vertex 62.7461 6.69542 5
      vertex 62.4506 6.34939 5
      vertex 63.7574 5.96069 2
    endloop
  endfacet
  facet normal 0.920794 0.0711142 0.383511
    outer loop
      vertex 64.4989 9.0492 2
      vertex 64.1883 9 2.75486
      vertex 64.408 9 2.22737
    endloop
  endfacet
  facet normal -0.787397 0.482548 0.383607
    outer loop
      vertex 58.0539 10.1046 5
      vertex 57.0426 10.8393 2
      vertex 57.8161 9.71657 5
    endloop
  endfacet
  facet normal -0.599798 -0.702207 0.383598
    outer loop
      vertex 58.3494 6.34939 5
      vertex 57.9607 5.04258 2
      vertex 58.6954 6.05385 5
    endloop
  endfacet
  facet normal 0.353416 -0.8532 0.383597
    outer loop
      vertex 61.7166 5.81608 5
      vertex 61.2962 5.64194 5
      vertex 61.6824 4.45312 2
    endloop
  endfacet
  facet normal 0.897977 -0.215587 0.383615
    outer loop
      vertex 63.1581 7.50385 5
      vertex 63.4555 7.8 4.47027
      vertex 63.2292 7.8 5
    endloop
  endfacet
  facet normal 0.897977 -0.215613 0.3836
    outer loop
      vertex 63.4555 7.8 4.47027
      vertex 63.1581 7.50385 5
      vertex 64.3469 7.11758 2
    endloop
  endfacet
  facet normal -0.0723906 -0.920654 0.38361
    outer loop
      vertex 59.8 4.61175 2.75486
      vertex 59.7508 4.30109 2
      vertex 59.8 4.39196 2.22737
    endloop
  endfacet
  facet normal -0.853163 0.353506 0.383596
    outer loop
      vertex 57.8161 9.71657 5
      vertex 56.4531 9.68242 2
      vertex 57.6419 9.29615 5
    endloop
  endfacet
  facet normal -0.897999 0.215525 0.383597
    outer loop
      vertex 57.6419 9.29615 5
      vertex 56.4531 9.68242 2
      vertex 57.5357 8.85366 5
    endloop
  endfacet
  facet normal -0.787384 -0.482565 0.383612
    outer loop
      vertex 57.8161 7.08343 5
      vertex 57.0426 5.96069 2
      vertex 58.0539 6.69542 5
    endloop
  endfacet
  facet normal 0.353366 0.853213 0.383615
    outer loop
      vertex 62.2841 12.0977 2
      vertex 61.6824 12.3469 2
      vertex 61.7166 10.9839 5
    endloop
  endfacet
  facet normal -0.072417 -0.92065 0.383614
    outer loop
      vertex 59.8 4.39196 2.22737
      vertex 59.7508 4.30109 2
      vertex 59.8 4.29722 2
    endloop
  endfacet
  facet normal -0.787381 -0.482568 0.383613
    outer loop
      vertex 57.8161 7.08343 5
      vertex 56.7023 6.51594 2
      vertex 57.0426 5.96069 2
    endloop
  endfacet
  facet normal 0.702245 0.599749 0.383605
    outer loop
      vertex 63.7574 10.8393 2
      vertex 62.4506 10.4506 5
      vertex 62.7461 10.1046 5
    endloop
  endfacet
  facet normal 0.21552 0.898002 0.383593
    outer loop
      vertex 61.6824 12.3469 2
      vertex 60.8537 11.2643 5
      vertex 61.2962 11.1581 5
    endloop
  endfacet
  facet normal 0.48256 -0.78739 0.383605
    outer loop
      vertex 62.8393 5.04258 2
      vertex 61.7166 5.81608 5
      vertex 62.2841 4.70232 2
    endloop
  endfacet
  facet normal 0.787397 0.482548 0.383607
    outer loop
      vertex 63.7574 10.8393 2
      vertex 62.7461 10.1046 5
      vertex 62.9839 9.71657 5
    endloop
  endfacet
  facet normal -0.482532 -0.78741 0.3836
    outer loop
      vertex 58.6954 6.05385 5
      vertex 57.9607 5.04258 2
      vertex 59.0834 5.81608 5
    endloop
  endfacet
  facet normal -0.48256 -0.78739 0.383605
    outer loop
      vertex 59.0834 5.81608 5
      vertex 57.9607 5.04258 2
      vertex 58.5159 4.70232 2
    endloop
  endfacet
  facet normal 0.923746 -0.383006 0
    outer loop
      vertex 59.544 8.67811 8
      vertex 59.5981 8.80859 2
      vertex 59.5981 8.80859 8
    endloop
  endfacet
  facet normal 0.923746 -0.383006 0
    outer loop
      vertex 59.5981 8.80859 2
      vertex 59.544 8.67811 8
      vertex 59.544 8.67811 2
    endloop
  endfacet
  facet normal -0.972479 -0.232993 0
    outer loop
      vertex 61.2889 8.54079 2
      vertex 61.256 8.67811 8
      vertex 61.256 8.67811 2
    endloop
  endfacet
  facet normal -0.972479 -0.232993 0
    outer loop
      vertex 61.256 8.67811 8
      vertex 61.2889 8.54079 2
      vertex 61.2889 8.54079 8
    endloop
  endfacet
  facet normal -0.996906 -0.0785969 0
    outer loop
      vertex 61.3 8.4 2
      vertex 61.2889 8.54079 8
      vertex 61.2889 8.54079 2
    endloop
  endfacet
  facet normal -0.996906 -0.0785969 0
    outer loop
      vertex 61.2889 8.54079 8
      vertex 61.3 8.4 2
      vertex 61.3 8.4 8
    endloop
  endfacet
  facet normal -0.923746 -0.383006 0
    outer loop
      vertex 61.256 8.67811 2
      vertex 61.2019 8.80859 8
      vertex 61.2019 8.80859 2
    endloop
  endfacet
  facet normal -0.923746 -0.383006 0
    outer loop
      vertex 61.2019 8.80859 8
      vertex 61.256 8.67811 2
      vertex 61.256 8.67811 8
    endloop
  endfacet
  facet normal -0.522595 0.852581 0
    outer loop
      vertex 60.929 7.67189 2
      vertex 60.8086 7.59809 8
      vertex 60.929 7.67189 8
    endloop
  endfacet
  facet normal -0.522595 0.852581 0
    outer loop
      vertex 60.8086 7.59809 8
      vertex 60.929 7.67189 2
      vertex 60.8086 7.59809 2
    endloop
  endfacet
  facet normal -0.972482 0.232977 0
    outer loop
      vertex 61.256 8.12188 2
      vertex 61.2889 8.25921 8
      vertex 61.2889 8.25921 2
    endloop
  endfacet
  facet normal -0.972482 0.232977 0
    outer loop
      vertex 61.2889 8.25921 8
      vertex 61.256 8.12188 2
      vertex 61.256 8.12188 8
    endloop
  endfacet
  facet normal -0.382594 0.923917 0
    outer loop
      vertex 60.8086 7.59809 2
      vertex 60.6781 7.54405 8
      vertex 60.8086 7.59809 8
    endloop
  endfacet
  facet normal -0.382594 0.923917 0
    outer loop
      vertex 60.6781 7.54405 8
      vertex 60.8086 7.59809 2
      vertex 60.6781 7.54405 2
    endloop
  endfacet
  facet normal 0.382594 -0.923917 0
    outer loop
      vertex 59.9914 9.20191 2
      vertex 60.1219 9.25595 8
      vertex 59.9914 9.20191 8
    endloop
  endfacet
  facet normal 0.382594 -0.923917 0
    outer loop
      vertex 60.1219 9.25595 8
      vertex 59.9914 9.20191 2
      vertex 60.1219 9.25595 2
    endloop
  endfacet
  facet normal 0.522595 -0.852581 0
    outer loop
      vertex 59.871 9.12811 2
      vertex 59.9914 9.20191 8
      vertex 59.871 9.12811 8
    endloop
  endfacet
  facet normal 0.522595 -0.852581 0
    outer loop
      vertex 59.9914 9.20191 8
      vertex 59.871 9.12811 2
      vertex 59.9914 9.20191 2
    endloop
  endfacet
  facet normal -0.649373 -0.76047 0
    outer loop
      vertex 60.929 9.12811 2
      vertex 61.0364 9.0364 8
      vertex 60.929 9.12811 8
    endloop
  endfacet
  facet normal -0.649373 -0.76047 -0
    outer loop
      vertex 61.0364 9.0364 8
      vertex 60.929 9.12811 2
      vertex 61.0364 9.0364 2
    endloop
  endfacet
  facet normal 0.233493 -0.972358 0
    outer loop
      vertex 60.1219 9.25595 2
      vertex 60.2592 9.28892 8
      vertex 60.1219 9.25595 8
    endloop
  endfacet
  facet normal 0.233493 -0.972358 0
    outer loop
      vertex 60.2592 9.28892 8
      vertex 60.1219 9.25595 2
      vertex 60.2592 9.28892 2
    endloop
  endfacet
  facet normal 0.923735 0.383031 0
    outer loop
      vertex 59.5981 7.99141 8
      vertex 59.544 8.12188 2
      vertex 59.544 8.12188 8
    endloop
  endfacet
  facet normal 0.923735 0.383031 0
    outer loop
      vertex 59.544 8.12188 2
      vertex 59.5981 7.99141 8
      vertex 59.5981 7.99141 2
    endloop
  endfacet
  facet normal 0.0784506 -0.996918 0
    outer loop
      vertex 60.2592 9.28892 2
      vertex 60.4 9.3 8
      vertex 60.2592 9.28892 8
    endloop
  endfacet
  facet normal 0.0784506 -0.996918 0
    outer loop
      vertex 60.4 9.3 8
      vertex 60.2592 9.28892 2
      vertex 60.4 9.3 2
    endloop
  endfacet
  facet normal 0.233493 0.972358 -0
    outer loop
      vertex 60.2592 7.51108 2
      vertex 60.1219 7.54405 8
      vertex 60.2592 7.51108 8
    endloop
  endfacet
  facet normal 0.233493 0.972358 0
    outer loop
      vertex 60.1219 7.54405 8
      vertex 60.2592 7.51108 2
      vertex 60.1219 7.54405 2
    endloop
  endfacet
  facet normal -0.923735 0.383031 0
    outer loop
      vertex 61.2019 7.99141 2
      vertex 61.256 8.12188 8
      vertex 61.256 8.12188 2
    endloop
  endfacet
  facet normal -0.923735 0.383031 0
    outer loop
      vertex 61.256 8.12188 8
      vertex 61.2019 7.99141 2
      vertex 61.2019 7.99141 8
    endloop
  endfacet
  facet normal 0.760475 0.649367 0
    outer loop
      vertex 59.7636 7.7636 8
      vertex 59.6719 7.87099 2
      vertex 59.6719 7.87099 8
    endloop
  endfacet
  facet normal 0.760475 0.649367 0
    outer loop
      vertex 59.6719 7.87099 2
      vertex 59.7636 7.7636 8
      vertex 59.7636 7.7636 2
    endloop
  endfacet
  facet normal 0.649373 -0.76047 0
    outer loop
      vertex 59.7636 9.0364 2
      vertex 59.871 9.12811 8
      vertex 59.7636 9.0364 8
    endloop
  endfacet
  facet normal 0.649373 -0.76047 0
    outer loop
      vertex 59.871 9.12811 8
      vertex 59.7636 9.0364 2
      vertex 59.871 9.12811 2
    endloop
  endfacet
  facet normal -0.0784506 0.996918 0
    outer loop
      vertex 60.5408 7.51108 2
      vertex 60.4 7.5 8
      vertex 60.5408 7.51108 8
    endloop
  endfacet
  facet normal -0.0784506 0.996918 0
    outer loop
      vertex 60.4 7.5 8
      vertex 60.5408 7.51108 2
      vertex 60.4 7.5 2
    endloop
  endfacet
  facet normal 0.649373 0.76047 -0
    outer loop
      vertex 59.871 7.67189 2
      vertex 59.7636 7.7636 8
      vertex 59.871 7.67189 8
    endloop
  endfacet
  facet normal 0.649373 0.76047 0
    outer loop
      vertex 59.7636 7.7636 8
      vertex 59.871 7.67189 2
      vertex 59.7636 7.7636 2
    endloop
  endfacet
  facet normal -0.85262 0.522532 0
    outer loop
      vertex 61.1281 7.87099 2
      vertex 61.2019 7.99141 8
      vertex 61.2019 7.99141 2
    endloop
  endfacet
  facet normal -0.85262 0.522532 0
    outer loop
      vertex 61.2019 7.99141 8
      vertex 61.1281 7.87099 2
      vertex 61.1281 7.87099 8
    endloop
  endfacet
  facet normal -0.85262 -0.522532 0
    outer loop
      vertex 61.2019 8.80859 2
      vertex 61.1281 8.92901 8
      vertex 61.1281 8.92901 2
    endloop
  endfacet
  facet normal -0.85262 -0.522532 0
    outer loop
      vertex 61.1281 8.92901 8
      vertex 61.2019 8.80859 2
      vertex 61.2019 8.80859 8
    endloop
  endfacet
  facet normal -0.760475 -0.649367 0
    outer loop
      vertex 61.1281 8.92901 2
      vertex 61.0364 9.0364 8
      vertex 61.0364 9.0364 2
    endloop
  endfacet
  facet normal -0.760475 -0.649367 0
    outer loop
      vertex 61.0364 9.0364 8
      vertex 61.1281 8.92901 2
      vertex 61.1281 8.92901 8
    endloop
  endfacet
  facet normal 0.760475 -0.649367 0
    outer loop
      vertex 59.6719 8.92901 8
      vertex 59.7636 9.0364 2
      vertex 59.7636 9.0364 8
    endloop
  endfacet
  facet normal 0.760475 -0.649367 0
    outer loop
      vertex 59.7636 9.0364 2
      vertex 59.6719 8.92901 8
      vertex 59.6719 8.92901 2
    endloop
  endfacet
  facet normal -0.0784506 -0.996918 0
    outer loop
      vertex 60.4 9.3 2
      vertex 60.5408 9.28892 8
      vertex 60.4 9.3 8
    endloop
  endfacet
  facet normal -0.0784506 -0.996918 -0
    outer loop
      vertex 60.5408 9.28892 8
      vertex 60.4 9.3 2
      vertex 60.5408 9.28892 2
    endloop
  endfacet
  facet normal -0.382594 -0.923917 0
    outer loop
      vertex 60.6781 9.25595 2
      vertex 60.8086 9.20191 8
      vertex 60.6781 9.25595 8
    endloop
  endfacet
  facet normal -0.382594 -0.923917 -0
    outer loop
      vertex 60.8086 9.20191 8
      vertex 60.6781 9.25595 2
      vertex 60.8086 9.20191 2
    endloop
  endfacet
  facet normal 0.972479 -0.232993 0
    outer loop
      vertex 59.5111 8.54079 8
      vertex 59.544 8.67811 2
      vertex 59.544 8.67811 8
    endloop
  endfacet
  facet normal 0.972479 -0.232993 0
    outer loop
      vertex 59.544 8.67811 2
      vertex 59.5111 8.54079 8
      vertex 59.5111 8.54079 2
    endloop
  endfacet
  facet normal 0.972482 0.232977 0
    outer loop
      vertex 59.544 8.12188 8
      vertex 59.5111 8.25921 2
      vertex 59.5111 8.25921 8
    endloop
  endfacet
  facet normal 0.972482 0.232977 0
    outer loop
      vertex 59.5111 8.25921 2
      vertex 59.544 8.12188 8
      vertex 59.544 8.12188 2
    endloop
  endfacet
  facet normal -0.522595 -0.852581 0
    outer loop
      vertex 60.8086 9.20191 2
      vertex 60.929 9.12811 8
      vertex 60.8086 9.20191 8
    endloop
  endfacet
  facet normal -0.522595 -0.852581 -0
    outer loop
      vertex 60.929 9.12811 8
      vertex 60.8086 9.20191 2
      vertex 60.929 9.12811 2
    endloop
  endfacet
  facet normal -0.233493 0.972358 0
    outer loop
      vertex 60.6781 7.54405 2
      vertex 60.5408 7.51108 8
      vertex 60.6781 7.54405 8
    endloop
  endfacet
  facet normal -0.233493 0.972358 0
    outer loop
      vertex 60.5408 7.51108 8
      vertex 60.6781 7.54405 2
      vertex 60.5408 7.51108 2
    endloop
  endfacet
  facet normal -0.996906 0.0785969 0
    outer loop
      vertex 61.2889 8.25921 2
      vertex 61.3 8.4 8
      vertex 61.3 8.4 2
    endloop
  endfacet
  facet normal -0.996906 0.0785969 0
    outer loop
      vertex 61.3 8.4 8
      vertex 61.2889 8.25921 2
      vertex 61.2889 8.25921 8
    endloop
  endfacet
  facet normal -0.760475 0.649367 0
    outer loop
      vertex 61.0364 7.7636 2
      vertex 61.1281 7.87099 8
      vertex 61.1281 7.87099 2
    endloop
  endfacet
  facet normal -0.760475 0.649367 0
    outer loop
      vertex 61.1281 7.87099 8
      vertex 61.0364 7.7636 2
      vertex 61.0364 7.7636 8
    endloop
  endfacet
  facet normal 0.85262 0.522532 0
    outer loop
      vertex 59.6719 7.87099 8
      vertex 59.5981 7.99141 2
      vertex 59.5981 7.99141 8
    endloop
  endfacet
  facet normal 0.85262 0.522532 0
    outer loop
      vertex 59.5981 7.99141 2
      vertex 59.6719 7.87099 8
      vertex 59.6719 7.87099 2
    endloop
  endfacet
  facet normal 0.996906 0.0785969 0
    outer loop
      vertex 59.5111 8.25921 8
      vertex 59.5 8.4 2
      vertex 59.5 8.4 8
    endloop
  endfacet
  facet normal 0.996906 0.0785969 0
    outer loop
      vertex 59.5 8.4 2
      vertex 59.5111 8.25921 8
      vertex 59.5111 8.25921 2
    endloop
  endfacet
  facet normal 0.0784506 0.996918 -0
    outer loop
      vertex 60.4 7.5 2
      vertex 60.2592 7.51108 8
      vertex 60.4 7.5 8
    endloop
  endfacet
  facet normal 0.0784506 0.996918 0
    outer loop
      vertex 60.2592 7.51108 8
      vertex 60.4 7.5 2
      vertex 60.2592 7.51108 2
    endloop
  endfacet
  facet normal -0.233493 -0.972358 0
    outer loop
      vertex 60.5408 9.28892 2
      vertex 60.6781 9.25595 8
      vertex 60.5408 9.28892 8
    endloop
  endfacet
  facet normal -0.233493 -0.972358 -0
    outer loop
      vertex 60.6781 9.25595 8
      vertex 60.5408 9.28892 2
      vertex 60.6781 9.25595 2
    endloop
  endfacet
  facet normal 0.522595 0.852581 -0
    outer loop
      vertex 59.9914 7.59809 2
      vertex 59.871 7.67189 8
      vertex 59.9914 7.59809 8
    endloop
  endfacet
  facet normal 0.522595 0.852581 0
    outer loop
      vertex 59.871 7.67189 8
      vertex 59.9914 7.59809 2
      vertex 59.871 7.67189 2
    endloop
  endfacet
  facet normal 0.382594 0.923917 -0
    outer loop
      vertex 60.1219 7.54405 2
      vertex 59.9914 7.59809 8
      vertex 60.1219 7.54405 8
    endloop
  endfacet
  facet normal 0.382594 0.923917 0
    outer loop
      vertex 59.9914 7.59809 8
      vertex 60.1219 7.54405 2
      vertex 59.9914 7.59809 2
    endloop
  endfacet
  facet normal 0.996906 -0.0785969 0
    outer loop
      vertex 59.5 8.4 8
      vertex 59.5111 8.54079 2
      vertex 59.5111 8.54079 8
    endloop
  endfacet
  facet normal 0.996906 -0.0785969 0
    outer loop
      vertex 59.5111 8.54079 2
      vertex 59.5 8.4 8
      vertex 59.5 8.4 2
    endloop
  endfacet
  facet normal 0.85262 -0.522532 0
    outer loop
      vertex 59.5981 8.80859 8
      vertex 59.6719 8.92901 2
      vertex 59.6719 8.92901 8
    endloop
  endfacet
  facet normal 0.85262 -0.522532 0
    outer loop
      vertex 59.6719 8.92901 2
      vertex 59.5981 8.80859 8
      vertex 59.5981 8.80859 2
    endloop
  endfacet
  facet normal -0.649373 0.76047 0
    outer loop
      vertex 61.0364 7.7636 2
      vertex 60.929 7.67189 8
      vertex 61.0364 7.7636 8
    endloop
  endfacet
  facet normal -0.649373 0.76047 0
    outer loop
      vertex 60.929 7.67189 8
      vertex 61.0364 7.7636 2
      vertex 60.929 7.67189 2
    endloop
  endfacet
  facet normal 0 -1 0
    outer loop
      vertex 63.2292 59.8 5
      vertex 66.8 59.8 8
      vertex 63.2292 59.8 8
    endloop
  endfacet
  facet normal 0 -1 0
    outer loop
      vertex 63.4555 59.8 4.47027
      vertex 66.8 59.8 8
      vertex 63.2292 59.8 5
    endloop
  endfacet
  facet normal 0 -1 0
    outer loop
      vertex 66.8 59.8 2
      vertex 63.4555 59.8 4.47027
      vertex 64.1883 59.8 2.75486
    endloop
  endfacet
  facet normal 0 -1 0
    outer loop
      vertex 66.8 59.8 2
      vertex 64.1883 59.8 2.75486
      vertex 64.408 59.8 2.22737
    endloop
  endfacet
  facet normal 0 -1 0
    outer loop
      vertex 66.8 59.8 2
      vertex 64.408 59.8 2.22737
      vertex 64.5028 59.8 2
    endloop
  endfacet
  facet normal 0 -1 0
    outer loop
      vertex 63.4555 59.8 4.47027
      vertex 66.8 59.8 2
      vertex 66.8 59.8 8
    endloop
  endfacet
  facet normal 0 1 0
    outer loop
      vertex 66.8 61 8
      vertex 63.2292 61 5
      vertex 63.2292 61 8
    endloop
  endfacet
  facet normal 0 1 0
    outer loop
      vertex 66.8 61 8
      vertex 63.4555 61 4.47027
      vertex 63.2292 61 5
    endloop
  endfacet
  facet normal 0 1 -0
    outer loop
      vertex 66.8 61 2
      vertex 63.4555 61 4.47027
      vertex 66.8 61 8
    endloop
  endfacet
  facet normal 0 1 0
    outer loop
      vertex 63.4555 61 4.47027
      vertex 66.8 61 2
      vertex 64.1883 61 2.75486
    endloop
  endfacet
  facet normal 0 1 0
    outer loop
      vertex 64.1883 61 2.75486
      vertex 66.8 61 2
      vertex 64.408 61 2.22737
    endloop
  endfacet
  facet normal 0 1 0
    outer loop
      vertex 64.408 61 2.22737
      vertex 66.8 61 2
      vertex 64.5028 61 2
    endloop
  endfacet
  facet normal 1 -0 0
    outer loop
      vertex 61 63.4555 4.47027
      vertex 61 66.8 2
      vertex 61 66.8 8
    endloop
  endfacet
  facet normal 1 0 0
    outer loop
      vertex 61 66.8 2
      vertex 61 64.408 2.22737
      vertex 61 64.5028 2
    endloop
  endfacet
  facet normal 1 0 0
    outer loop
      vertex 61 66.8 2
      vertex 61 64.1883 2.75486
      vertex 61 64.408 2.22737
    endloop
  endfacet
  facet normal 1 0 0
    outer loop
      vertex 61 66.8 2
      vertex 61 63.4555 4.47027
      vertex 61 64.1883 2.75486
    endloop
  endfacet
  facet normal 1 0 0
    outer loop
      vertex 61 63.2292 5
      vertex 61 66.8 8
      vertex 61 63.2292 8
    endloop
  endfacet
  facet normal 1 0 0
    outer loop
      vertex 61 66.8 8
      vertex 61 63.2292 5
      vertex 61 63.4555 4.47027
    endloop
  endfacet
  facet normal -1 0 0
    outer loop
      vertex 59.8 64.408 2.22737
      vertex 59.8 66.8 2
      vertex 59.8 64.5028 2
    endloop
  endfacet
  facet normal -1 0 0
    outer loop
      vertex 59.8 64.1883 2.75486
      vertex 59.8 66.8 2
      vertex 59.8 64.408 2.22737
    endloop
  endfacet
  facet normal -1 0 0
    outer loop
      vertex 59.8 63.4555 4.47027
      vertex 59.8 66.8 2
      vertex 59.8 64.1883 2.75486
    endloop
  endfacet
  facet normal -1 0 0
    outer loop
      vertex 59.8 66.8 2
      vertex 59.8 63.4555 4.47027
      vertex 59.8 66.8 8
    endloop
  endfacet
  facet normal -1 0 0
    outer loop
      vertex 59.8 63.2292 5
      vertex 59.8 66.8 8
      vertex 59.8 63.4555 4.47027
    endloop
  endfacet
  facet normal -1 -0 0
    outer loop
      vertex 59.8 66.8 8
      vertex 59.8 63.2292 5
      vertex 59.8 63.2292 8
    endloop
  endfacet
  facet normal -0.233485 0.97236 0
    outer loop
      vertex 59.8 63.2292 5
      vertex 59.5039 63.1581 8
      vertex 59.8 63.2292 8
    endloop
  endfacet
  facet normal -0.233485 0.97236 0
    outer loop
      vertex 59.5039 63.1581 8
      vertex 59.8 63.2292 5
      vertex 59.5039 63.1581 5
    endloop
  endfacet
  facet normal 0.522552 -0.852608 0
    outer loop
      vertex 61.7166 57.8161 5
      vertex 62.1046 58.0539 8
      vertex 61.7166 57.8161 8
    endloop
  endfacet
  facet normal 0.522552 -0.852608 0
    outer loop
      vertex 62.1046 58.0539 8
      vertex 61.7166 57.8161 5
      vertex 62.1046 58.0539 5
    endloop
  endfacet
  facet normal -0.649433 0.760419 0
    outer loop
      vertex 58.6954 62.7461 5
      vertex 58.3494 62.4506 8
      vertex 58.6954 62.7461 8
    endloop
  endfacet
  facet normal -0.649433 0.760419 0
    outer loop
      vertex 58.3494 62.4506 8
      vertex 58.6954 62.7461 5
      vertex 58.3494 62.4506 5
    endloop
  endfacet
  facet normal -0.233423 -0.972375 0
    outer loop
      vertex 59.5039 57.6419 5
      vertex 59.9463 57.5357 8
      vertex 59.5039 57.6419 8
    endloop
  endfacet
  facet normal -0.233423 -0.972375 -0
    outer loop
      vertex 59.9463 57.5357 8
      vertex 59.5039 57.6419 5
      vertex 59.9463 57.5357 5
    endloop
  endfacet
  facet normal 0.923829 0.382805 0
    outer loop
      vertex 63.1581 61.2962 8
      vertex 62.9839 61.7166 5
      vertex 62.9839 61.7166 8
    endloop
  endfacet
  facet normal 0.923829 0.382805 0
    outer loop
      vertex 62.9839 61.7166 5
      vertex 63.1581 61.2962 8
      vertex 63.1581 61.2962 5
    endloop
  endfacet
  facet normal -0.996919 0.0784439 0
    outer loop
      vertex 57.5 60.4 5
      vertex 57.5357 60.8537 8
      vertex 57.5357 60.8537 5
    endloop
  endfacet
  facet normal -0.996919 0.0784439 0
    outer loop
      vertex 57.5357 60.8537 8
      vertex 57.5 60.4 5
      vertex 57.5 60.4 8
    endloop
  endfacet
  facet normal 0.23341 0.972378 -0
    outer loop
      vertex 61.2962 63.1581 5
      vertex 61 63.2292 8
      vertex 61.2962 63.1581 8
    endloop
  endfacet
  facet normal 0.23341 0.972378 0
    outer loop
      vertex 61 63.2292 8
      vertex 61.2962 63.1581 5
      vertex 61 63.2292 5
    endloop
  endfacet
  facet normal 0.233373 -0.972387 0
    outer loop
      vertex 60.8537 57.5357 5
      vertex 61.2962 57.6419 8
      vertex 60.8537 57.5357 8
    endloop
  endfacet
  facet normal 0.233373 -0.972387 0
    outer loop
      vertex 61.2962 57.6419 8
      vertex 60.8537 57.5357 5
      vertex 61.2962 57.6419 5
    endloop
  endfacet
  facet normal -0.972387 0.233373 0
    outer loop
      vertex 57.5357 60.8537 5
      vertex 57.6419 61.2962 8
      vertex 57.6419 61.2962 5
    endloop
  endfacet
  facet normal -0.972387 0.233373 0
    outer loop
      vertex 57.6419 61.2962 8
      vertex 57.5357 60.8537 5
      vertex 57.5357 60.8537 8
    endloop
  endfacet
  facet normal 0.760419 -0.649433 0
    outer loop
      vertex 62.4506 58.3494 8
      vertex 62.7461 58.6954 5
      vertex 62.7461 58.6954 8
    endloop
  endfacet
  facet normal 0.760419 -0.649433 0
    outer loop
      vertex 62.7461 58.6954 5
      vertex 62.4506 58.3494 8
      vertex 62.4506 58.3494 5
    endloop
  endfacet
  facet normal 0.972378 0.23341 0
    outer loop
      vertex 63.2292 61 8
      vertex 63.1581 61.2962 5
      vertex 63.1581 61.2962 8
    endloop
  endfacet
  facet normal 0.972378 0.23341 0
    outer loop
      vertex 63.1581 61.2962 5
      vertex 63.2292 61 8
      vertex 63.2292 61 5
    endloop
  endfacet
  facet normal 0.923862 -0.382727 0
    outer loop
      vertex 62.9839 59.0834 8
      vertex 63.1581 59.5039 5
      vertex 63.1581 59.5039 8
    endloop
  endfacet
  facet normal 0.923862 -0.382727 0
    outer loop
      vertex 63.1581 59.5039 5
      vertex 62.9839 59.0834 8
      vertex 62.9839 59.0834 5
    endloop
  endfacet
  facet normal -0.972375 -0.233423 0
    outer loop
      vertex 57.6419 59.5039 5
      vertex 57.5357 59.9463 8
      vertex 57.5357 59.9463 5
    endloop
  endfacet
  facet normal -0.972375 -0.233423 0
    outer loop
      vertex 57.5357 59.9463 8
      vertex 57.6419 59.5039 5
      vertex 57.6419 59.5039 8
    endloop
  endfacet
  facet normal -0.382727 0.923862 0
    outer loop
      vertex 59.5039 63.1581 5
      vertex 59.0834 62.9839 8
      vertex 59.5039 63.1581 8
    endloop
  endfacet
  facet normal -0.382727 0.923862 0
    outer loop
      vertex 59.0834 62.9839 8
      vertex 59.5039 63.1581 5
      vertex 59.0834 62.9839 5
    endloop
  endfacet
  facet normal -0.923829 0.382805 0
    outer loop
      vertex 57.6419 61.2962 5
      vertex 57.8161 61.7166 8
      vertex 57.8161 61.7166 5
    endloop
  endfacet
  facet normal -0.923829 0.382805 0
    outer loop
      vertex 57.8161 61.7166 8
      vertex 57.6419 61.2962 5
      vertex 57.6419 61.2962 8
    endloop
  endfacet
  facet normal 0.649433 0.760419 -0
    outer loop
      vertex 62.4506 62.4506 5
      vertex 62.1046 62.7461 8
      vertex 62.4506 62.4506 8
    endloop
  endfacet
  facet normal 0.649433 0.760419 0
    outer loop
      vertex 62.1046 62.7461 8
      vertex 62.4506 62.4506 5
      vertex 62.1046 62.7461 5
    endloop
  endfacet
  facet normal -0.760419 0.649433 0
    outer loop
      vertex 58.0539 62.1046 5
      vertex 58.3494 62.4506 8
      vertex 58.3494 62.4506 5
    endloop
  endfacet
  facet normal -0.760419 0.649433 0
    outer loop
      vertex 58.3494 62.4506 8
      vertex 58.0539 62.1046 5
      vertex 58.0539 62.1046 8
    endloop
  endfacet
  facet normal -0.0784439 -0.996919 0
    outer loop
      vertex 59.9463 57.5357 5
      vertex 60.4 57.5 8
      vertex 59.9463 57.5357 8
    endloop
  endfacet
  facet normal -0.0784439 -0.996919 -0
    outer loop
      vertex 60.4 57.5 8
      vertex 59.9463 57.5357 5
      vertex 60.4 57.5 5
    endloop
  endfacet
  facet normal -0.760419 -0.649433 0
    outer loop
      vertex 58.3494 58.3494 5
      vertex 58.0539 58.6954 8
      vertex 58.0539 58.6954 5
    endloop
  endfacet
  facet normal -0.760419 -0.649433 0
    outer loop
      vertex 58.0539 58.6954 8
      vertex 58.3494 58.3494 5
      vertex 58.3494 58.3494 8
    endloop
  endfacet
  facet normal 0.382805 0.923829 -0
    outer loop
      vertex 61.7166 62.9839 5
      vertex 61.2962 63.1581 8
      vertex 61.7166 62.9839 8
    endloop
  endfacet
  facet normal 0.382805 0.923829 0
    outer loop
      vertex 61.2962 63.1581 8
      vertex 61.7166 62.9839 5
      vertex 61.2962 63.1581 5
    endloop
  endfacet
  facet normal 0.522552 0.852608 -0
    outer loop
      vertex 62.1046 62.7461 5
      vertex 61.7166 62.9839 8
      vertex 62.1046 62.7461 8
    endloop
  endfacet
  facet normal 0.522552 0.852608 0
    outer loop
      vertex 61.7166 62.9839 8
      vertex 62.1046 62.7461 5
      vertex 61.7166 62.9839 5
    endloop
  endfacet
  facet normal -0.996919 -0.0784439 0
    outer loop
      vertex 57.5357 59.9463 5
      vertex 57.5 60.4 8
      vertex 57.5 60.4 5
    endloop
  endfacet
  facet normal -0.996919 -0.0784439 0
    outer loop
      vertex 57.5 60.4 8
      vertex 57.5357 59.9463 5
      vertex 57.5357 59.9463 8
    endloop
  endfacet
  facet normal 0.649433 -0.760419 0
    outer loop
      vertex 62.1046 58.0539 5
      vertex 62.4506 58.3494 8
      vertex 62.1046 58.0539 8
    endloop
  endfacet
  facet normal 0.649433 -0.760419 0
    outer loop
      vertex 62.4506 58.3494 8
      vertex 62.1046 58.0539 5
      vertex 62.4506 58.3494 5
    endloop
  endfacet
  facet normal 0.760419 0.649433 0
    outer loop
      vertex 62.7461 62.1046 8
      vertex 62.4506 62.4506 5
      vertex 62.4506 62.4506 8
    endloop
  endfacet
  facet normal 0.760419 0.649433 0
    outer loop
      vertex 62.4506 62.4506 5
      vertex 62.7461 62.1046 8
      vertex 62.7461 62.1046 5
    endloop
  endfacet
  facet normal -0.522552 -0.852608 0
    outer loop
      vertex 58.6954 58.0539 5
      vertex 59.0834 57.8161 8
      vertex 58.6954 58.0539 8
    endloop
  endfacet
  facet normal -0.522552 -0.852608 -0
    outer loop
      vertex 59.0834 57.8161 8
      vertex 58.6954 58.0539 5
      vertex 59.0834 57.8161 5
    endloop
  endfacet
  facet normal -0.522552 0.852608 0
    outer loop
      vertex 59.0834 62.9839 5
      vertex 58.6954 62.7461 8
      vertex 59.0834 62.9839 8
    endloop
  endfacet
  facet normal -0.522552 0.852608 0
    outer loop
      vertex 58.6954 62.7461 8
      vertex 59.0834 62.9839 5
      vertex 58.6954 62.7461 5
    endloop
  endfacet
  facet normal 0.852608 -0.522552 0
    outer loop
      vertex 62.7461 58.6954 8
      vertex 62.9839 59.0834 5
      vertex 62.9839 59.0834 8
    endloop
  endfacet
  facet normal 0.852608 -0.522552 0
    outer loop
      vertex 62.9839 59.0834 5
      vertex 62.7461 58.6954 8
      vertex 62.7461 58.6954 5
    endloop
  endfacet
  facet normal -0.852608 -0.522552 0
    outer loop
      vertex 58.0539 58.6954 5
      vertex 57.8161 59.0834 8
      vertex 57.8161 59.0834 5
    endloop
  endfacet
  facet normal -0.852608 -0.522552 0
    outer loop
      vertex 57.8161 59.0834 8
      vertex 58.0539 58.6954 5
      vertex 58.0539 58.6954 8
    endloop
  endfacet
  facet normal 0.852608 0.522552 0
    outer loop
      vertex 62.9839 61.7166 8
      vertex 62.7461 62.1046 5
      vertex 62.7461 62.1046 8
    endloop
  endfacet
  facet normal 0.852608 0.522552 0
    outer loop
      vertex 62.7461 62.1046 5
      vertex 62.9839 61.7166 8
      vertex 62.9839 61.7166 5
    endloop
  endfacet
  facet normal -0.852608 0.522552 0
    outer loop
      vertex 57.8161 61.7166 5
      vertex 58.0539 62.1046 8
      vertex 58.0539 62.1046 5
    endloop
  endfacet
  facet normal -0.852608 0.522552 0
    outer loop
      vertex 58.0539 62.1046 8
      vertex 57.8161 61.7166 5
      vertex 57.8161 61.7166 8
    endloop
  endfacet
  facet normal 0.382805 -0.923829 0
    outer loop
      vertex 61.2962 57.6419 5
      vertex 61.7166 57.8161 8
      vertex 61.2962 57.6419 8
    endloop
  endfacet
  facet normal 0.382805 -0.923829 0
    outer loop
      vertex 61.7166 57.8161 8
      vertex 61.2962 57.6419 5
      vertex 61.7166 57.8161 5
    endloop
  endfacet
  facet normal 0.0784439 -0.996919 0
    outer loop
      vertex 60.4 57.5 5
      vertex 60.8537 57.5357 8
      vertex 60.4 57.5 8
    endloop
  endfacet
  facet normal 0.0784439 -0.996919 0
    outer loop
      vertex 60.8537 57.5357 8
      vertex 60.4 57.5 5
      vertex 60.8537 57.5357 5
    endloop
  endfacet
  facet normal -0.382727 -0.923862 0
    outer loop
      vertex 59.0834 57.8161 5
      vertex 59.5039 57.6419 8
      vertex 59.0834 57.8161 8
    endloop
  endfacet
  facet normal -0.382727 -0.923862 -0
    outer loop
      vertex 59.5039 57.6419 8
      vertex 59.0834 57.8161 5
      vertex 59.5039 57.6419 5
    endloop
  endfacet
  facet normal 0.97236 -0.233485 0
    outer loop
      vertex 63.1581 59.5039 8
      vertex 63.2292 59.8 5
      vertex 63.2292 59.8 8
    endloop
  endfacet
  facet normal 0.97236 -0.233485 0
    outer loop
      vertex 63.2292 59.8 5
      vertex 63.1581 59.5039 8
      vertex 63.1581 59.5039 5
    endloop
  endfacet
  facet normal -0.923862 -0.382727 0
    outer loop
      vertex 57.8161 59.0834 5
      vertex 57.6419 59.5039 8
      vertex 57.6419 59.5039 5
    endloop
  endfacet
  facet normal -0.923862 -0.382727 0
    outer loop
      vertex 57.6419 59.5039 8
      vertex 57.8161 59.0834 5
      vertex 57.8161 59.0834 8
    endloop
  endfacet
  facet normal -0.649433 -0.760419 0
    outer loop
      vertex 58.3494 58.3494 5
      vertex 58.6954 58.0539 8
      vertex 58.3494 58.3494 8
    endloop
  endfacet
  facet normal -0.649433 -0.760419 -0
    outer loop
      vertex 58.6954 58.0539 8
      vertex 58.3494 58.3494 5
      vertex 58.6954 58.0539 5
    endloop
  endfacet
  facet normal 0.920526 0.0729686 0.383806
    outer loop
      vertex 64.4989 61.0492 2
      vertex 64.408 61 2.22737
      vertex 64.5028 61 2
    endloop
  endfacet
  facet normal 0.4826 0.787362 0.383613
    outer loop
      vertex 62.2841 64.0977 2
      vertex 61.7166 62.9839 5
      vertex 62.8393 63.7574 2
    endloop
  endfacet
  facet normal -0.353448 0.853185 0.383601
    outer loop
      vertex 59.1176 64.3469 2
      vertex 59.0834 62.9839 5
      vertex 59.5039 63.1581 5
    endloop
  endfacet
  facet normal -0.353366 0.853213 0.383615
    outer loop
      vertex 59.1176 64.3469 2
      vertex 58.5159 64.0977 2
      vertex 59.0834 62.9839 5
    endloop
  endfacet
  facet normal -0.92065 -0.0724664 0.383604
    outer loop
      vertex 57.5 60.4 5
      vertex 56.25 60.4 2
      vertex 56.3011 59.7508 2
    endloop
  endfacet
  facet normal -0.215566 -0.897988 0.3836
    outer loop
      vertex 59.5039 57.6419 5
      vertex 59.1176 56.4531 2
      vertex 59.9463 57.5357 5
    endloop
  endfacet
  facet normal -0.4826 0.787362 0.383613
    outer loop
      vertex 58.5159 64.0977 2
      vertex 57.9607 63.7574 2
      vertex 59.0834 62.9839 5
    endloop
  endfacet
  facet normal -0.599729 -0.70226 0.383609
    outer loop
      vertex 58.3494 58.3494 5
      vertex 57.4655 57.4655 2
      vertex 57.9607 57.0426 2
    endloop
  endfacet
  facet normal 0.0724664 -0.92065 0.383604
    outer loop
      vertex 60.4 57.5 5
      vertex 60.4 56.25 2
      vertex 61.0492 56.3011 2
    endloop
  endfacet
  facet normal 0.920526 -0.0729686 0.383806
    outer loop
      vertex 64.5028 59.8 2
      vertex 64.408 59.8 2.22737
      vertex 64.4989 59.7508 2
    endloop
  endfacet
  facet normal 0.897972 0.215632 0.383601
    outer loop
      vertex 64.1883 61 2.75486
      vertex 64.3469 61.6824 2
      vertex 63.4555 61 4.47027
    endloop
  endfacet
  facet normal 0.898009 0.215567 0.383551
    outer loop
      vertex 64.3469 61.6824 2
      vertex 64.1883 61 2.75486
      vertex 64.4989 61.0492 2
    endloop
  endfacet
  facet normal -0.482574 -0.78738 0.383608
    outer loop
      vertex 58.6954 58.0539 5
      vertex 57.9607 57.0426 2
      vertex 59.0834 57.8161 5
    endloop
  endfacet
  facet normal -0.702245 0.599749 0.383605
    outer loop
      vertex 58.3494 62.4506 5
      vertex 57.0426 62.8393 2
      vertex 58.0539 62.1046 5
    endloop
  endfacet
  facet normal 0.482574 0.78738 0.383608
    outer loop
      vertex 62.8393 63.7574 2
      vertex 61.7166 62.9839 5
      vertex 62.1046 62.7461 5
    endloop
  endfacet
  facet normal -0.70226 0.599729 0.383609
    outer loop
      vertex 57.4655 63.3345 2
      vertex 57.0426 62.8393 2
      vertex 58.3494 62.4506 5
    endloop
  endfacet
  facet normal -0.0729686 0.920526 0.383806
    outer loop
      vertex 59.8 64.5028 2
      vertex 59.7508 64.4989 2
      vertex 59.8 64.408 2.22737
    endloop
  endfacet
  facet normal 0.89797 -0.215622 0.383612
    outer loop
      vertex 63.1581 59.5039 5
      vertex 63.4555 59.8 4.47027
      vertex 63.2292 59.8 5
    endloop
  endfacet
  facet normal 0.89797 -0.215638 0.383602
    outer loop
      vertex 63.4555 59.8 4.47027
      vertex 63.1581 59.5039 5
      vertex 64.3469 59.1176 2
    endloop
  endfacet
  facet normal 0.853185 -0.353448 0.383601
    outer loop
      vertex 63.1581 59.5039 5
      vertex 62.9839 59.0834 5
      vertex 64.3469 59.1176 2
    endloop
  endfacet
  facet normal -0.215567 0.898009 0.383551
    outer loop
      vertex 59.1176 64.3469 2
      vertex 59.8 64.1883 2.75486
      vertex 59.7508 64.4989 2
    endloop
  endfacet
  facet normal -0.215632 0.897972 0.383601
    outer loop
      vertex 59.8 64.1883 2.75486
      vertex 59.1176 64.3469 2
      vertex 59.8 63.4555 4.47027
    endloop
  endfacet
  facet normal -0.599749 0.702245 0.383605
    outer loop
      vertex 58.6954 62.7461 5
      vertex 57.9607 63.7574 2
      vertex 58.3494 62.4506 5
    endloop
  endfacet
  facet normal -0.897989 0.215563 0.3836
    outer loop
      vertex 56.4531 61.6824 2
      vertex 56.3011 61.0492 2
      vertex 57.5357 60.8537 5
    endloop
  endfacet
  facet normal -0.599749 -0.702245 0.383605
    outer loop
      vertex 58.3494 58.3494 5
      vertex 57.9607 57.0426 2
      vertex 58.6954 58.0539 5
    endloop
  endfacet
  facet normal -0.897989 -0.215563 0.3836
    outer loop
      vertex 57.5357 59.9463 5
      vertex 56.3011 59.7508 2
      vertex 56.4531 59.1176 2
    endloop
  endfacet
  facet normal -0.853185 -0.353448 0.383601
    outer loop
      vertex 57.6419 59.5039 5
      vertex 56.4531 59.1176 2
      vertex 57.8161 59.0834 5
    endloop
  endfacet
  facet normal 0.0711142 0.920794 0.383511
    outer loop
      vertex 61 64.408 2.22737
      vertex 61 64.1883 2.75486
      vertex 61.0492 64.4989 2
    endloop
  endfacet
  facet normal 0.353522 -0.85316 0.383589
    outer loop
      vertex 61.7166 57.8161 5
      vertex 61.2962 57.6419 5
      vertex 61.6824 56.4531 2
    endloop
  endfacet
  facet normal 0.853213 -0.353366 0.383615
    outer loop
      vertex 64.3469 59.1176 2
      vertex 62.9839 59.0834 5
      vertex 64.0977 58.5159 2
    endloop
  endfacet
  facet normal -0.599729 0.70226 0.383609
    outer loop
      vertex 57.9607 63.7574 2
      vertex 57.4655 63.3345 2
      vertex 58.3494 62.4506 5
    endloop
  endfacet
  facet normal -0.482574 0.78738 0.383608
    outer loop
      vertex 59.0834 62.9839 5
      vertex 57.9607 63.7574 2
      vertex 58.6954 62.7461 5
    endloop
  endfacet
  facet normal 0.853213 0.353366 0.383615
    outer loop
      vertex 64.0977 62.2841 2
      vertex 62.9839 61.7166 5
      vertex 64.3469 61.6824 2
    endloop
  endfacet
  facet normal -0.215622 0.89797 0.383612
    outer loop
      vertex 59.8 63.4555 4.47027
      vertex 59.5039 63.1581 5
      vertex 59.8 63.2292 5
    endloop
  endfacet
  facet normal -0.215638 0.89797 0.383602
    outer loop
      vertex 59.5039 63.1581 5
      vertex 59.8 63.4555 4.47027
      vertex 59.1176 64.3469 2
    endloop
  endfacet
  facet normal 0.599729 0.70226 0.383609
    outer loop
      vertex 62.8393 63.7574 2
      vertex 62.4506 62.4506 5
      vertex 63.3345 63.3345 2
    endloop
  endfacet
  facet normal -0.215563 -0.897989 0.3836
    outer loop
      vertex 59.9463 57.5357 5
      vertex 59.1176 56.4531 2
      vertex 59.7508 56.3011 2
    endloop
  endfacet
  facet normal -0.92065 0.0724664 0.383604
    outer loop
      vertex 56.3011 61.0492 2
      vertex 56.25 60.4 2
      vertex 57.5 60.4 5
    endloop
  endfacet
  facet normal -0.920653 0.0724429 0.3836
    outer loop
      vertex 57.5357 60.8537 5
      vertex 56.3011 61.0492 2
      vertex 57.5 60.4 5
    endloop
  endfacet
  facet normal -0.78738 -0.482574 0.383608
    outer loop
      vertex 57.8161 59.0834 5
      vertex 57.0426 57.9607 2
      vertex 58.0539 58.6954 5
    endloop
  endfacet
  facet normal -0.787362 0.4826 0.383613
    outer loop
      vertex 57.0426 62.8393 2
      vertex 56.7023 62.2841 2
      vertex 57.8161 61.7166 5
    endloop
  endfacet
  facet normal -0.853213 0.353366 0.383615
    outer loop
      vertex 56.7023 62.2841 2
      vertex 56.4531 61.6824 2
      vertex 57.8161 61.7166 5
    endloop
  endfacet
  facet normal 0.353366 0.853213 0.383615
    outer loop
      vertex 62.2841 64.0977 2
      vertex 61.6824 64.3469 2
      vertex 61.7166 62.9839 5
    endloop
  endfacet
  facet normal 0.215632 0.897972 0.383601
    outer loop
      vertex 61.6824 64.3469 2
      vertex 61 64.1883 2.75486
      vertex 61 63.4555 4.47027
    endloop
  endfacet
  facet normal 0.215567 0.898009 0.383551
    outer loop
      vertex 61 64.1883 2.75486
      vertex 61.6824 64.3469 2
      vertex 61.0492 64.4989 2
    endloop
  endfacet
  facet normal 0.215563 -0.897989 0.3836
    outer loop
      vertex 61.6824 56.4531 2
      vertex 60.8537 57.5357 5
      vertex 61.0492 56.3011 2
    endloop
  endfacet
  facet normal -0.353448 -0.853185 0.383601
    outer loop
      vertex 59.5039 57.6419 5
      vertex 59.0834 57.8161 5
      vertex 59.1176 56.4531 2
    endloop
  endfacet
  facet normal 0.215552 0.897984 0.383618
    outer loop
      vertex 61.2962 63.1581 5
      vertex 61 63.4555 4.47027
      vertex 61 63.2292 5
    endloop
  endfacet
  facet normal 0.215593 0.897984 0.383595
    outer loop
      vertex 61 63.4555 4.47027
      vertex 61.2962 63.1581 5
      vertex 61.6824 64.3469 2
    endloop
  endfacet
  facet normal -0.70226 -0.599729 0.383609
    outer loop
      vertex 58.3494 58.3494 5
      vertex 57.0426 57.9607 2
      vertex 57.4655 57.4655 2
    endloop
  endfacet
  facet normal -0.853213 -0.353366 0.383615
    outer loop
      vertex 57.8161 59.0834 5
      vertex 56.4531 59.1176 2
      vertex 56.7023 58.5159 2
    endloop
  endfacet
  facet normal 0.85316 0.353522 0.383589
    outer loop
      vertex 64.3469 61.6824 2
      vertex 62.9839 61.7166 5
      vertex 63.1581 61.2962 5
    endloop
  endfacet
  facet normal 0.599749 -0.702245 0.383605
    outer loop
      vertex 62.4506 58.3494 5
      vertex 62.1046 58.0539 5
      vertex 62.8393 57.0426 2
    endloop
  endfacet
  facet normal 0.897972 -0.215632 0.383601
    outer loop
      vertex 64.3469 59.1176 2
      vertex 64.1883 59.8 2.75486
      vertex 63.4555 59.8 4.47027
    endloop
  endfacet
  facet normal 0.898009 -0.215567 0.383551
    outer loop
      vertex 64.1883 59.8 2.75486
      vertex 64.3469 59.1176 2
      vertex 64.4989 59.7508 2
    endloop
  endfacet
  facet normal 0.920794 -0.0711142 0.383511
    outer loop
      vertex 64.408 59.8 2.22737
      vertex 64.1883 59.8 2.75486
      vertex 64.4989 59.7508 2
    endloop
  endfacet
  facet normal -0.920653 -0.0724429 0.3836
    outer loop
      vertex 57.5 60.4 5
      vertex 56.3011 59.7508 2
      vertex 57.5357 59.9463 5
    endloop
  endfacet
  facet normal 0.920794 0.0711142 0.383511
    outer loop
      vertex 64.4989 61.0492 2
      vertex 64.1883 61 2.75486
      vertex 64.408 61 2.22737
    endloop
  endfacet
  facet normal -0.0711142 0.920794 0.383511
    outer loop
      vertex 59.8 64.408 2.22737
      vertex 59.7508 64.4989 2
      vertex 59.8 64.1883 2.75486
    endloop
  endfacet
  facet normal 0.353366 -0.853213 0.383615
    outer loop
      vertex 61.7166 57.8161 5
      vertex 61.6824 56.4531 2
      vertex 62.2841 56.7023 2
    endloop
  endfacet
  facet normal 0.70226 -0.599729 0.383609
    outer loop
      vertex 63.7574 57.9607 2
      vertex 62.4506 58.3494 5
      vertex 63.3345 57.4655 2
    endloop
  endfacet
  facet normal 0.599749 0.702245 0.383605
    outer loop
      vertex 62.8393 63.7574 2
      vertex 62.1046 62.7461 5
      vertex 62.4506 62.4506 5
    endloop
  endfacet
  facet normal -0.898002 0.21552 0.383593
    outer loop
      vertex 57.6419 61.2962 5
      vertex 56.4531 61.6824 2
      vertex 57.5357 60.8537 5
    endloop
  endfacet
  facet normal 0.599729 -0.70226 0.383609
    outer loop
      vertex 63.3345 57.4655 2
      vertex 62.4506 58.3494 5
      vertex 62.8393 57.0426 2
    endloop
  endfacet
  facet normal 0.787362 -0.4826 0.383613
    outer loop
      vertex 64.0977 58.5159 2
      vertex 62.9839 59.0834 5
      vertex 63.7574 57.9607 2
    endloop
  endfacet
  facet normal 0.787362 0.4826 0.383613
    outer loop
      vertex 63.7574 62.8393 2
      vertex 62.9839 61.7166 5
      vertex 64.0977 62.2841 2
    endloop
  endfacet
  facet normal 0.70226 0.599729 0.383609
    outer loop
      vertex 63.3345 63.3345 2
      vertex 62.4506 62.4506 5
      vertex 63.7574 62.8393 2
    endloop
  endfacet
  facet normal 0.78738 -0.482574 0.383608
    outer loop
      vertex 62.9839 59.0834 5
      vertex 62.7461 58.6954 5
      vertex 63.7574 57.9607 2
    endloop
  endfacet
  facet normal 0.0729686 0.920526 0.383806
    outer loop
      vertex 61 64.5028 2
      vertex 61 64.408 2.22737
      vertex 61.0492 64.4989 2
    endloop
  endfacet
  facet normal 0.702245 -0.599749 0.383605
    outer loop
      vertex 62.7461 58.6954 5
      vertex 62.4506 58.3494 5
      vertex 63.7574 57.9607 2
    endloop
  endfacet
  facet normal -0.353366 -0.853213 0.383615
    outer loop
      vertex 59.0834 57.8161 5
      vertex 58.5159 56.7023 2
      vertex 59.1176 56.4531 2
    endloop
  endfacet
  facet normal -0.0724429 -0.920653 0.3836
    outer loop
      vertex 59.9463 57.5357 5
      vertex 59.7508 56.3011 2
      vertex 60.4 57.5 5
    endloop
  endfacet
  facet normal 0.0724429 -0.920653 0.3836
    outer loop
      vertex 60.8537 57.5357 5
      vertex 60.4 57.5 5
      vertex 61.0492 56.3011 2
    endloop
  endfacet
  facet normal -0.787362 -0.4826 0.383613
    outer loop
      vertex 57.8161 59.0834 5
      vertex 56.7023 58.5159 2
      vertex 57.0426 57.9607 2
    endloop
  endfacet
  facet normal 0.21552 -0.898002 0.383593
    outer loop
      vertex 61.2962 57.6419 5
      vertex 60.8537 57.5357 5
      vertex 61.6824 56.4531 2
    endloop
  endfacet
  facet normal 0.78738 0.482574 0.383608
    outer loop
      vertex 63.7574 62.8393 2
      vertex 62.7461 62.1046 5
      vertex 62.9839 61.7166 5
    endloop
  endfacet
  facet normal -0.78738 0.482574 0.383608
    outer loop
      vertex 58.0539 62.1046 5
      vertex 57.0426 62.8393 2
      vertex 57.8161 61.7166 5
    endloop
  endfacet
  facet normal -0.85316 0.353522 0.383589
    outer loop
      vertex 57.8161 61.7166 5
      vertex 56.4531 61.6824 2
      vertex 57.6419 61.2962 5
    endloop
  endfacet
  facet normal -0.0724664 -0.92065 0.383604
    outer loop
      vertex 60.4 57.5 5
      vertex 59.7508 56.3011 2
      vertex 60.4 56.25 2
    endloop
  endfacet
  facet normal 0.897984 0.215552 0.383618
    outer loop
      vertex 63.4555 61 4.47027
      vertex 63.1581 61.2962 5
      vertex 63.2292 61 5
    endloop
  endfacet
  facet normal 0.897984 0.215593 0.383595
    outer loop
      vertex 63.1581 61.2962 5
      vertex 63.4555 61 4.47027
      vertex 64.3469 61.6824 2
    endloop
  endfacet
  facet normal -0.702245 -0.599749 0.383605
    outer loop
      vertex 58.0539 58.6954 5
      vertex 57.0426 57.9607 2
      vertex 58.3494 58.3494 5
    endloop
  endfacet
  facet normal 0.702245 0.599749 0.383605
    outer loop
      vertex 63.7574 62.8393 2
      vertex 62.4506 62.4506 5
      vertex 62.7461 62.1046 5
    endloop
  endfacet
  facet normal 0.353522 0.85316 0.383589
    outer loop
      vertex 61.6824 64.3469 2
      vertex 61.2962 63.1581 5
      vertex 61.7166 62.9839 5
    endloop
  endfacet
  facet normal -0.897988 -0.215566 0.3836
    outer loop
      vertex 57.5357 59.9463 5
      vertex 56.4531 59.1176 2
      vertex 57.6419 59.5039 5
    endloop
  endfacet
  facet normal 0.482574 -0.78738 0.383608
    outer loop
      vertex 62.1046 58.0539 5
      vertex 61.7166 57.8161 5
      vertex 62.8393 57.0426 2
    endloop
  endfacet
  facet normal 0.4826 -0.787362 0.383613
    outer loop
      vertex 62.8393 57.0426 2
      vertex 61.7166 57.8161 5
      vertex 62.2841 56.7023 2
    endloop
  endfacet
  facet normal -0.4826 -0.787362 0.383613
    outer loop
      vertex 59.0834 57.8161 5
      vertex 57.9607 57.0426 2
      vertex 58.5159 56.7023 2
    endloop
  endfacet
  facet normal 0.923767 -0.382956 0
    outer loop
      vertex 59.544 60.6781 8
      vertex 59.5981 60.8086 2
      vertex 59.5981 60.8086 8
    endloop
  endfacet
  facet normal 0.923767 -0.382956 0
    outer loop
      vertex 59.5981 60.8086 2
      vertex 59.544 60.6781 8
      vertex 59.544 60.6781 2
    endloop
  endfacet
  facet normal -0.972471 -0.233025 0
    outer loop
      vertex 61.2889 60.5408 2
      vertex 61.256 60.6781 8
      vertex 61.256 60.6781 2
    endloop
  endfacet
  facet normal -0.972471 -0.233025 0
    outer loop
      vertex 61.256 60.6781 8
      vertex 61.2889 60.5408 2
      vertex 61.2889 60.5408 8
    endloop
  endfacet
  facet normal -0.996907 -0.0785914 0
    outer loop
      vertex 61.3 60.4 2
      vertex 61.2889 60.5408 8
      vertex 61.2889 60.5408 2
    endloop
  endfacet
  facet normal -0.996907 -0.0785914 0
    outer loop
      vertex 61.2889 60.5408 8
      vertex 61.3 60.4 2
      vertex 61.3 60.4 8
    endloop
  endfacet
  facet normal -0.923767 -0.382956 0
    outer loop
      vertex 61.256 60.6781 2
      vertex 61.2019 60.8086 8
      vertex 61.2019 60.8086 2
    endloop
  endfacet
  facet normal -0.923767 -0.382956 0
    outer loop
      vertex 61.2019 60.8086 8
      vertex 61.256 60.6781 2
      vertex 61.256 60.6781 8
    endloop
  endfacet
  facet normal -0.522595 0.852581 0
    outer loop
      vertex 60.929 59.6719 2
      vertex 60.8086 59.5981 8
      vertex 60.929 59.6719 8
    endloop
  endfacet
  facet normal -0.522595 0.852581 0
    outer loop
      vertex 60.8086 59.5981 8
      vertex 60.929 59.6719 2
      vertex 60.8086 59.5981 2
    endloop
  endfacet
  facet normal -0.972471 0.233025 0
    outer loop
      vertex 61.256 60.1219 2
      vertex 61.2889 60.2592 8
      vertex 61.2889 60.2592 2
    endloop
  endfacet
  facet normal -0.972471 0.233025 0
    outer loop
      vertex 61.2889 60.2592 8
      vertex 61.256 60.1219 2
      vertex 61.256 60.1219 8
    endloop
  endfacet
  facet normal -0.382956 0.923767 0
    outer loop
      vertex 60.8086 59.5981 2
      vertex 60.6781 59.544 8
      vertex 60.8086 59.5981 8
    endloop
  endfacet
  facet normal -0.382956 0.923767 0
    outer loop
      vertex 60.6781 59.544 8
      vertex 60.8086 59.5981 2
      vertex 60.6781 59.544 2
    endloop
  endfacet
  facet normal 0.382956 -0.923767 0
    outer loop
      vertex 59.9914 61.2019 2
      vertex 60.1219 61.256 8
      vertex 59.9914 61.2019 8
    endloop
  endfacet
  facet normal 0.382956 -0.923767 0
    outer loop
      vertex 60.1219 61.256 8
      vertex 59.9914 61.2019 2
      vertex 60.1219 61.256 2
    endloop
  endfacet
  facet normal 0.382956 0.923767 -0
    outer loop
      vertex 60.1219 59.544 2
      vertex 59.9914 59.5981 8
      vertex 60.1219 59.544 8
    endloop
  endfacet
  facet normal 0.382956 0.923767 0
    outer loop
      vertex 59.9914 59.5981 8
      vertex 60.1219 59.544 2
      vertex 59.9914 59.5981 2
    endloop
  endfacet
  facet normal 0.522595 -0.852581 0
    outer loop
      vertex 59.871 61.1281 2
      vertex 59.9914 61.2019 8
      vertex 59.871 61.1281 8
    endloop
  endfacet
  facet normal 0.522595 -0.852581 0
    outer loop
      vertex 59.9914 61.2019 8
      vertex 59.871 61.1281 2
      vertex 59.9914 61.2019 2
    endloop
  endfacet
  facet normal -0.649332 -0.760505 0
    outer loop
      vertex 60.929 61.1281 2
      vertex 61.0364 61.0364 8
      vertex 60.929 61.1281 8
    endloop
  endfacet
  facet normal -0.649332 -0.760505 -0
    outer loop
      vertex 61.0364 61.0364 8
      vertex 60.929 61.1281 2
      vertex 61.0364 61.0364 2
    endloop
  endfacet
  facet normal 0.233025 -0.972471 0
    outer loop
      vertex 60.1219 61.256 2
      vertex 60.2592 61.2889 8
      vertex 60.1219 61.256 8
    endloop
  endfacet
  facet normal 0.233025 -0.972471 0
    outer loop
      vertex 60.2592 61.2889 8
      vertex 60.1219 61.256 2
      vertex 60.2592 61.2889 2
    endloop
  endfacet
  facet normal 0.923767 0.382956 0
    outer loop
      vertex 59.5981 59.9914 8
      vertex 59.544 60.1219 2
      vertex 59.544 60.1219 8
    endloop
  endfacet
  facet normal 0.923767 0.382956 0
    outer loop
      vertex 59.544 60.1219 2
      vertex 59.5981 59.9914 8
      vertex 59.5981 59.9914 2
    endloop
  endfacet
  facet normal 0.0785914 -0.996907 0
    outer loop
      vertex 60.2592 61.2889 2
      vertex 60.4 61.3 8
      vertex 60.2592 61.2889 8
    endloop
  endfacet
  facet normal 0.0785914 -0.996907 0
    outer loop
      vertex 60.4 61.3 8
      vertex 60.2592 61.2889 2
      vertex 60.4 61.3 2
    endloop
  endfacet
  facet normal 0.233025 0.972471 -0
    outer loop
      vertex 60.2592 59.5111 2
      vertex 60.1219 59.544 8
      vertex 60.2592 59.5111 8
    endloop
  endfacet
  facet normal 0.233025 0.972471 0
    outer loop
      vertex 60.1219 59.544 8
      vertex 60.2592 59.5111 2
      vertex 60.1219 59.544 2
    endloop
  endfacet
  facet normal -0.923767 0.382956 0
    outer loop
      vertex 61.2019 59.9914 2
      vertex 61.256 60.1219 8
      vertex 61.256 60.1219 2
    endloop
  endfacet
  facet normal -0.923767 0.382956 0
    outer loop
      vertex 61.256 60.1219 8
      vertex 61.2019 59.9914 2
      vertex 61.2019 59.9914 8
    endloop
  endfacet
  facet normal 0.760505 0.649332 0
    outer loop
      vertex 59.7636 59.7636 8
      vertex 59.6719 59.871 2
      vertex 59.6719 59.871 8
    endloop
  endfacet
  facet normal 0.760505 0.649332 0
    outer loop
      vertex 59.6719 59.871 2
      vertex 59.7636 59.7636 8
      vertex 59.7636 59.7636 2
    endloop
  endfacet
  facet normal 0.649332 -0.760505 0
    outer loop
      vertex 59.7636 61.0364 2
      vertex 59.871 61.1281 8
      vertex 59.7636 61.0364 8
    endloop
  endfacet
  facet normal 0.649332 -0.760505 0
    outer loop
      vertex 59.871 61.1281 8
      vertex 59.7636 61.0364 2
      vertex 59.871 61.1281 2
    endloop
  endfacet
  facet normal -0.0785914 0.996907 0
    outer loop
      vertex 60.5408 59.5111 2
      vertex 60.4 59.5 8
      vertex 60.5408 59.5111 8
    endloop
  endfacet
  facet normal -0.0785914 0.996907 0
    outer loop
      vertex 60.4 59.5 8
      vertex 60.5408 59.5111 2
      vertex 60.4 59.5 2
    endloop
  endfacet
  facet normal 0.649332 0.760505 -0
    outer loop
      vertex 59.871 59.6719 2
      vertex 59.7636 59.7636 8
      vertex 59.871 59.6719 8
    endloop
  endfacet
  facet normal 0.649332 0.760505 0
    outer loop
      vertex 59.7636 59.7636 8
      vertex 59.871 59.6719 2
      vertex 59.7636 59.7636 2
    endloop
  endfacet
  facet normal -0.852581 0.522595 0
    outer loop
      vertex 61.1281 59.871 2
      vertex 61.2019 59.9914 8
      vertex 61.2019 59.9914 2
    endloop
  endfacet
  facet normal -0.852581 0.522595 0
    outer loop
      vertex 61.2019 59.9914 8
      vertex 61.1281 59.871 2
      vertex 61.1281 59.871 8
    endloop
  endfacet
  facet normal -0.852581 -0.522595 0
    outer loop
      vertex 61.2019 60.8086 2
      vertex 61.1281 60.929 8
      vertex 61.1281 60.929 2
    endloop
  endfacet
  facet normal -0.852581 -0.522595 0
    outer loop
      vertex 61.1281 60.929 8
      vertex 61.2019 60.8086 2
      vertex 61.2019 60.8086 8
    endloop
  endfacet
  facet normal -0.760505 -0.649332 0
    outer loop
      vertex 61.1281 60.929 2
      vertex 61.0364 61.0364 8
      vertex 61.0364 61.0364 2
    endloop
  endfacet
  facet normal -0.760505 -0.649332 0
    outer loop
      vertex 61.0364 61.0364 8
      vertex 61.1281 60.929 2
      vertex 61.1281 60.929 8
    endloop
  endfacet
  facet normal 0.760505 -0.649332 0
    outer loop
      vertex 59.6719 60.929 8
      vertex 59.7636 61.0364 2
      vertex 59.7636 61.0364 8
    endloop
  endfacet
  facet normal 0.760505 -0.649332 0
    outer loop
      vertex 59.7636 61.0364 2
      vertex 59.6719 60.929 8
      vertex 59.6719 60.929 2
    endloop
  endfacet
  facet normal -0.0785914 -0.996907 0
    outer loop
      vertex 60.4 61.3 2
      vertex 60.5408 61.2889 8
      vertex 60.4 61.3 8
    endloop
  endfacet
  facet normal -0.0785914 -0.996907 -0
    outer loop
      vertex 60.5408 61.2889 8
      vertex 60.4 61.3 2
      vertex 60.5408 61.2889 2
    endloop
  endfacet
  facet normal -0.382956 -0.923767 0
    outer loop
      vertex 60.6781 61.256 2
      vertex 60.8086 61.2019 8
      vertex 60.6781 61.256 8
    endloop
  endfacet
  facet normal -0.382956 -0.923767 -0
    outer loop
      vertex 60.8086 61.2019 8
      vertex 60.6781 61.256 2
      vertex 60.8086 61.2019 2
    endloop
  endfacet
  facet normal 0.972471 -0.233025 0
    outer loop
      vertex 59.5111 60.5408 8
      vertex 59.544 60.6781 2
      vertex 59.544 60.6781 8
    endloop
  endfacet
  facet normal 0.972471 -0.233025 0
    outer loop
      vertex 59.544 60.6781 2
      vertex 59.5111 60.5408 8
      vertex 59.5111 60.5408 2
    endloop
  endfacet
  facet normal 0.972471 0.233025 0
    outer loop
      vertex 59.544 60.1219 8
      vertex 59.5111 60.2592 2
      vertex 59.5111 60.2592 8
    endloop
  endfacet
  facet normal 0.972471 0.233025 0
    outer loop
      vertex 59.5111 60.2592 2
      vertex 59.544 60.1219 8
      vertex 59.544 60.1219 2
    endloop
  endfacet
  facet normal -0.522595 -0.852581 0
    outer loop
      vertex 60.8086 61.2019 2
      vertex 60.929 61.1281 8
      vertex 60.8086 61.2019 8
    endloop
  endfacet
  facet normal -0.522595 -0.852581 -0
    outer loop
      vertex 60.929 61.1281 8
      vertex 60.8086 61.2019 2
      vertex 60.929 61.1281 2
    endloop
  endfacet
  facet normal -0.233025 0.972471 0
    outer loop
      vertex 60.6781 59.544 2
      vertex 60.5408 59.5111 8
      vertex 60.6781 59.544 8
    endloop
  endfacet
  facet normal -0.233025 0.972471 0
    outer loop
      vertex 60.5408 59.5111 8
      vertex 60.6781 59.544 2
      vertex 60.5408 59.5111 2
    endloop
  endfacet
  facet normal -0.996907 0.0785914 0
    outer loop
      vertex 61.2889 60.2592 2
      vertex 61.3 60.4 8
      vertex 61.3 60.4 2
    endloop
  endfacet
  facet normal -0.996907 0.0785914 0
    outer loop
      vertex 61.3 60.4 8
      vertex 61.2889 60.2592 2
      vertex 61.2889 60.2592 8
    endloop
  endfacet
  facet normal -0.760505 0.649332 0
    outer loop
      vertex 61.0364 59.7636 2
      vertex 61.1281 59.871 8
      vertex 61.1281 59.871 2
    endloop
  endfacet
  facet normal -0.760505 0.649332 0
    outer loop
      vertex 61.1281 59.871 8
      vertex 61.0364 59.7636 2
      vertex 61.0364 59.7636 8
    endloop
  endfacet
  facet normal 0.852581 0.522595 0
    outer loop
      vertex 59.6719 59.871 8
      vertex 59.5981 59.9914 2
      vertex 59.5981 59.9914 8
    endloop
  endfacet
  facet normal 0.852581 0.522595 0
    outer loop
      vertex 59.5981 59.9914 2
      vertex 59.6719 59.871 8
      vertex 59.6719 59.871 2
    endloop
  endfacet
  facet normal 0.996907 0.0785914 0
    outer loop
      vertex 59.5111 60.2592 8
      vertex 59.5 60.4 2
      vertex 59.5 60.4 8
    endloop
  endfacet
  facet normal 0.996907 0.0785914 0
    outer loop
      vertex 59.5 60.4 2
      vertex 59.5111 60.2592 8
      vertex 59.5111 60.2592 2
    endloop
  endfacet
  facet normal 0.996907 -0.0785914 0
    outer loop
      vertex 59.5 60.4 8
      vertex 59.5111 60.5408 2
      vertex 59.5111 60.5408 8
    endloop
  endfacet
  facet normal 0.996907 -0.0785914 0
    outer loop
      vertex 59.5111 60.5408 2
      vertex 59.5 60.4 8
      vertex 59.5 60.4 2
    endloop
  endfacet
  facet normal 0.0785914 0.996907 -0
    outer loop
      vertex 60.4 59.5 2
      vertex 60.2592 59.5111 8
      vertex 60.4 59.5 8
    endloop
  endfacet
  facet normal 0.0785914 0.996907 0
    outer loop
      vertex 60.2592 59.5111 8
      vertex 60.4 59.5 2
      vertex 60.2592 59.5111 2
    endloop
  endfacet
  facet normal -0.233025 -0.972471 0
    outer loop
      vertex 60.5408 61.2889 2
      vertex 60.6781 61.256 8
      vertex 60.5408 61.2889 8
    endloop
  endfacet
  facet normal -0.233025 -0.972471 -0
    outer loop
      vertex 60.6781 61.256 8
      vertex 60.5408 61.2889 2
      vertex 60.6781 61.256 2
    endloop
  endfacet
  facet normal 0.522595 0.852581 -0
    outer loop
      vertex 59.9914 59.5981 2
      vertex 59.871 59.6719 8
      vertex 59.9914 59.5981 8
    endloop
  endfacet
  facet normal 0.522595 0.852581 0
    outer loop
      vertex 59.871 59.6719 8
      vertex 59.9914 59.5981 2
      vertex 59.871 59.6719 2
    endloop
  endfacet
  facet normal 0.852581 -0.522595 0
    outer loop
      vertex 59.5981 60.8086 8
      vertex 59.6719 60.929 2
      vertex 59.6719 60.929 8
    endloop
  endfacet
  facet normal 0.852581 -0.522595 0
    outer loop
      vertex 59.6719 60.929 2
      vertex 59.5981 60.8086 8
      vertex 59.5981 60.8086 2
    endloop
  endfacet
  facet normal -0.649332 0.760505 0
    outer loop
      vertex 61.0364 59.7636 2
      vertex 60.929 59.6719 8
      vertex 61.0364 59.7636 8
    endloop
  endfacet
  facet normal -0.649332 0.760505 0
    outer loop
      vertex 60.929 59.6719 8
      vertex 61.0364 59.7636 2
      vertex 60.929 59.6719 2
    endloop
  endfacet
  facet normal 1 -0 0
    outer loop
      vertex 57.4 0 10.05
      vertex 57.4 2 8
      vertex 57.4 2 10.05
    endloop
  endfacet
  facet normal 1 0 0
    outer loop
      vertex 57.4 2 8
      vertex 57.4 0 10.05
      vertex 57.4 0 8
    endloop
  endfacet
  facet normal -0 0 1
    outer loop
      vertex 11.4 2 10.05
      vertex 57.4 0 10.05
      vertex 57.4 2 10.05
    endloop
  endfacet
  facet normal 0 0 1
    outer loop
      vertex 57.4 0 10.05
      vertex 11.4 2 10.05
      vertex 11.4 0 10.05
    endloop
  endfacet
  facet normal -1 0 0
    outer loop
      vertex 11.4 0 8
      vertex 11.4 2 10.05
      vertex 11.4 2 8
    endloop
  endfacet
  facet normal -1 -0 0
    outer loop
      vertex 11.4 2 10.05
      vertex 11.4 0 8
      vertex 11.4 0 10.05
    endloop
  endfacet
endsolid OpenSCAD_Model
